key,dataset,seed,backbone,regime,family,delta,alpha,lambda,P,W,balanced,macro,worst,PLCC,RMSE,centered_PLCC,heldout
agiqa3k__rn50__split42,AGIQA-3K,42,RN50,core,cc_joint,0.0,10.0,10.0,0.8625496881268518,0.6284306952034225,0.7454901916651372,0.5702656195986952,0.23812586435439947,0.8800431278916285,0.5375965767849749,0.7095550740468414,
agiqa3k__rn50__split42,AGIQA-3K,42,RN50,core,ridge_matched,0.0,0.970873786407767,0.0,0.8655497870831056,0.6089286520401183,0.737239219561612,0.5367693445893752,0.15213686215539013,0.8929349328933924,0.475397913432318,0.6894336997675901,
agiqa3k__rn50__split42,AGIQA-3K,42,RN50,core,sample_joint,0.0,10.0,10.0,0.8653266238184051,0.6380291622987725,0.7516778930585888,0.5749207768524693,0.2489146864328466,0.8802987416165645,0.5333587173406809,0.7151188764506619,
agiqa3k__rn50__split42,AGIQA-3K,42,RN50,core,uncentered_joint,0.0,1.0,0.03,0.8653972286871134,0.6084062864839087,0.736901757585511,0.5360430635699616,0.15059330489826506,0.8929208217527115,0.4754412150342494,0.6892833363534717,
agiqa3k__rn50__split42,AGIQA-3K,42,RN50,core,cc_joint,0.005,10.0,10.0,0.8625496881268518,0.6284306952034225,0.7454901916651372,0.5702656195986952,0.23812586435439947,0.8800431278916285,0.5375965767849749,0.7095550740468414,
agiqa3k__rn50__split42,AGIQA-3K,42,RN50,core,ridge_matched,0.005,0.970873786407767,0.0,0.8655497870831056,0.6089286520401183,0.737239219561612,0.5367693445893752,0.15213686215539013,0.8929349328933924,0.475397913432318,0.6894336997675901,
agiqa3k__rn50__split42,AGIQA-3K,42,RN50,core,sample_joint,0.005,10.0,10.0,0.8653266238184051,0.6380291622987725,0.7516778930585888,0.5749207768524693,0.2489146864328466,0.8802987416165645,0.5333587173406809,0.7151188764506619,
agiqa3k__rn50__split42,AGIQA-3K,42,RN50,core,uncentered_joint,0.005,1.0,0.03,0.8653972286871134,0.6084062864839087,0.736901757585511,0.5360430635699616,0.15059330489826506,0.8929208217527115,0.4754412150342494,0.6892833363534717,
agiqa3k__rn50__split42,AGIQA-3K,42,RN50,core,cc_joint,0.01,10.0,10.0,0.8625496881268518,0.6284306952034225,0.7454901916651372,0.5702656195986952,0.23812586435439947,0.8800431278916285,0.5375965767849749,0.7095550740468414,
agiqa3k__rn50__split42,AGIQA-3K,42,RN50,core,ridge_matched,0.01,0.970873786407767,0.0,0.8655497870831056,0.6089286520401183,0.737239219561612,0.5367693445893752,0.15213686215539013,0.8929349328933924,0.475397913432318,0.6894336997675901,
agiqa3k__rn50__split42,AGIQA-3K,42,RN50,core,sample_joint,0.01,10.0,10.0,0.8653266238184051,0.6380291622987725,0.7516778930585888,0.5749207768524693,0.2489146864328466,0.8802987416165645,0.5333587173406809,0.7151188764506619,
agiqa3k__rn50__split42,AGIQA-3K,42,RN50,core,uncentered_joint,0.01,1.0,0.03,0.8653972286871134,0.6084062864839087,0.736901757585511,0.5360430635699616,0.15059330489826506,0.8929208217527115,0.4754412150342494,0.6892833363534717,
agiqa3k__rn50__split42,AGIQA-3K,42,RN50,core,cc_joint,0.02,10.0,10.0,0.8625496881268518,0.6284306952034225,0.7454901916651372,0.5702656195986952,0.23812586435439947,0.8800431278916285,0.5375965767849749,0.7095550740468414,
agiqa3k__rn50__split42,AGIQA-3K,42,RN50,core,ridge_matched,0.02,0.970873786407767,0.0,0.8655497870831056,0.6089286520401183,0.737239219561612,0.5367693445893752,0.15213686215539013,0.8929349328933924,0.475397913432318,0.6894336997675901,
agiqa3k__rn50__split42,AGIQA-3K,42,RN50,core,sample_joint,0.02,10.0,10.0,0.8653266238184051,0.6380291622987725,0.7516778930585888,0.5749207768524693,0.2489146864328466,0.8802987416165645,0.5333587173406809,0.7151188764506619,
agiqa3k__rn50__split42,AGIQA-3K,42,RN50,core,uncentered_joint,0.02,1.0,0.03,0.8653972286871134,0.6084062864839087,0.736901757585511,0.5360430635699616,0.15059330489826506,0.8929208217527115,0.4754412150342494,0.6892833363534717,
agiqa3k__rn50__split42,AGIQA-3K,42,RN50,core,cc_joint,0.05,10.0,10.0,0.8625496881268518,0.6284306952034225,0.7454901916651372,0.5702656195986952,0.23812586435439947,0.8800431278916285,0.5375965767849749,0.7095550740468414,
agiqa3k__rn50__split42,AGIQA-3K,42,RN50,core,ridge_matched,0.05,0.970873786407767,0.0,0.8655497870831056,0.6089286520401183,0.737239219561612,0.5367693445893752,0.15213686215539013,0.8929349328933924,0.475397913432318,0.6894336997675901,
agiqa3k__rn50__split42,AGIQA-3K,42,RN50,core,sample_joint,0.05,10.0,10.0,0.8653266238184051,0.6380291622987725,0.7516778930585888,0.5749207768524693,0.2489146864328466,0.8802987416165645,0.5333587173406809,0.7151188764506619,
agiqa3k__rn50__split42,AGIQA-3K,42,RN50,core,uncentered_joint,0.05,1.0,0.03,0.8653972286871134,0.6084062864839087,0.736901757585511,0.5360430635699616,0.15059330489826506,0.8929208217527115,0.4754412150342494,0.6892833363534717,
agiqa3k__rn50__split42__logo_AttnGAN,AGIQA-3K,42,RN50,logo,cc_joint,0.0,1.0,0.3,0.39379912426815683,0.39379912426815683,0.39379912426815683,0.39379912426815683,0.39379912426815683,0.44562073781148764,0.8302394883366003,0.4456207378114878,AttnGAN
agiqa3k__rn50__split42__logo_AttnGAN,AGIQA-3K,42,RN50,logo,ridge_matched,0.0,0.9900990099009901,0.0,0.4021626797013486,0.4021626797013486,0.4021626797013486,0.4021626797013486,0.4021626797013486,0.451011818888013,0.8228327660738726,0.451011818888013,AttnGAN
agiqa3k__rn50__split42__logo_AttnGAN,AGIQA-3K,42,RN50,logo,sample_joint,0.0,3.0,3.0,0.39590006894904944,0.39590006894904944,0.39590006894904944,0.39590006894904944,0.39590006894904944,0.44921511590994084,0.8544017004394663,0.44921511590994084,AttnGAN
agiqa3k__rn50__split42__logo_AttnGAN,AGIQA-3K,42,RN50,logo,uncentered_joint,0.0,1.0,0.3,0.39332822287416364,0.39332822287416364,0.39332822287416364,0.39332822287416364,0.39332822287416364,0.4448639497962266,0.8235833137590312,0.44486394979622657,AttnGAN
agiqa3k__rn50__split42__logo_AttnGAN,AGIQA-3K,42,RN50,logo,cc_joint,0.005,1.0,0.3,0.39379912426815683,0.39379912426815683,0.39379912426815683,0.39379912426815683,0.39379912426815683,0.44562073781148764,0.8302394883366003,0.4456207378114878,AttnGAN
agiqa3k__rn50__split42__logo_AttnGAN,AGIQA-3K,42,RN50,logo,ridge_matched,0.005,0.9900990099009901,0.0,0.4021626797013486,0.4021626797013486,0.4021626797013486,0.4021626797013486,0.4021626797013486,0.451011818888013,0.8228327660738726,0.451011818888013,AttnGAN
agiqa3k__rn50__split42__logo_AttnGAN,AGIQA-3K,42,RN50,logo,sample_joint,0.005,3.0,3.0,0.39590006894904944,0.39590006894904944,0.39590006894904944,0.39590006894904944,0.39590006894904944,0.44921511590994084,0.8544017004394663,0.44921511590994084,AttnGAN
agiqa3k__rn50__split42__logo_AttnGAN,AGIQA-3K,42,RN50,logo,uncentered_joint,0.005,1.0,0.3,0.39332822287416364,0.39332822287416364,0.39332822287416364,0.39332822287416364,0.39332822287416364,0.4448639497962266,0.8235833137590312,0.44486394979622657,AttnGAN
agiqa3k__rn50__split42__logo_AttnGAN,AGIQA-3K,42,RN50,logo,cc_joint,0.01,1.0,0.3,0.39379912426815683,0.39379912426815683,0.39379912426815683,0.39379912426815683,0.39379912426815683,0.44562073781148764,0.8302394883366003,0.4456207378114878,AttnGAN
agiqa3k__rn50__split42__logo_AttnGAN,AGIQA-3K,42,RN50,logo,ridge_matched,0.01,0.9900990099009901,0.0,0.4021626797013486,0.4021626797013486,0.4021626797013486,0.4021626797013486,0.4021626797013486,0.451011818888013,0.8228327660738726,0.451011818888013,AttnGAN
agiqa3k__rn50__split42__logo_AttnGAN,AGIQA-3K,42,RN50,logo,sample_joint,0.01,3.0,3.0,0.39590006894904944,0.39590006894904944,0.39590006894904944,0.39590006894904944,0.39590006894904944,0.44921511590994084,0.8544017004394663,0.44921511590994084,AttnGAN
agiqa3k__rn50__split42__logo_AttnGAN,AGIQA-3K,42,RN50,logo,uncentered_joint,0.01,1.0,0.3,0.39332822287416364,0.39332822287416364,0.39332822287416364,0.39332822287416364,0.39332822287416364,0.4448639497962266,0.8235833137590312,0.44486394979622657,AttnGAN
agiqa3k__rn50__split42__logo_AttnGAN,AGIQA-3K,42,RN50,logo,cc_joint,0.02,1.0,0.3,0.39379912426815683,0.39379912426815683,0.39379912426815683,0.39379912426815683,0.39379912426815683,0.44562073781148764,0.8302394883366003,0.4456207378114878,AttnGAN
agiqa3k__rn50__split42__logo_AttnGAN,AGIQA-3K,42,RN50,logo,ridge_matched,0.02,0.9900990099009901,0.0,0.4021626797013486,0.4021626797013486,0.4021626797013486,0.4021626797013486,0.4021626797013486,0.451011818888013,0.8228327660738726,0.451011818888013,AttnGAN
agiqa3k__rn50__split42__logo_AttnGAN,AGIQA-3K,42,RN50,logo,sample_joint,0.02,3.0,3.0,0.39590006894904944,0.39590006894904944,0.39590006894904944,0.39590006894904944,0.39590006894904944,0.44921511590994084,0.8544017004394663,0.44921511590994084,AttnGAN
agiqa3k__rn50__split42__logo_AttnGAN,AGIQA-3K,42,RN50,logo,uncentered_joint,0.02,1.0,0.3,0.39332822287416364,0.39332822287416364,0.39332822287416364,0.39332822287416364,0.39332822287416364,0.4448639497962266,0.8235833137590312,0.44486394979622657,AttnGAN
agiqa3k__rn50__split42__logo_AttnGAN,AGIQA-3K,42,RN50,logo,cc_joint,0.05,1.0,0.3,0.39379912426815683,0.39379912426815683,0.39379912426815683,0.39379912426815683,0.39379912426815683,0.44562073781148764,0.8302394883366003,0.4456207378114878,AttnGAN
agiqa3k__rn50__split42__logo_AttnGAN,AGIQA-3K,42,RN50,logo,ridge_matched,0.05,0.9900990099009901,0.0,0.4021626797013486,0.4021626797013486,0.4021626797013486,0.4021626797013486,0.4021626797013486,0.451011818888013,0.8228327660738726,0.451011818888013,AttnGAN
agiqa3k__rn50__split42__logo_AttnGAN,AGIQA-3K,42,RN50,logo,sample_joint,0.05,3.0,3.0,0.39590006894904944,0.39590006894904944,0.39590006894904944,0.39590006894904944,0.39590006894904944,0.44921511590994084,0.8544017004394663,0.44921511590994084,AttnGAN
agiqa3k__rn50__split42__logo_AttnGAN,AGIQA-3K,42,RN50,logo,uncentered_joint,0.05,1.0,0.3,0.39332822287416364,0.39332822287416364,0.39332822287416364,0.39332822287416364,0.39332822287416364,0.4448639497962266,0.8235833137590312,0.44486394979622657,AttnGAN
agiqa3k__rn50__split42__logo_DALLE2,AGIQA-3K,42,RN50,logo,cc_joint,0.0,10.0,10.0,0.5265045881681485,0.5265045881681485,0.5265045881681485,0.5265045881681485,0.5265045881681485,0.6014377386714278,0.5393258505148308,0.601437738671428,DALLE2
agiqa3k__rn50__split42__logo_DALLE2,AGIQA-3K,42,RN50,logo,ridge_matched,0.0,0.297029702970297,0.0,0.4968988932658419,0.4968988932658419,0.4968988932658419,0.4968988932658419,0.4968988932658419,0.5727508558313302,0.5490141167152577,0.5727508558313301,DALLE2
agiqa3k__rn50__split42__logo_DALLE2,AGIQA-3K,42,RN50,logo,sample_joint,0.0,30.0,30.0,0.5401162209382567,0.5401162209382567,0.5401162209382567,0.5401162209382567,0.5401162209382567,0.6046277478169071,0.540353654997898,0.6046277478169071,DALLE2
agiqa3k__rn50__split42__logo_DALLE2,AGIQA-3K,42,RN50,logo,uncentered_joint,0.0,3.0,1.0,0.4671696977914815,0.4671696977914815,0.4671696977914815,0.4671696977914815,0.4671696977914815,0.5490428084905288,0.5693278877098086,0.5490428084905289,DALLE2
agiqa3k__rn50__split42__logo_DALLE2,AGIQA-3K,42,RN50,logo,cc_joint,0.005,10.0,10.0,0.5265045881681485,0.5265045881681485,0.5265045881681485,0.5265045881681485,0.5265045881681485,0.6014377386714278,0.5393258505148308,0.601437738671428,DALLE2
agiqa3k__rn50__split42__logo_DALLE2,AGIQA-3K,42,RN50,logo,ridge_matched,0.005,0.297029702970297,0.0,0.4968988932658419,0.4968988932658419,0.4968988932658419,0.4968988932658419,0.4968988932658419,0.5727508558313302,0.5490141167152577,0.5727508558313301,DALLE2
agiqa3k__rn50__split42__logo_DALLE2,AGIQA-3K,42,RN50,logo,sample_joint,0.005,30.0,30.0,0.5401162209382567,0.5401162209382567,0.5401162209382567,0.5401162209382567,0.5401162209382567,0.6046277478169071,0.540353654997898,0.6046277478169071,DALLE2
agiqa3k__rn50__split42__logo_DALLE2,AGIQA-3K,42,RN50,logo,uncentered_joint,0.005,3.0,1.0,0.4671696977914815,0.4671696977914815,0.4671696977914815,0.4671696977914815,0.4671696977914815,0.5490428084905288,0.5693278877098086,0.5490428084905289,DALLE2
agiqa3k__rn50__split42__logo_DALLE2,AGIQA-3K,42,RN50,logo,cc_joint,0.01,10.0,10.0,0.5265045881681485,0.5265045881681485,0.5265045881681485,0.5265045881681485,0.5265045881681485,0.6014377386714278,0.5393258505148308,0.601437738671428,DALLE2
agiqa3k__rn50__split42__logo_DALLE2,AGIQA-3K,42,RN50,logo,ridge_matched,0.01,0.297029702970297,0.0,0.4968988932658419,0.4968988932658419,0.4968988932658419,0.4968988932658419,0.4968988932658419,0.5727508558313302,0.5490141167152577,0.5727508558313301,DALLE2
agiqa3k__rn50__split42__logo_DALLE2,AGIQA-3K,42,RN50,logo,sample_joint,0.01,30.0,30.0,0.5401162209382567,0.5401162209382567,0.5401162209382567,0.5401162209382567,0.5401162209382567,0.6046277478169071,0.540353654997898,0.6046277478169071,DALLE2
agiqa3k__rn50__split42__logo_DALLE2,AGIQA-3K,42,RN50,logo,uncentered_joint,0.01,3.0,1.0,0.4671696977914815,0.4671696977914815,0.4671696977914815,0.4671696977914815,0.4671696977914815,0.5490428084905288,0.5693278877098086,0.5490428084905289,DALLE2
agiqa3k__rn50__split42__logo_DALLE2,AGIQA-3K,42,RN50,logo,cc_joint,0.02,10.0,10.0,0.5265045881681485,0.5265045881681485,0.5265045881681485,0.5265045881681485,0.5265045881681485,0.6014377386714278,0.5393258505148308,0.601437738671428,DALLE2
agiqa3k__rn50__split42__logo_DALLE2,AGIQA-3K,42,RN50,logo,ridge_matched,0.02,0.297029702970297,0.0,0.4968988932658419,0.4968988932658419,0.4968988932658419,0.4968988932658419,0.4968988932658419,0.5727508558313302,0.5490141167152577,0.5727508558313301,DALLE2
agiqa3k__rn50__split42__logo_DALLE2,AGIQA-3K,42,RN50,logo,sample_joint,0.02,30.0,30.0,0.5401162209382567,0.5401162209382567,0.5401162209382567,0.5401162209382567,0.5401162209382567,0.6046277478169071,0.540353654997898,0.6046277478169071,DALLE2
agiqa3k__rn50__split42__logo_DALLE2,AGIQA-3K,42,RN50,logo,uncentered_joint,0.02,3.0,1.0,0.4671696977914815,0.4671696977914815,0.4671696977914815,0.4671696977914815,0.4671696977914815,0.5490428084905288,0.5693278877098086,0.5490428084905289,DALLE2
agiqa3k__rn50__split42__logo_DALLE2,AGIQA-3K,42,RN50,logo,cc_joint,0.05,10.0,10.0,0.5265045881681485,0.5265045881681485,0.5265045881681485,0.5265045881681485,0.5265045881681485,0.6014377386714278,0.5393258505148308,0.601437738671428,DALLE2
agiqa3k__rn50__split42__logo_DALLE2,AGIQA-3K,42,RN50,logo,ridge_matched,0.05,0.297029702970297,0.0,0.4968988932658419,0.4968988932658419,0.4968988932658419,0.4968988932658419,0.4968988932658419,0.5727508558313302,0.5490141167152577,0.5727508558313301,DALLE2
agiqa3k__rn50__split42__logo_DALLE2,AGIQA-3K,42,RN50,logo,sample_joint,0.05,30.0,30.0,0.5401162209382567,0.5401162209382567,0.5401162209382567,0.5401162209382567,0.5401162209382567,0.6046277478169071,0.540353654997898,0.6046277478169071,DALLE2
agiqa3k__rn50__split42__logo_DALLE2,AGIQA-3K,42,RN50,logo,uncentered_joint,0.05,3.0,1.0,0.4671696977914815,0.4671696977914815,0.4671696977914815,0.4671696977914815,0.4671696977914815,0.5490428084905288,0.5693278877098086,0.5490428084905289,DALLE2
agiqa3k__rn50__split42__logo_glide,AGIQA-3K,42,RN50,logo,cc_joint,0.0,3.0,1.0,0.7497147723494374,0.7497147723494374,0.7497147723494374,0.7497147723494374,0.7497147723494374,0.7533590147216918,0.6700507083424935,0.7533590147216918,glide
agiqa3k__rn50__split42__logo_glide,AGIQA-3K,42,RN50,logo,ridge_matched,0.0,0.7692307692307692,0.0,0.7412139432222237,0.7412139432222237,0.7412139432222237,0.7412139432222237,0.7412139432222237,0.7426660690604497,0.5950856444685536,0.7426660690604499,glide
agiqa3k__rn50__split42__logo_glide,AGIQA-3K,42,RN50,logo,sample_joint,0.0,10.0,10.0,0.7552813231770217,0.7552813231770217,0.7552813231770217,0.7552813231770217,0.7552813231770217,0.7592528470052793,0.7323461896535152,0.7592528470052793,glide
agiqa3k__rn50__split42__logo_glide,AGIQA-3K,42,RN50,logo,uncentered_joint,0.0,1.0,0.03,0.7410454955585521,0.7410454955585521,0.7410454955585521,0.7410454955585521,0.7410454955585521,0.7428682021155664,0.6098390848807782,0.7428682021155663,glide
agiqa3k__rn50__split42__logo_glide,AGIQA-3K,42,RN50,logo,cc_joint,0.005,3.0,1.0,0.7497147723494374,0.7497147723494374,0.7497147723494374,0.7497147723494374,0.7497147723494374,0.7533590147216918,0.6700507083424935,0.7533590147216918,glide
agiqa3k__rn50__split42__logo_glide,AGIQA-3K,42,RN50,logo,ridge_matched,0.005,0.7692307692307692,0.0,0.7412139432222237,0.7412139432222237,0.7412139432222237,0.7412139432222237,0.7412139432222237,0.7426660690604497,0.5950856444685536,0.7426660690604499,glide
agiqa3k__rn50__split42__logo_glide,AGIQA-3K,42,RN50,logo,sample_joint,0.005,10.0,10.0,0.7552813231770217,0.7552813231770217,0.7552813231770217,0.7552813231770217,0.7552813231770217,0.7592528470052793,0.7323461896535152,0.7592528470052793,glide
agiqa3k__rn50__split42__logo_glide,AGIQA-3K,42,RN50,logo,uncentered_joint,0.005,1.0,0.03,0.7410454955585521,0.7410454955585521,0.7410454955585521,0.7410454955585521,0.7410454955585521,0.7428682021155664,0.6098390848807782,0.7428682021155663,glide
agiqa3k__rn50__split42__logo_glide,AGIQA-3K,42,RN50,logo,cc_joint,0.01,3.0,1.0,0.7497147723494374,0.7497147723494374,0.7497147723494374,0.7497147723494374,0.7497147723494374,0.7533590147216918,0.6700507083424935,0.7533590147216918,glide
agiqa3k__rn50__split42__logo_glide,AGIQA-3K,42,RN50,logo,ridge_matched,0.01,0.7692307692307692,0.0,0.7412139432222237,0.7412139432222237,0.7412139432222237,0.7412139432222237,0.7412139432222237,0.7426660690604497,0.5950856444685536,0.7426660690604499,glide
agiqa3k__rn50__split42__logo_glide,AGIQA-3K,42,RN50,logo,sample_joint,0.01,10.0,10.0,0.7552813231770217,0.7552813231770217,0.7552813231770217,0.7552813231770217,0.7552813231770217,0.7592528470052793,0.7323461896535152,0.7592528470052793,glide
agiqa3k__rn50__split42__logo_glide,AGIQA-3K,42,RN50,logo,uncentered_joint,0.01,1.0,0.03,0.7410454955585521,0.7410454955585521,0.7410454955585521,0.7410454955585521,0.7410454955585521,0.7428682021155664,0.6098390848807782,0.7428682021155663,glide
agiqa3k__rn50__split42__logo_glide,AGIQA-3K,42,RN50,logo,cc_joint,0.02,3.0,1.0,0.7497147723494374,0.7497147723494374,0.7497147723494374,0.7497147723494374,0.7497147723494374,0.7533590147216918,0.6700507083424935,0.7533590147216918,glide
agiqa3k__rn50__split42__logo_glide,AGIQA-3K,42,RN50,logo,ridge_matched,0.02,0.7692307692307692,0.0,0.7412139432222237,0.7412139432222237,0.7412139432222237,0.7412139432222237,0.7412139432222237,0.7426660690604497,0.5950856444685536,0.7426660690604499,glide
agiqa3k__rn50__split42__logo_glide,AGIQA-3K,42,RN50,logo,sample_joint,0.02,10.0,10.0,0.7552813231770217,0.7552813231770217,0.7552813231770217,0.7552813231770217,0.7552813231770217,0.7592528470052793,0.7323461896535152,0.7592528470052793,glide
agiqa3k__rn50__split42__logo_glide,AGIQA-3K,42,RN50,logo,uncentered_joint,0.02,1.0,0.03,0.7410454955585521,0.7410454955585521,0.7410454955585521,0.7410454955585521,0.7410454955585521,0.7428682021155664,0.6098390848807782,0.7428682021155663,glide
agiqa3k__rn50__split42__logo_glide,AGIQA-3K,42,RN50,logo,cc_joint,0.05,3.0,1.0,0.7497147723494374,0.7497147723494374,0.7497147723494374,0.7497147723494374,0.7497147723494374,0.7533590147216918,0.6700507083424935,0.7533590147216918,glide
agiqa3k__rn50__split42__logo_glide,AGIQA-3K,42,RN50,logo,ridge_matched,0.05,0.7692307692307692,0.0,0.7412139432222237,0.7412139432222237,0.7412139432222237,0.7412139432222237,0.7412139432222237,0.7426660690604497,0.5950856444685536,0.7426660690604499,glide
agiqa3k__rn50__split42__logo_glide,AGIQA-3K,42,RN50,logo,sample_joint,0.05,10.0,10.0,0.7552813231770217,0.7552813231770217,0.7552813231770217,0.7552813231770217,0.7552813231770217,0.7592528470052793,0.7323461896535152,0.7592528470052793,glide
agiqa3k__rn50__split42__logo_glide,AGIQA-3K,42,RN50,logo,uncentered_joint,0.05,1.0,0.03,0.7410454955585521,0.7410454955585521,0.7410454955585521,0.7410454955585521,0.7410454955585521,0.7428682021155664,0.6098390848807782,0.7428682021155663,glide
agiqa3k__rn50__split42__logo_midjourney,AGIQA-3K,42,RN50,logo,cc_joint,0.0,10.0,10.0,0.8199166959270836,0.8199166959270836,0.8199166959270836,0.8199166959270836,0.8199166959270836,0.8281744279562923,0.6657793491389996,0.828174427956292,midjourney
agiqa3k__rn50__split42__logo_midjourney,AGIQA-3K,42,RN50,logo,ridge_matched,0.0,0.9900990099009901,0.0,0.8096061792177722,0.8096061792177722,0.8096061792177722,0.8096061792177722,0.8096061792177722,0.8226588096640643,0.5425969236903506,0.8226588096640646,midjourney
agiqa3k__rn50__split42__logo_midjourney,AGIQA-3K,42,RN50,logo,sample_joint,0.0,10.0,10.0,0.8204687476059574,0.8204687476059574,0.8204687476059574,0.8204687476059574,0.8204687476059574,0.8283703973062099,0.6707018010739448,0.8283703973062099,midjourney
agiqa3k__rn50__split42__logo_midjourney,AGIQA-3K,42,RN50,logo,uncentered_joint,0.0,1.0,0.0,0.8096446754743114,0.8096446754743114,0.8096446754743114,0.8096446754743114,0.8096446754743114,0.8226547757425928,0.5428082534817139,0.8226547757425928,midjourney
agiqa3k__rn50__split42__logo_midjourney,AGIQA-3K,42,RN50,logo,cc_joint,0.005,10.0,10.0,0.8199166959270836,0.8199166959270836,0.8199166959270836,0.8199166959270836,0.8199166959270836,0.8281744279562923,0.6657793491389996,0.828174427956292,midjourney
agiqa3k__rn50__split42__logo_midjourney,AGIQA-3K,42,RN50,logo,ridge_matched,0.005,0.9900990099009901,0.0,0.8096061792177722,0.8096061792177722,0.8096061792177722,0.8096061792177722,0.8096061792177722,0.8226588096640643,0.5425969236903506,0.8226588096640646,midjourney
agiqa3k__rn50__split42__logo_midjourney,AGIQA-3K,42,RN50,logo,sample_joint,0.005,10.0,10.0,0.8204687476059574,0.8204687476059574,0.8204687476059574,0.8204687476059574,0.8204687476059574,0.8283703973062099,0.6707018010739448,0.8283703973062099,midjourney
agiqa3k__rn50__split42__logo_midjourney,AGIQA-3K,42,RN50,logo,uncentered_joint,0.005,1.0,0.0,0.8096446754743114,0.8096446754743114,0.8096446754743114,0.8096446754743114,0.8096446754743114,0.8226547757425928,0.5428082534817139,0.8226547757425928,midjourney
agiqa3k__rn50__split42__logo_midjourney,AGIQA-3K,42,RN50,logo,cc_joint,0.01,10.0,10.0,0.8199166959270836,0.8199166959270836,0.8199166959270836,0.8199166959270836,0.8199166959270836,0.8281744279562923,0.6657793491389996,0.828174427956292,midjourney
agiqa3k__rn50__split42__logo_midjourney,AGIQA-3K,42,RN50,logo,ridge_matched,0.01,0.9900990099009901,0.0,0.8096061792177722,0.8096061792177722,0.8096061792177722,0.8096061792177722,0.8096061792177722,0.8226588096640643,0.5425969236903506,0.8226588096640646,midjourney
agiqa3k__rn50__split42__logo_midjourney,AGIQA-3K,42,RN50,logo,sample_joint,0.01,10.0,10.0,0.8204687476059574,0.8204687476059574,0.8204687476059574,0.8204687476059574,0.8204687476059574,0.8283703973062099,0.6707018010739448,0.8283703973062099,midjourney
agiqa3k__rn50__split42__logo_midjourney,AGIQA-3K,42,RN50,logo,uncentered_joint,0.01,1.0,0.0,0.8096446754743114,0.8096446754743114,0.8096446754743114,0.8096446754743114,0.8096446754743114,0.8226547757425928,0.5428082534817139,0.8226547757425928,midjourney
agiqa3k__rn50__split42__logo_midjourney,AGIQA-3K,42,RN50,logo,cc_joint,0.02,10.0,10.0,0.8199166959270836,0.8199166959270836,0.8199166959270836,0.8199166959270836,0.8199166959270836,0.8281744279562923,0.6657793491389996,0.828174427956292,midjourney
agiqa3k__rn50__split42__logo_midjourney,AGIQA-3K,42,RN50,logo,ridge_matched,0.02,0.9900990099009901,0.0,0.8096061792177722,0.8096061792177722,0.8096061792177722,0.8096061792177722,0.8096061792177722,0.8226588096640643,0.5425969236903506,0.8226588096640646,midjourney
agiqa3k__rn50__split42__logo_midjourney,AGIQA-3K,42,RN50,logo,sample_joint,0.02,10.0,10.0,0.8204687476059574,0.8204687476059574,0.8204687476059574,0.8204687476059574,0.8204687476059574,0.8283703973062099,0.6707018010739448,0.8283703973062099,midjourney
agiqa3k__rn50__split42__logo_midjourney,AGIQA-3K,42,RN50,logo,uncentered_joint,0.02,1.0,0.0,0.8096446754743114,0.8096446754743114,0.8096446754743114,0.8096446754743114,0.8096446754743114,0.8226547757425928,0.5428082534817139,0.8226547757425928,midjourney
agiqa3k__rn50__split42__logo_midjourney,AGIQA-3K,42,RN50,logo,cc_joint,0.05,10.0,10.0,0.8199166959270836,0.8199166959270836,0.8199166959270836,0.8199166959270836,0.8199166959270836,0.8281744279562923,0.6657793491389996,0.828174427956292,midjourney
agiqa3k__rn50__split42__logo_midjourney,AGIQA-3K,42,RN50,logo,ridge_matched,0.05,0.9900990099009901,0.0,0.8096061792177722,0.8096061792177722,0.8096061792177722,0.8096061792177722,0.8096061792177722,0.8226588096640643,0.5425969236903506,0.8226588096640646,midjourney
agiqa3k__rn50__split42__logo_midjourney,AGIQA-3K,42,RN50,logo,sample_joint,0.05,10.0,10.0,0.8204687476059574,0.8204687476059574,0.8204687476059574,0.8204687476059574,0.8204687476059574,0.8283703973062099,0.6707018010739448,0.8283703973062099,midjourney
agiqa3k__rn50__split42__logo_midjourney,AGIQA-3K,42,RN50,logo,uncentered_joint,0.05,1.0,0.0,0.8096446754743114,0.8096446754743114,0.8096446754743114,0.8096446754743114,0.8096446754743114,0.8226547757425928,0.5428082534817139,0.8226547757425928,midjourney
agiqa3k__rn50__split42__logo_sd1_5,AGIQA-3K,42,RN50,logo,cc_joint,0.0,100.0,100.0,0.5040666074989841,0.5040666074989841,0.5040666074989841,0.5040666074989841,0.5040666074989841,0.701032134626808,0.5464117230931657,0.7010321346268078,sd1.5
agiqa3k__rn50__split42__logo_sd1_5,AGIQA-3K,42,RN50,logo,ridge_matched,0.0,0.75,0.0,0.49461959704537134,0.49461959704537134,0.49461959704537134,0.49461959704537134,0.49461959704537134,0.6928275970372948,0.526741202512847,0.6928275970372948,sd1.5
agiqa3k__rn50__split42__logo_sd1_5,AGIQA-3K,42,RN50,logo,sample_joint,0.0,100.0,100.0,0.5044685150068374,0.5044685150068374,0.5044685150068374,0.5044685150068374,0.5044685150068374,0.7023978588648183,0.5422009406025411,0.7023978588648185,sd1.5
agiqa3k__rn50__split42__logo_sd1_5,AGIQA-3K,42,RN50,logo,uncentered_joint,0.0,1.0,0.3,0.4933597300492381,0.4933597300492381,0.4933597300492381,0.4933597300492381,0.4933597300492381,0.6921747749356532,0.5269764465753239,0.6921747749356532,sd1.5
agiqa3k__rn50__split42__logo_sd1_5,AGIQA-3K,42,RN50,logo,cc_joint,0.005,100.0,100.0,0.5040666074989841,0.5040666074989841,0.5040666074989841,0.5040666074989841,0.5040666074989841,0.701032134626808,0.5464117230931657,0.7010321346268078,sd1.5
agiqa3k__rn50__split42__logo_sd1_5,AGIQA-3K,42,RN50,logo,ridge_matched,0.005,0.75,0.0,0.49461959704537134,0.49461959704537134,0.49461959704537134,0.49461959704537134,0.49461959704537134,0.6928275970372948,0.526741202512847,0.6928275970372948,sd1.5
agiqa3k__rn50__split42__logo_sd1_5,AGIQA-3K,42,RN50,logo,sample_joint,0.005,100.0,100.0,0.5044685150068374,0.5044685150068374,0.5044685150068374,0.5044685150068374,0.5044685150068374,0.7023978588648183,0.5422009406025411,0.7023978588648185,sd1.5
agiqa3k__rn50__split42__logo_sd1_5,AGIQA-3K,42,RN50,logo,uncentered_joint,0.005,1.0,0.3,0.4933597300492381,0.4933597300492381,0.4933597300492381,0.4933597300492381,0.4933597300492381,0.6921747749356532,0.5269764465753239,0.6921747749356532,sd1.5
agiqa3k__rn50__split42__logo_sd1_5,AGIQA-3K,42,RN50,logo,cc_joint,0.01,100.0,100.0,0.5040666074989841,0.5040666074989841,0.5040666074989841,0.5040666074989841,0.5040666074989841,0.701032134626808,0.5464117230931657,0.7010321346268078,sd1.5
agiqa3k__rn50__split42__logo_sd1_5,AGIQA-3K,42,RN50,logo,ridge_matched,0.01,0.75,0.0,0.49461959704537134,0.49461959704537134,0.49461959704537134,0.49461959704537134,0.49461959704537134,0.6928275970372948,0.526741202512847,0.6928275970372948,sd1.5
agiqa3k__rn50__split42__logo_sd1_5,AGIQA-3K,42,RN50,logo,sample_joint,0.01,100.0,100.0,0.5044685150068374,0.5044685150068374,0.5044685150068374,0.5044685150068374,0.5044685150068374,0.7023978588648183,0.5422009406025411,0.7023978588648185,sd1.5
agiqa3k__rn50__split42__logo_sd1_5,AGIQA-3K,42,RN50,logo,uncentered_joint,0.01,1.0,0.3,0.4933597300492381,0.4933597300492381,0.4933597300492381,0.4933597300492381,0.4933597300492381,0.6921747749356532,0.5269764465753239,0.6921747749356532,sd1.5
agiqa3k__rn50__split42__logo_sd1_5,AGIQA-3K,42,RN50,logo,cc_joint,0.02,100.0,100.0,0.5040666074989841,0.5040666074989841,0.5040666074989841,0.5040666074989841,0.5040666074989841,0.701032134626808,0.5464117230931657,0.7010321346268078,sd1.5
agiqa3k__rn50__split42__logo_sd1_5,AGIQA-3K,42,RN50,logo,ridge_matched,0.02,0.75,0.0,0.49461959704537134,0.49461959704537134,0.49461959704537134,0.49461959704537134,0.49461959704537134,0.6928275970372948,0.526741202512847,0.6928275970372948,sd1.5
agiqa3k__rn50__split42__logo_sd1_5,AGIQA-3K,42,RN50,logo,sample_joint,0.02,100.0,100.0,0.5044685150068374,0.5044685150068374,0.5044685150068374,0.5044685150068374,0.5044685150068374,0.7023978588648183,0.5422009406025411,0.7023978588648185,sd1.5
agiqa3k__rn50__split42__logo_sd1_5,AGIQA-3K,42,RN50,logo,uncentered_joint,0.02,1.0,0.3,0.4933597300492381,0.4933597300492381,0.4933597300492381,0.4933597300492381,0.4933597300492381,0.6921747749356532,0.5269764465753239,0.6921747749356532,sd1.5
agiqa3k__rn50__split42__logo_sd1_5,AGIQA-3K,42,RN50,logo,cc_joint,0.05,100.0,100.0,0.5040666074989841,0.5040666074989841,0.5040666074989841,0.5040666074989841,0.5040666074989841,0.701032134626808,0.5464117230931657,0.7010321346268078,sd1.5
agiqa3k__rn50__split42__logo_sd1_5,AGIQA-3K,42,RN50,logo,ridge_matched,0.05,0.75,0.0,0.49461959704537134,0.49461959704537134,0.49461959704537134,0.49461959704537134,0.49461959704537134,0.6928275970372948,0.526741202512847,0.6928275970372948,sd1.5
agiqa3k__rn50__split42__logo_sd1_5,AGIQA-3K,42,RN50,logo,sample_joint,0.05,100.0,100.0,0.5044685150068374,0.5044685150068374,0.5044685150068374,0.5044685150068374,0.5044685150068374,0.7023978588648183,0.5422009406025411,0.7023978588648185,sd1.5
agiqa3k__rn50__split42__logo_sd1_5,AGIQA-3K,42,RN50,logo,uncentered_joint,0.05,1.0,0.3,0.4933597300492381,0.4933597300492381,0.4933597300492381,0.4933597300492381,0.4933597300492381,0.6921747749356532,0.5269764465753239,0.6921747749356532,sd1.5
agiqa3k__rn50__split42__logo_xl2_2,AGIQA-3K,42,RN50,logo,cc_joint,0.0,3.0,3.0,0.5210974172796011,0.5210974172796011,0.5210974172796011,0.5210974172796011,0.5210974172796011,0.5961160287000654,0.4112808299455954,0.5961160287000654,xl2.2
agiqa3k__rn50__split42__logo_xl2_2,AGIQA-3K,42,RN50,logo,ridge_matched,0.0,0.5,0.0,0.4861342813407106,0.4861342813407106,0.4861342813407106,0.4861342813407106,0.4861342813407106,0.5687257591730495,0.40566147411352,0.5687257591730495,xl2.2
agiqa3k__rn50__split42__logo_xl2_2,AGIQA-3K,42,RN50,logo,sample_joint,0.0,10.0,10.0,0.5199582836389153,0.5199582836389153,0.5199582836389153,0.5199582836389153,0.5199582836389153,0.5998658564553534,0.44745118622724234,0.5998658564553535,xl2.2
agiqa3k__rn50__split42__logo_xl2_2,AGIQA-3K,42,RN50,logo,uncentered_joint,0.0,1.0,0.03,0.49645070759930626,0.49645070759930626,0.49645070759930626,0.49645070759930626,0.49645070759930626,0.5782704969861917,0.3994767772171349,0.5782704969861919,xl2.2
agiqa3k__rn50__split42__logo_xl2_2,AGIQA-3K,42,RN50,logo,cc_joint,0.005,3.0,3.0,0.5210974172796011,0.5210974172796011,0.5210974172796011,0.5210974172796011,0.5210974172796011,0.5961160287000654,0.4112808299455954,0.5961160287000654,xl2.2
agiqa3k__rn50__split42__logo_xl2_2,AGIQA-3K,42,RN50,logo,ridge_matched,0.005,0.5,0.0,0.4861342813407106,0.4861342813407106,0.4861342813407106,0.4861342813407106,0.4861342813407106,0.5687257591730495,0.40566147411352,0.5687257591730495,xl2.2
agiqa3k__rn50__split42__logo_xl2_2,AGIQA-3K,42,RN50,logo,sample_joint,0.005,10.0,10.0,0.5199582836389153,0.5199582836389153,0.5199582836389153,0.5199582836389153,0.5199582836389153,0.5998658564553534,0.44745118622724234,0.5998658564553535,xl2.2
agiqa3k__rn50__split42__logo_xl2_2,AGIQA-3K,42,RN50,logo,uncentered_joint,0.005,1.0,0.03,0.49645070759930626,0.49645070759930626,0.49645070759930626,0.49645070759930626,0.49645070759930626,0.5782704969861917,0.3994767772171349,0.5782704969861919,xl2.2
agiqa3k__rn50__split42__logo_xl2_2,AGIQA-3K,42,RN50,logo,cc_joint,0.01,3.0,3.0,0.5210974172796011,0.5210974172796011,0.5210974172796011,0.5210974172796011,0.5210974172796011,0.5961160287000654,0.4112808299455954,0.5961160287000654,xl2.2
agiqa3k__rn50__split42__logo_xl2_2,AGIQA-3K,42,RN50,logo,ridge_matched,0.01,0.5,0.0,0.4861342813407106,0.4861342813407106,0.4861342813407106,0.4861342813407106,0.4861342813407106,0.5687257591730495,0.40566147411352,0.5687257591730495,xl2.2
agiqa3k__rn50__split42__logo_xl2_2,AGIQA-3K,42,RN50,logo,sample_joint,0.01,10.0,10.0,0.5199582836389153,0.5199582836389153,0.5199582836389153,0.5199582836389153,0.5199582836389153,0.5998658564553534,0.44745118622724234,0.5998658564553535,xl2.2
agiqa3k__rn50__split42__logo_xl2_2,AGIQA-3K,42,RN50,logo,uncentered_joint,0.01,1.0,0.03,0.49645070759930626,0.49645070759930626,0.49645070759930626,0.49645070759930626,0.49645070759930626,0.5782704969861917,0.3994767772171349,0.5782704969861919,xl2.2
agiqa3k__rn50__split42__logo_xl2_2,AGIQA-3K,42,RN50,logo,cc_joint,0.02,3.0,3.0,0.5210974172796011,0.5210974172796011,0.5210974172796011,0.5210974172796011,0.5210974172796011,0.5961160287000654,0.4112808299455954,0.5961160287000654,xl2.2
agiqa3k__rn50__split42__logo_xl2_2,AGIQA-3K,42,RN50,logo,ridge_matched,0.02,0.5,0.0,0.4861342813407106,0.4861342813407106,0.4861342813407106,0.4861342813407106,0.4861342813407106,0.5687257591730495,0.40566147411352,0.5687257591730495,xl2.2
agiqa3k__rn50__split42__logo_xl2_2,AGIQA-3K,42,RN50,logo,sample_joint,0.02,10.0,10.0,0.5199582836389153,0.5199582836389153,0.5199582836389153,0.5199582836389153,0.5199582836389153,0.5998658564553534,0.44745118622724234,0.5998658564553535,xl2.2
agiqa3k__rn50__split42__logo_xl2_2,AGIQA-3K,42,RN50,logo,uncentered_joint,0.02,1.0,0.03,0.49645070759930626,0.49645070759930626,0.49645070759930626,0.49645070759930626,0.49645070759930626,0.5782704969861917,0.3994767772171349,0.5782704969861919,xl2.2
agiqa3k__rn50__split42__logo_xl2_2,AGIQA-3K,42,RN50,logo,cc_joint,0.05,3.0,3.0,0.5210974172796011,0.5210974172796011,0.5210974172796011,0.5210974172796011,0.5210974172796011,0.5961160287000654,0.4112808299455954,0.5961160287000654,xl2.2
agiqa3k__rn50__split42__logo_xl2_2,AGIQA-3K,42,RN50,logo,ridge_matched,0.05,0.5,0.0,0.4861342813407106,0.4861342813407106,0.4861342813407106,0.4861342813407106,0.4861342813407106,0.5687257591730495,0.40566147411352,0.5687257591730495,xl2.2
agiqa3k__rn50__split42__logo_xl2_2,AGIQA-3K,42,RN50,logo,sample_joint,0.05,10.0,10.0,0.5199582836389153,0.5199582836389153,0.5199582836389153,0.5199582836389153,0.5199582836389153,0.5998658564553534,0.44745118622724234,0.5998658564553535,xl2.2
agiqa3k__rn50__split42__logo_xl2_2,AGIQA-3K,42,RN50,logo,uncentered_joint,0.05,1.0,0.03,0.49645070759930626,0.49645070759930626,0.49645070759930626,0.49645070759930626,0.49645070759930626,0.5782704969861917,0.3994767772171349,0.5782704969861919,xl2.2
agiqa3k__rn50__split43,AGIQA-3K,43,RN50,core,cc_joint,0.0,100.0,100.0,0.8529111343049999,0.6222820660843036,0.7375966001946517,0.5932440254277691,0.432176478753224,0.8703105265903003,0.6042369032588755,0.7331716349403615,
agiqa3k__rn50__split43,AGIQA-3K,43,RN50,core,ridge_matched,0.0,0.7692307692307692,0.0,0.8674293044566814,0.5930214719291327,0.730225388192907,0.549571406280604,0.3736986390558589,0.9054485053630494,0.4511439492750427,0.7098901442789366,
agiqa3k__rn50__split43,AGIQA-3K,43,RN50,core,sample_joint,0.0,10.0,10.0,0.8665715492767675,0.6184743435453832,0.7425229464110754,0.5819705306791801,0.42862310988516855,0.8933984444380273,0.5185371075987674,0.7334201395153626,
agiqa3k__rn50__split43,AGIQA-3K,43,RN50,core,uncentered_joint,0.0,1.0,0.1,0.8669796865637336,0.5918741450062212,0.7294269157849773,0.5510577454328551,0.3829920653261578,0.9051918591336012,0.45184550876048657,0.7091861908882551,
agiqa3k__rn50__split43,AGIQA-3K,43,RN50,core,cc_joint,0.005,100.0,100.0,0.8529111343049999,0.6222820660843036,0.7375966001946517,0.5932440254277691,0.432176478753224,0.8703105265903003,0.6042369032588755,0.7331716349403615,
agiqa3k__rn50__split43,AGIQA-3K,43,RN50,core,ridge_matched,0.005,0.7692307692307692,0.0,0.8674293044566814,0.5930214719291327,0.730225388192907,0.549571406280604,0.3736986390558589,0.9054485053630494,0.4511439492750427,0.7098901442789366,
agiqa3k__rn50__split43,AGIQA-3K,43,RN50,core,sample_joint,0.005,10.0,10.0,0.8665715492767675,0.6184743435453832,0.7425229464110754,0.5819705306791801,0.42862310988516855,0.8933984444380273,0.5185371075987674,0.7334201395153626,
agiqa3k__rn50__split43,AGIQA-3K,43,RN50,core,uncentered_joint,0.005,1.0,0.1,0.8669796865637336,0.5918741450062212,0.7294269157849773,0.5510577454328551,0.3829920653261578,0.9051918591336012,0.45184550876048657,0.7091861908882551,
agiqa3k__rn50__split43,AGIQA-3K,43,RN50,core,cc_joint,0.01,100.0,100.0,0.8529111343049999,0.6222820660843036,0.7375966001946517,0.5932440254277691,0.432176478753224,0.8703105265903003,0.6042369032588755,0.7331716349403615,
agiqa3k__rn50__split43,AGIQA-3K,43,RN50,core,ridge_matched,0.01,0.7692307692307692,0.0,0.8674293044566814,0.5930214719291327,0.730225388192907,0.549571406280604,0.3736986390558589,0.9054485053630494,0.4511439492750427,0.7098901442789366,
agiqa3k__rn50__split43,AGIQA-3K,43,RN50,core,sample_joint,0.01,10.0,10.0,0.8665715492767675,0.6184743435453832,0.7425229464110754,0.5819705306791801,0.42862310988516855,0.8933984444380273,0.5185371075987674,0.7334201395153626,
agiqa3k__rn50__split43,AGIQA-3K,43,RN50,core,uncentered_joint,0.01,1.0,0.1,0.8669796865637336,0.5918741450062212,0.7294269157849773,0.5510577454328551,0.3829920653261578,0.9051918591336012,0.45184550876048657,0.7091861908882551,
agiqa3k__rn50__split43,AGIQA-3K,43,RN50,core,cc_joint,0.02,100.0,100.0,0.8529111343049999,0.6222820660843036,0.7375966001946517,0.5932440254277691,0.432176478753224,0.8703105265903003,0.6042369032588755,0.7331716349403615,
agiqa3k__rn50__split43,AGIQA-3K,43,RN50,core,ridge_matched,0.02,0.7692307692307692,0.0,0.8674293044566814,0.5930214719291327,0.730225388192907,0.549571406280604,0.3736986390558589,0.9054485053630494,0.4511439492750427,0.7098901442789366,
agiqa3k__rn50__split43,AGIQA-3K,43,RN50,core,sample_joint,0.02,10.0,10.0,0.8665715492767675,0.6184743435453832,0.7425229464110754,0.5819705306791801,0.42862310988516855,0.8933984444380273,0.5185371075987674,0.7334201395153626,
agiqa3k__rn50__split43,AGIQA-3K,43,RN50,core,uncentered_joint,0.02,1.0,0.1,0.8669796865637336,0.5918741450062212,0.7294269157849773,0.5510577454328551,0.3829920653261578,0.9051918591336012,0.45184550876048657,0.7091861908882551,
agiqa3k__rn50__split43,AGIQA-3K,43,RN50,core,cc_joint,0.05,100.0,100.0,0.8529111343049999,0.6222820660843036,0.7375966001946517,0.5932440254277691,0.432176478753224,0.8703105265903003,0.6042369032588755,0.7331716349403615,
agiqa3k__rn50__split43,AGIQA-3K,43,RN50,core,ridge_matched,0.05,0.7692307692307692,0.0,0.8674293044566814,0.5930214719291327,0.730225388192907,0.549571406280604,0.3736986390558589,0.9054485053630494,0.4511439492750427,0.7098901442789366,
agiqa3k__rn50__split43,AGIQA-3K,43,RN50,core,sample_joint,0.05,10.0,10.0,0.8665715492767675,0.6184743435453832,0.7425229464110754,0.5819705306791801,0.42862310988516855,0.8933984444380273,0.5185371075987674,0.7334201395153626,
agiqa3k__rn50__split43,AGIQA-3K,43,RN50,core,uncentered_joint,0.05,1.0,0.1,0.8669796865637336,0.5918741450062212,0.7294269157849773,0.5510577454328551,0.3829920653261578,0.9051918591336012,0.45184550876048657,0.7091861908882551,
agiqa3k__rn50__split44,AGIQA-3K,44,RN50,core,cc_joint,0.0,10.0,10.0,0.8765057890235372,0.63781270499305,0.7571592470082935,0.5709011995671676,0.3764932872904046,0.9022586918984681,0.5235991523845965,0.7451179339888954,
agiqa3k__rn50__split44,AGIQA-3K,44,RN50,core,ridge_matched,0.0,0.75,0.0,0.8752572750318579,0.6232211893063201,0.749239232169089,0.540297600080733,0.33477505886042885,0.9127050236997574,0.44039795467910464,0.7296619764284109,
agiqa3k__rn50__split44,AGIQA-3K,44,RN50,core,sample_joint,0.0,10.0,10.0,0.8798209062130387,0.6509494488148501,0.7653851775139444,0.5780199638956381,0.38642977736323814,0.9030485119687103,0.5155010391762687,0.750786881069242,
agiqa3k__rn50__split44,AGIQA-3K,44,RN50,core,uncentered_joint,0.0,1.0,0.3,0.8743734936533907,0.6197766114975763,0.7470750525754835,0.5369475070790858,0.33197736133188965,0.9124539172212623,0.4410573394221761,0.7282329957842281,
agiqa3k__rn50__split44,AGIQA-3K,44,RN50,core,cc_joint,0.005,10.0,10.0,0.8765057890235372,0.63781270499305,0.7571592470082935,0.5709011995671676,0.3764932872904046,0.9022586918984681,0.5235991523845965,0.7451179339888954,
agiqa3k__rn50__split44,AGIQA-3K,44,RN50,core,ridge_matched,0.005,0.75,0.0,0.8752572750318579,0.6232211893063201,0.749239232169089,0.540297600080733,0.33477505886042885,0.9127050236997574,0.44039795467910464,0.7296619764284109,
agiqa3k__rn50__split44,AGIQA-3K,44,RN50,core,sample_joint,0.005,10.0,10.0,0.8798209062130387,0.6509494488148501,0.7653851775139444,0.5780199638956381,0.38642977736323814,0.9030485119687103,0.5155010391762687,0.750786881069242,
agiqa3k__rn50__split44,AGIQA-3K,44,RN50,core,uncentered_joint,0.005,1.0,0.3,0.8743734936533907,0.6197766114975763,0.7470750525754835,0.5369475070790858,0.33197736133188965,0.9124539172212623,0.4410573394221761,0.7282329957842281,
agiqa3k__rn50__split44,AGIQA-3K,44,RN50,core,cc_joint,0.01,10.0,10.0,0.8765057890235372,0.63781270499305,0.7571592470082935,0.5709011995671676,0.3764932872904046,0.9022586918984681,0.5235991523845965,0.7451179339888954,
agiqa3k__rn50__split44,AGIQA-3K,44,RN50,core,ridge_matched,0.01,0.75,0.0,0.8752572750318579,0.6232211893063201,0.749239232169089,0.540297600080733,0.33477505886042885,0.9127050236997574,0.44039795467910464,0.7296619764284109,
agiqa3k__rn50__split44,AGIQA-3K,44,RN50,core,sample_joint,0.01,10.0,10.0,0.8798209062130387,0.6509494488148501,0.7653851775139444,0.5780199638956381,0.38642977736323814,0.9030485119687103,0.5155010391762687,0.750786881069242,
agiqa3k__rn50__split44,AGIQA-3K,44,RN50,core,uncentered_joint,0.01,1.0,0.3,0.8743734936533907,0.6197766114975763,0.7470750525754835,0.5369475070790858,0.33197736133188965,0.9124539172212623,0.4410573394221761,0.7282329957842281,
agiqa3k__rn50__split44,AGIQA-3K,44,RN50,core,cc_joint,0.02,10.0,10.0,0.8765057890235372,0.63781270499305,0.7571592470082935,0.5709011995671676,0.3764932872904046,0.9022586918984681,0.5235991523845965,0.7451179339888954,
agiqa3k__rn50__split44,AGIQA-3K,44,RN50,core,ridge_matched,0.02,0.75,0.0,0.8752572750318579,0.6232211893063201,0.749239232169089,0.540297600080733,0.33477505886042885,0.9127050236997574,0.44039795467910464,0.7296619764284109,
agiqa3k__rn50__split44,AGIQA-3K,44,RN50,core,sample_joint,0.02,10.0,10.0,0.8798209062130387,0.6509494488148501,0.7653851775139444,0.5780199638956381,0.38642977736323814,0.9030485119687103,0.5155010391762687,0.750786881069242,
agiqa3k__rn50__split44,AGIQA-3K,44,RN50,core,uncentered_joint,0.02,1.0,0.3,0.8743734936533907,0.6197766114975763,0.7470750525754835,0.5369475070790858,0.33197736133188965,0.9124539172212623,0.4410573394221761,0.7282329957842281,
agiqa3k__rn50__split44,AGIQA-3K,44,RN50,core,cc_joint,0.05,10.0,10.0,0.8765057890235372,0.63781270499305,0.7571592470082935,0.5709011995671676,0.3764932872904046,0.9022586918984681,0.5235991523845965,0.7451179339888954,
agiqa3k__rn50__split44,AGIQA-3K,44,RN50,core,ridge_matched,0.05,0.75,0.0,0.8752572750318579,0.6232211893063201,0.749239232169089,0.540297600080733,0.33477505886042885,0.9127050236997574,0.44039795467910464,0.7296619764284109,
agiqa3k__rn50__split44,AGIQA-3K,44,RN50,core,sample_joint,0.05,10.0,10.0,0.8798209062130387,0.6509494488148501,0.7653851775139444,0.5780199638956381,0.38642977736323814,0.9030485119687103,0.5155010391762687,0.750786881069242,
agiqa3k__rn50__split44,AGIQA-3K,44,RN50,core,uncentered_joint,0.05,1.0,0.3,0.8743734936533907,0.6197766114975763,0.7470750525754835,0.5369475070790858,0.33197736133188965,0.9124539172212623,0.4410573394221761,0.7282329957842281,
agiqa3k__rn50__split45,AGIQA-3K,45,RN50,core,cc_joint,0.0,30.0,30.0,0.8822571571236539,0.7097263895177154,0.7959917733206847,0.6417451998242423,0.419674873926324,0.8879571662216479,0.5693440550766101,0.7845543366280211,
agiqa3k__rn50__split45,AGIQA-3K,45,RN50,core,ridge_matched,0.0,0.3225806451612903,0.0,0.8956913869529615,0.6844905015136691,0.7900909442333153,0.5968105394936204,0.3276358326100681,0.9130754796327933,0.4347951366696014,0.7643104416191903,
agiqa3k__rn50__split45,AGIQA-3K,45,RN50,core,sample_joint,0.0,10.0,10.0,0.8922743420168653,0.7156906878568148,0.80398251493684,0.6414614031736642,0.4126159747058774,0.9014731116199995,0.5084329731132279,0.78459656692477,
agiqa3k__rn50__split45,AGIQA-3K,45,RN50,core,uncentered_joint,0.0,1.0,0.0,0.8941285097751819,0.6779147056395927,0.7860216077073873,0.598280950870698,0.34596645928730985,0.91265673246661,0.4364466421026146,0.7612837436458402,
agiqa3k__rn50__split45,AGIQA-3K,45,RN50,core,cc_joint,0.005,30.0,30.0,0.8822571571236539,0.7097263895177154,0.7959917733206847,0.6417451998242423,0.419674873926324,0.8879571662216479,0.5693440550766101,0.7845543366280211,
agiqa3k__rn50__split45,AGIQA-3K,45,RN50,core,ridge_matched,0.005,0.3225806451612903,0.0,0.8956913869529615,0.6844905015136691,0.7900909442333153,0.5968105394936204,0.3276358326100681,0.9130754796327933,0.4347951366696014,0.7643104416191903,
agiqa3k__rn50__split45,AGIQA-3K,45,RN50,core,sample_joint,0.005,10.0,10.0,0.8922743420168653,0.7156906878568148,0.80398251493684,0.6414614031736642,0.4126159747058774,0.9014731116199995,0.5084329731132279,0.78459656692477,
agiqa3k__rn50__split45,AGIQA-3K,45,RN50,core,uncentered_joint,0.005,1.0,0.0,0.8941285097751819,0.6779147056395927,0.7860216077073873,0.598280950870698,0.34596645928730985,0.91265673246661,0.4364466421026146,0.7612837436458402,
agiqa3k__rn50__split45,AGIQA-3K,45,RN50,core,cc_joint,0.01,30.0,30.0,0.8822571571236539,0.7097263895177154,0.7959917733206847,0.6417451998242423,0.419674873926324,0.8879571662216479,0.5693440550766101,0.7845543366280211,
agiqa3k__rn50__split45,AGIQA-3K,45,RN50,core,ridge_matched,0.01,0.3225806451612903,0.0,0.8956913869529615,0.6844905015136691,0.7900909442333153,0.5968105394936204,0.3276358326100681,0.9130754796327933,0.4347951366696014,0.7643104416191903,
agiqa3k__rn50__split45,AGIQA-3K,45,RN50,core,sample_joint,0.01,10.0,10.0,0.8922743420168653,0.7156906878568148,0.80398251493684,0.6414614031736642,0.4126159747058774,0.9014731116199995,0.5084329731132279,0.78459656692477,
agiqa3k__rn50__split45,AGIQA-3K,45,RN50,core,uncentered_joint,0.01,1.0,0.0,0.8941285097751819,0.6779147056395927,0.7860216077073873,0.598280950870698,0.34596645928730985,0.91265673246661,0.4364466421026146,0.7612837436458402,
agiqa3k__rn50__split45,AGIQA-3K,45,RN50,core,cc_joint,0.02,30.0,30.0,0.8822571571236539,0.7097263895177154,0.7959917733206847,0.6417451998242423,0.419674873926324,0.8879571662216479,0.5693440550766101,0.7845543366280211,
agiqa3k__rn50__split45,AGIQA-3K,45,RN50,core,ridge_matched,0.02,0.3225806451612903,0.0,0.8956913869529615,0.6844905015136691,0.7900909442333153,0.5968105394936204,0.3276358326100681,0.9130754796327933,0.4347951366696014,0.7643104416191903,
agiqa3k__rn50__split45,AGIQA-3K,45,RN50,core,sample_joint,0.02,10.0,10.0,0.8922743420168653,0.7156906878568148,0.80398251493684,0.6414614031736642,0.4126159747058774,0.9014731116199995,0.5084329731132279,0.78459656692477,
agiqa3k__rn50__split45,AGIQA-3K,45,RN50,core,uncentered_joint,0.02,1.0,0.0,0.8941285097751819,0.6779147056395927,0.7860216077073873,0.598280950870698,0.34596645928730985,0.91265673246661,0.4364466421026146,0.7612837436458402,
agiqa3k__rn50__split45,AGIQA-3K,45,RN50,core,cc_joint,0.05,30.0,30.0,0.8822571571236539,0.7097263895177154,0.7959917733206847,0.6417451998242423,0.419674873926324,0.8879571662216479,0.5693440550766101,0.7845543366280211,
agiqa3k__rn50__split45,AGIQA-3K,45,RN50,core,ridge_matched,0.05,0.3225806451612903,0.0,0.8956913869529615,0.6844905015136691,0.7900909442333153,0.5968105394936204,0.3276358326100681,0.9130754796327933,0.4347951366696014,0.7643104416191903,
agiqa3k__rn50__split45,AGIQA-3K,45,RN50,core,sample_joint,0.05,10.0,10.0,0.8922743420168653,0.7156906878568148,0.80398251493684,0.6414614031736642,0.4126159747058774,0.9014731116199995,0.5084329731132279,0.78459656692477,
agiqa3k__rn50__split45,AGIQA-3K,45,RN50,core,uncentered_joint,0.05,1.0,0.0,0.8941285097751819,0.6779147056395927,0.7860216077073873,0.598280950870698,0.34596645928730985,0.91265673246661,0.4364466421026146,0.7612837436458402,
agiqa3k__rn50__split46,AGIQA-3K,46,RN50,core,cc_joint,0.0,1.0,0.03,0.8840417237351194,0.6868498668767051,0.7854457953059122,0.6313335809413406,0.47098926794042956,0.9080285749561054,0.45909193336916665,0.7543679378601814,
agiqa3k__rn50__split46,AGIQA-3K,46,RN50,core,ridge_matched,0.0,0.970873786407767,0.0,0.8841525274875877,0.6870371144535773,0.7855948209705825,0.6315435524705716,0.47098926794042956,0.9081064934701863,0.45874418135077544,0.7543247572221725,
agiqa3k__rn50__split46,AGIQA-3K,46,RN50,core,sample_joint,0.0,1.0,0.03,0.884152133429503,0.6871417963157176,0.7856469648726103,0.6318862291592053,0.47028178713374585,0.9080645664186388,0.45899427634679135,0.75449768698758,
agiqa3k__rn50__split46,AGIQA-3K,46,RN50,core,uncentered_joint,0.0,1.0,0.03,0.8840209263907961,0.6861196224936487,0.7850702744422224,0.6305896576342739,0.47098926794042956,0.9080716469416025,0.4588385547210319,0.7541752863458666,
agiqa3k__rn50__split46,AGIQA-3K,46,RN50,core,cc_joint,0.005,1.0,0.03,0.8840417237351194,0.6868498668767051,0.7854457953059122,0.6313335809413406,0.47098926794042956,0.9080285749561054,0.45909193336916665,0.7543679378601814,
agiqa3k__rn50__split46,AGIQA-3K,46,RN50,core,ridge_matched,0.005,0.970873786407767,0.0,0.8841525274875877,0.6870371144535773,0.7855948209705825,0.6315435524705716,0.47098926794042956,0.9081064934701863,0.45874418135077544,0.7543247572221725,
agiqa3k__rn50__split46,AGIQA-3K,46,RN50,core,sample_joint,0.005,1.0,0.03,0.884152133429503,0.6871417963157176,0.7856469648726103,0.6318862291592053,0.47028178713374585,0.9080645664186388,0.45899427634679135,0.75449768698758,
agiqa3k__rn50__split46,AGIQA-3K,46,RN50,core,uncentered_joint,0.005,1.0,0.03,0.8840209263907961,0.6861196224936487,0.7850702744422224,0.6305896576342739,0.47098926794042956,0.9080716469416025,0.4588385547210319,0.7541752863458666,
agiqa3k__rn50__split46,AGIQA-3K,46,RN50,core,cc_joint,0.01,1.0,0.03,0.8840417237351194,0.6868498668767051,0.7854457953059122,0.6313335809413406,0.47098926794042956,0.9080285749561054,0.45909193336916665,0.7543679378601814,
agiqa3k__rn50__split46,AGIQA-3K,46,RN50,core,ridge_matched,0.01,0.970873786407767,0.0,0.8841525274875877,0.6870371144535773,0.7855948209705825,0.6315435524705716,0.47098926794042956,0.9081064934701863,0.45874418135077544,0.7543247572221725,
agiqa3k__rn50__split46,AGIQA-3K,46,RN50,core,sample_joint,0.01,1.0,0.03,0.884152133429503,0.6871417963157176,0.7856469648726103,0.6318862291592053,0.47028178713374585,0.9080645664186388,0.45899427634679135,0.75449768698758,
agiqa3k__rn50__split46,AGIQA-3K,46,RN50,core,uncentered_joint,0.01,1.0,0.03,0.8840209263907961,0.6861196224936487,0.7850702744422224,0.6305896576342739,0.47098926794042956,0.9080716469416025,0.4588385547210319,0.7541752863458666,
agiqa3k__rn50__split46,AGIQA-3K,46,RN50,core,cc_joint,0.02,1.0,0.03,0.8840417237351194,0.6868498668767051,0.7854457953059122,0.6313335809413406,0.47098926794042956,0.9080285749561054,0.45909193336916665,0.7543679378601814,
agiqa3k__rn50__split46,AGIQA-3K,46,RN50,core,ridge_matched,0.02,0.970873786407767,0.0,0.8841525274875877,0.6870371144535773,0.7855948209705825,0.6315435524705716,0.47098926794042956,0.9081064934701863,0.45874418135077544,0.7543247572221725,
agiqa3k__rn50__split46,AGIQA-3K,46,RN50,core,sample_joint,0.02,1.0,0.03,0.884152133429503,0.6871417963157176,0.7856469648726103,0.6318862291592053,0.47028178713374585,0.9080645664186388,0.45899427634679135,0.75449768698758,
agiqa3k__rn50__split46,AGIQA-3K,46,RN50,core,uncentered_joint,0.02,1.0,0.03,0.8840209263907961,0.6861196224936487,0.7850702744422224,0.6305896576342739,0.47098926794042956,0.9080716469416025,0.4588385547210319,0.7541752863458666,
agiqa3k__rn50__split46,AGIQA-3K,46,RN50,core,cc_joint,0.05,1.0,0.03,0.8840417237351194,0.6868498668767051,0.7854457953059122,0.6313335809413406,0.47098926794042956,0.9080285749561054,0.45909193336916665,0.7543679378601814,
agiqa3k__rn50__split46,AGIQA-3K,46,RN50,core,ridge_matched,0.05,0.970873786407767,0.0,0.8841525274875877,0.6870371144535773,0.7855948209705825,0.6315435524705716,0.47098926794042956,0.9081064934701863,0.45874418135077544,0.7543247572221725,
agiqa3k__rn50__split46,AGIQA-3K,46,RN50,core,sample_joint,0.05,1.0,0.03,0.884152133429503,0.6871417963157176,0.7856469648726103,0.6318862291592053,0.47028178713374585,0.9080645664186388,0.45899427634679135,0.75449768698758,
agiqa3k__rn50__split46,AGIQA-3K,46,RN50,core,uncentered_joint,0.05,1.0,0.03,0.8840209263907961,0.6861196224936487,0.7850702744422224,0.6305896576342739,0.47098926794042956,0.9080716469416025,0.4588385547210319,0.7541752863458666,
agiqa3k__vit_b_32__split42,AGIQA-3K,42,ViT-B-32,core,cc_joint,0.0,30.0,30.0,0.8516788080774771,0.6210807743886653,0.7363797912330712,0.5776112490676911,0.26354632293267805,0.8632918735072879,0.6028840443225547,0.7128294616035914,
agiqa3k__vit_b_32__split42,AGIQA-3K,42,ViT-B-32,core,ridge_matched,0.0,0.15811388300841897,0.0,0.8584666839569642,0.5946182101888692,0.7265424470729167,0.5321048449378604,0.16340804587668883,0.8864822117787409,0.48915807064795297,0.6874825377213755,
agiqa3k__vit_b_32__split42,AGIQA-3K,42,ViT-B-32,core,sample_joint,0.0,100.0,30.0,0.8501271222028322,0.6292071203710612,0.7396671212869467,0.584676147590646,0.2877287199609709,0.8587954500722166,0.6637945838161622,0.713876798202816,
agiqa3k__vit_b_32__split42,AGIQA-3K,42,ViT-B-32,core,uncentered_joint,0.0,1.0,1.0,0.8571897166816909,0.591586115573962,0.7243879161278264,0.5388091046260884,0.1687140239480563,0.8876964249835829,0.4858747607746806,0.6851640423281117,
agiqa3k__vit_b_32__split42,AGIQA-3K,42,ViT-B-32,core,cc_joint,0.005,30.0,30.0,0.8516788080774771,0.6210807743886653,0.7363797912330712,0.5776112490676911,0.26354632293267805,0.8632918735072879,0.6028840443225547,0.7128294616035914,
agiqa3k__vit_b_32__split42,AGIQA-3K,42,ViT-B-32,core,ridge_matched,0.005,0.15811388300841897,0.0,0.8584666839569642,0.5946182101888692,0.7265424470729167,0.5321048449378604,0.16340804587668883,0.8864822117787409,0.48915807064795297,0.6874825377213755,
agiqa3k__vit_b_32__split42,AGIQA-3K,42,ViT-B-32,core,sample_joint,0.005,100.0,30.0,0.8501271222028322,0.6292071203710612,0.7396671212869467,0.584676147590646,0.2877287199609709,0.8587954500722166,0.6637945838161622,0.713876798202816,
agiqa3k__vit_b_32__split42,AGIQA-3K,42,ViT-B-32,core,uncentered_joint,0.005,1.0,1.0,0.8571897166816909,0.591586115573962,0.7243879161278264,0.5388091046260884,0.1687140239480563,0.8876964249835829,0.4858747607746806,0.6851640423281117,
agiqa3k__vit_b_32__split42,AGIQA-3K,42,ViT-B-32,core,cc_joint,0.01,30.0,30.0,0.8516788080774771,0.6210807743886653,0.7363797912330712,0.5776112490676911,0.26354632293267805,0.8632918735072879,0.6028840443225547,0.7128294616035914,
agiqa3k__vit_b_32__split42,AGIQA-3K,42,ViT-B-32,core,ridge_matched,0.01,0.15811388300841897,0.0,0.8584666839569642,0.5946182101888692,0.7265424470729167,0.5321048449378604,0.16340804587668883,0.8864822117787409,0.48915807064795297,0.6874825377213755,
agiqa3k__vit_b_32__split42,AGIQA-3K,42,ViT-B-32,core,sample_joint,0.01,100.0,30.0,0.8501271222028322,0.6292071203710612,0.7396671212869467,0.584676147590646,0.2877287199609709,0.8587954500722166,0.6637945838161622,0.713876798202816,
agiqa3k__vit_b_32__split42,AGIQA-3K,42,ViT-B-32,core,uncentered_joint,0.01,1.0,1.0,0.8571897166816909,0.591586115573962,0.7243879161278264,0.5388091046260884,0.1687140239480563,0.8876964249835829,0.4858747607746806,0.6851640423281117,
agiqa3k__vit_b_32__split42,AGIQA-3K,42,ViT-B-32,core,cc_joint,0.02,30.0,30.0,0.8516788080774771,0.6210807743886653,0.7363797912330712,0.5776112490676911,0.26354632293267805,0.8632918735072879,0.6028840443225547,0.7128294616035914,
agiqa3k__vit_b_32__split42,AGIQA-3K,42,ViT-B-32,core,ridge_matched,0.02,0.15811388300841897,0.0,0.8584666839569642,0.5946182101888692,0.7265424470729167,0.5321048449378604,0.16340804587668883,0.8864822117787409,0.48915807064795297,0.6874825377213755,
agiqa3k__vit_b_32__split42,AGIQA-3K,42,ViT-B-32,core,sample_joint,0.02,100.0,30.0,0.8501271222028322,0.6292071203710612,0.7396671212869467,0.584676147590646,0.2877287199609709,0.8587954500722166,0.6637945838161622,0.713876798202816,
agiqa3k__vit_b_32__split42,AGIQA-3K,42,ViT-B-32,core,uncentered_joint,0.02,1.0,1.0,0.8571897166816909,0.591586115573962,0.7243879161278264,0.5388091046260884,0.1687140239480563,0.8876964249835829,0.4858747607746806,0.6851640423281117,
agiqa3k__vit_b_32__split42,AGIQA-3K,42,ViT-B-32,core,cc_joint,0.05,30.0,30.0,0.8516788080774771,0.6210807743886653,0.7363797912330712,0.5776112490676911,0.26354632293267805,0.8632918735072879,0.6028840443225547,0.7128294616035914,
agiqa3k__vit_b_32__split42,AGIQA-3K,42,ViT-B-32,core,ridge_matched,0.05,0.15811388300841897,0.0,0.8584666839569642,0.5946182101888692,0.7265424470729167,0.5321048449378604,0.16340804587668883,0.8864822117787409,0.48915807064795297,0.6874825377213755,
agiqa3k__vit_b_32__split42,AGIQA-3K,42,ViT-B-32,core,sample_joint,0.05,100.0,30.0,0.8501271222028322,0.6292071203710612,0.7396671212869467,0.584676147590646,0.2877287199609709,0.8587954500722166,0.6637945838161622,0.713876798202816,
agiqa3k__vit_b_32__split42,AGIQA-3K,42,ViT-B-32,core,uncentered_joint,0.05,1.0,1.0,0.8571897166816909,0.591586115573962,0.7243879161278264,0.5388091046260884,0.1687140239480563,0.8876964249835829,0.4858747607746806,0.6851640423281117,
agiqa3k__vit_b_32__split43,AGIQA-3K,43,ViT-B-32,core,cc_joint,0.0,30.0,30.0,0.8544850485821234,0.6121678030902963,0.7333264258362098,0.6036951284539263,0.4045735611996612,0.8706216198763551,0.5983734370752832,0.7290300134359341,
agiqa3k__vit_b_32__split43,AGIQA-3K,43,ViT-B-32,core,ridge_matched,0.0,0.15811388300841897,0.0,0.8621415547722018,0.575599888773263,0.7188707217727324,0.5443374884502455,0.323115388110599,0.8990522180032603,0.4667220912896452,0.7018122312048968,
agiqa3k__vit_b_32__split43,AGIQA-3K,43,ViT-B-32,core,sample_joint,0.0,3.0,10.0,0.8625525021709988,0.5994069224236774,0.730979712297338,0.576533028344105,0.4011447958783506,0.8865846987262788,0.5117958494030318,0.7237794540219161,
agiqa3k__vit_b_32__split43,AGIQA-3K,43,ViT-B-32,core,uncentered_joint,0.0,1.0,0.03,0.865664554226861,0.5912115511828366,0.7284380527048488,0.5777726488009234,0.3820048678625422,0.9041202782815074,0.4548019154386637,0.7126443311943707,
agiqa3k__vit_b_32__split43,AGIQA-3K,43,ViT-B-32,core,cc_joint,0.005,30.0,30.0,0.8544850485821234,0.6121678030902963,0.7333264258362098,0.6036951284539263,0.4045735611996612,0.8706216198763551,0.5983734370752832,0.7290300134359341,
agiqa3k__vit_b_32__split43,AGIQA-3K,43,ViT-B-32,core,ridge_matched,0.005,0.15811388300841897,0.0,0.8621415547722018,0.575599888773263,0.7188707217727324,0.5443374884502455,0.323115388110599,0.8990522180032603,0.4667220912896452,0.7018122312048968,
agiqa3k__vit_b_32__split43,AGIQA-3K,43,ViT-B-32,core,sample_joint,0.005,3.0,10.0,0.8625525021709988,0.5994069224236774,0.730979712297338,0.576533028344105,0.4011447958783506,0.8865846987262788,0.5117958494030318,0.7237794540219161,
agiqa3k__vit_b_32__split43,AGIQA-3K,43,ViT-B-32,core,uncentered_joint,0.005,1.0,0.03,0.865664554226861,0.5912115511828366,0.7284380527048488,0.5777726488009234,0.3820048678625422,0.9041202782815074,0.4548019154386637,0.7126443311943707,
agiqa3k__vit_b_32__split43,AGIQA-3K,43,ViT-B-32,core,cc_joint,0.01,30.0,30.0,0.8544850485821234,0.6121678030902963,0.7333264258362098,0.6036951284539263,0.4045735611996612,0.8706216198763551,0.5983734370752832,0.7290300134359341,
agiqa3k__vit_b_32__split43,AGIQA-3K,43,ViT-B-32,core,ridge_matched,0.01,0.15811388300841897,0.0,0.8621415547722018,0.575599888773263,0.7188707217727324,0.5443374884502455,0.323115388110599,0.8990522180032603,0.4667220912896452,0.7018122312048968,
agiqa3k__vit_b_32__split43,AGIQA-3K,43,ViT-B-32,core,sample_joint,0.01,3.0,10.0,0.8625525021709988,0.5994069224236774,0.730979712297338,0.576533028344105,0.4011447958783506,0.8865846987262788,0.5117958494030318,0.7237794540219161,
agiqa3k__vit_b_32__split43,AGIQA-3K,43,ViT-B-32,core,uncentered_joint,0.01,1.0,0.03,0.865664554226861,0.5912115511828366,0.7284380527048488,0.5777726488009234,0.3820048678625422,0.9041202782815074,0.4548019154386637,0.7126443311943707,
agiqa3k__vit_b_32__split43,AGIQA-3K,43,ViT-B-32,core,cc_joint,0.02,30.0,30.0,0.8544850485821234,0.6121678030902963,0.7333264258362098,0.6036951284539263,0.4045735611996612,0.8706216198763551,0.5983734370752832,0.7290300134359341,
agiqa3k__vit_b_32__split43,AGIQA-3K,43,ViT-B-32,core,ridge_matched,0.02,0.15811388300841897,0.0,0.8621415547722018,0.575599888773263,0.7188707217727324,0.5443374884502455,0.323115388110599,0.8990522180032603,0.4667220912896452,0.7018122312048968,
agiqa3k__vit_b_32__split43,AGIQA-3K,43,ViT-B-32,core,sample_joint,0.02,3.0,10.0,0.8625525021709988,0.5994069224236774,0.730979712297338,0.576533028344105,0.4011447958783506,0.8865846987262788,0.5117958494030318,0.7237794540219161,
agiqa3k__vit_b_32__split43,AGIQA-3K,43,ViT-B-32,core,uncentered_joint,0.02,1.0,0.03,0.865664554226861,0.5912115511828366,0.7284380527048488,0.5777726488009234,0.3820048678625422,0.9041202782815074,0.4548019154386637,0.7126443311943707,
agiqa3k__vit_b_32__split43,AGIQA-3K,43,ViT-B-32,core,cc_joint,0.05,30.0,30.0,0.8544850485821234,0.6121678030902963,0.7333264258362098,0.6036951284539263,0.4045735611996612,0.8706216198763551,0.5983734370752832,0.7290300134359341,
agiqa3k__vit_b_32__split43,AGIQA-3K,43,ViT-B-32,core,ridge_matched,0.05,0.15811388300841897,0.0,0.8621415547722018,0.575599888773263,0.7188707217727324,0.5443374884502455,0.323115388110599,0.8990522180032603,0.4667220912896452,0.7018122312048968,
agiqa3k__vit_b_32__split43,AGIQA-3K,43,ViT-B-32,core,sample_joint,0.05,3.0,10.0,0.8625525021709988,0.5994069224236774,0.730979712297338,0.576533028344105,0.4011447958783506,0.8865846987262788,0.5117958494030318,0.7237794540219161,
agiqa3k__vit_b_32__split43,AGIQA-3K,43,ViT-B-32,core,uncentered_joint,0.05,1.0,0.03,0.865664554226861,0.5912115511828366,0.7284380527048488,0.5777726488009234,0.3820048678625422,0.9041202782815074,0.4548019154386637,0.7126443311943707,
agiqa3k__vit_b_32__split44,AGIQA-3K,44,ViT-B-32,core,cc_joint,0.0,100.0,30.0,0.8656200318421386,0.6244830174658118,0.7450515246539753,0.5707694776524818,0.23215692582790196,0.8781855569136884,0.67881241594584,0.7279986984170241,
agiqa3k__vit_b_32__split44,AGIQA-3K,44,ViT-B-32,core,ridge_matched,0.0,0.5,0.0,0.8732724041809522,0.6185633151903728,0.7459178596856625,0.5476849605661093,0.22500200983694577,0.906612956626232,0.4549764387147615,0.7211371409174582,
agiqa3k__vit_b_32__split44,AGIQA-3K,44,ViT-B-32,core,sample_joint,0.0,100.0,30.0,0.8664176073576599,0.6294368175103453,0.7479272124340026,0.5666695471018833,0.22255808347598996,0.8761989580646454,0.6668407512950282,0.7324470356782913,
agiqa3k__vit_b_32__split44,AGIQA-3K,44,ViT-B-32,core,uncentered_joint,0.0,1.0,3.0,0.8710283112120155,0.6133313447729681,0.7421798279924918,0.5480449651263504,0.2262239730174237,0.9052657329650791,0.45822712698056195,0.7167219199023533,
agiqa3k__vit_b_32__split44,AGIQA-3K,44,ViT-B-32,core,cc_joint,0.005,100.0,30.0,0.8656200318421386,0.6244830174658118,0.7450515246539753,0.5707694776524818,0.23215692582790196,0.8781855569136884,0.67881241594584,0.7279986984170241,
agiqa3k__vit_b_32__split44,AGIQA-3K,44,ViT-B-32,core,ridge_matched,0.005,0.5,0.0,0.8732724041809522,0.6185633151903728,0.7459178596856625,0.5476849605661093,0.22500200983694577,0.906612956626232,0.4549764387147615,0.7211371409174582,
agiqa3k__vit_b_32__split44,AGIQA-3K,44,ViT-B-32,core,sample_joint,0.005,100.0,30.0,0.8664176073576599,0.6294368175103453,0.7479272124340026,0.5666695471018833,0.22255808347598996,0.8761989580646454,0.6668407512950282,0.7324470356782913,
agiqa3k__vit_b_32__split44,AGIQA-3K,44,ViT-B-32,core,uncentered_joint,0.005,1.0,3.0,0.8710283112120155,0.6133313447729681,0.7421798279924918,0.5480449651263504,0.2262239730174237,0.9052657329650791,0.45822712698056195,0.7167219199023533,
agiqa3k__vit_b_32__split44,AGIQA-3K,44,ViT-B-32,core,cc_joint,0.01,100.0,30.0,0.8656200318421386,0.6244830174658118,0.7450515246539753,0.5707694776524818,0.23215692582790196,0.8781855569136884,0.67881241594584,0.7279986984170241,
agiqa3k__vit_b_32__split44,AGIQA-3K,44,ViT-B-32,core,ridge_matched,0.01,0.5,0.0,0.8732724041809522,0.6185633151903728,0.7459178596856625,0.5476849605661093,0.22500200983694577,0.906612956626232,0.4549764387147615,0.7211371409174582,
agiqa3k__vit_b_32__split44,AGIQA-3K,44,ViT-B-32,core,sample_joint,0.01,100.0,30.0,0.8664176073576599,0.6294368175103453,0.7479272124340026,0.5666695471018833,0.22255808347598996,0.8761989580646454,0.6668407512950282,0.7324470356782913,
agiqa3k__vit_b_32__split44,AGIQA-3K,44,ViT-B-32,core,uncentered_joint,0.01,1.0,3.0,0.8710283112120155,0.6133313447729681,0.7421798279924918,0.5480449651263504,0.2262239730174237,0.9052657329650791,0.45822712698056195,0.7167219199023533,
agiqa3k__vit_b_32__split44,AGIQA-3K,44,ViT-B-32,core,cc_joint,0.02,100.0,30.0,0.8656200318421386,0.6244830174658118,0.7450515246539753,0.5707694776524818,0.23215692582790196,0.8781855569136884,0.67881241594584,0.7279986984170241,
agiqa3k__vit_b_32__split44,AGIQA-3K,44,ViT-B-32,core,ridge_matched,0.02,0.5,0.0,0.8732724041809522,0.6185633151903728,0.7459178596856625,0.5476849605661093,0.22500200983694577,0.906612956626232,0.4549764387147615,0.7211371409174582,
agiqa3k__vit_b_32__split44,AGIQA-3K,44,ViT-B-32,core,sample_joint,0.02,100.0,30.0,0.8664176073576599,0.6294368175103453,0.7479272124340026,0.5666695471018833,0.22255808347598996,0.8761989580646454,0.6668407512950282,0.7324470356782913,
agiqa3k__vit_b_32__split44,AGIQA-3K,44,ViT-B-32,core,uncentered_joint,0.02,1.0,3.0,0.8710283112120155,0.6133313447729681,0.7421798279924918,0.5480449651263504,0.2262239730174237,0.9052657329650791,0.45822712698056195,0.7167219199023533,
agiqa3k__vit_b_32__split44,AGIQA-3K,44,ViT-B-32,core,cc_joint,0.05,100.0,30.0,0.8656200318421386,0.6244830174658118,0.7450515246539753,0.5707694776524818,0.23215692582790196,0.8781855569136884,0.67881241594584,0.7279986984170241,
agiqa3k__vit_b_32__split44,AGIQA-3K,44,ViT-B-32,core,ridge_matched,0.05,0.5,0.0,0.8732724041809522,0.6185633151903728,0.7459178596856625,0.5476849605661093,0.22500200983694577,0.906612956626232,0.4549764387147615,0.7211371409174582,
agiqa3k__vit_b_32__split44,AGIQA-3K,44,ViT-B-32,core,sample_joint,0.05,100.0,30.0,0.8664176073576599,0.6294368175103453,0.7479272124340026,0.5666695471018833,0.22255808347598996,0.8761989580646454,0.6668407512950282,0.7324470356782913,
agiqa3k__vit_b_32__split44,AGIQA-3K,44,ViT-B-32,core,uncentered_joint,0.05,1.0,3.0,0.8710283112120155,0.6133313447729681,0.7421798279924918,0.5480449651263504,0.2262239730174237,0.9052657329650791,0.45822712698056195,0.7167219199023533,
agiqa3k__vit_b_32__split45,AGIQA-3K,45,ViT-B-32,core,cc_joint,0.0,10.0,30.0,0.8861830952529204,0.7092304110242534,0.7977067531385869,0.6369215905898158,0.38151822734290763,0.8856392562296989,0.537586234374057,0.7834557316425532,
agiqa3k__vit_b_32__split45,AGIQA-3K,45,ViT-B-32,core,ridge_matched,0.0,0.25,0.0,0.8964992022479628,0.6923031045170115,0.7944011533824871,0.61476057202297,0.3411747691558905,0.9143598878183946,0.4332811366394694,0.7698653045818005,
agiqa3k__vit_b_32__split45,AGIQA-3K,45,ViT-B-32,core,sample_joint,0.0,10.0,30.0,0.8835484272075124,0.7081932509341279,0.7958708390708201,0.6329517906639678,0.3890595114759132,0.8829345431867273,0.5352760198164331,0.7809874064215309,
agiqa3k__vit_b_32__split45,AGIQA-3K,45,ViT-B-32,core,uncentered_joint,0.0,10.0,100.0,0.8917793356903119,0.6764870409634756,0.7841331883268937,0.5985374121780027,0.2862150481183359,0.9111421491630322,0.44350545450386425,0.7619747955356079,
agiqa3k__vit_b_32__split45,AGIQA-3K,45,ViT-B-32,core,cc_joint,0.005,10.0,30.0,0.8861830952529204,0.7092304110242534,0.7977067531385869,0.6369215905898158,0.38151822734290763,0.8856392562296989,0.537586234374057,0.7834557316425532,
agiqa3k__vit_b_32__split45,AGIQA-3K,45,ViT-B-32,core,ridge_matched,0.005,0.25,0.0,0.8964992022479628,0.6923031045170115,0.7944011533824871,0.61476057202297,0.3411747691558905,0.9143598878183946,0.4332811366394694,0.7698653045818005,
agiqa3k__vit_b_32__split45,AGIQA-3K,45,ViT-B-32,core,sample_joint,0.005,10.0,30.0,0.8835484272075124,0.7081932509341279,0.7958708390708201,0.6329517906639678,0.3890595114759132,0.8829345431867273,0.5352760198164331,0.7809874064215309,
agiqa3k__vit_b_32__split45,AGIQA-3K,45,ViT-B-32,core,uncentered_joint,0.005,10.0,100.0,0.8917793356903119,0.6764870409634756,0.7841331883268937,0.5985374121780027,0.2862150481183359,0.9111421491630322,0.44350545450386425,0.7619747955356079,
agiqa3k__vit_b_32__split45,AGIQA-3K,45,ViT-B-32,core,cc_joint,0.01,10.0,30.0,0.8861830952529204,0.7092304110242534,0.7977067531385869,0.6369215905898158,0.38151822734290763,0.8856392562296989,0.537586234374057,0.7834557316425532,
agiqa3k__vit_b_32__split45,AGIQA-3K,45,ViT-B-32,core,ridge_matched,0.01,0.25,0.0,0.8964992022479628,0.6923031045170115,0.7944011533824871,0.61476057202297,0.3411747691558905,0.9143598878183946,0.4332811366394694,0.7698653045818005,
agiqa3k__vit_b_32__split45,AGIQA-3K,45,ViT-B-32,core,sample_joint,0.01,10.0,30.0,0.8835484272075124,0.7081932509341279,0.7958708390708201,0.6329517906639678,0.3890595114759132,0.8829345431867273,0.5352760198164331,0.7809874064215309,
agiqa3k__vit_b_32__split45,AGIQA-3K,45,ViT-B-32,core,uncentered_joint,0.01,10.0,100.0,0.8917793356903119,0.6764870409634756,0.7841331883268937,0.5985374121780027,0.2862150481183359,0.9111421491630322,0.44350545450386425,0.7619747955356079,
agiqa3k__vit_b_32__split45,AGIQA-3K,45,ViT-B-32,core,cc_joint,0.02,10.0,30.0,0.8861830952529204,0.7092304110242534,0.7977067531385869,0.6369215905898158,0.38151822734290763,0.8856392562296989,0.537586234374057,0.7834557316425532,
agiqa3k__vit_b_32__split45,AGIQA-3K,45,ViT-B-32,core,ridge_matched,0.02,0.25,0.0,0.8964992022479628,0.6923031045170115,0.7944011533824871,0.61476057202297,0.3411747691558905,0.9143598878183946,0.4332811366394694,0.7698653045818005,
agiqa3k__vit_b_32__split45,AGIQA-3K,45,ViT-B-32,core,sample_joint,0.02,10.0,30.0,0.8835484272075124,0.7081932509341279,0.7958708390708201,0.6329517906639678,0.3890595114759132,0.8829345431867273,0.5352760198164331,0.7809874064215309,
agiqa3k__vit_b_32__split45,AGIQA-3K,45,ViT-B-32,core,uncentered_joint,0.02,10.0,100.0,0.8917793356903119,0.6764870409634756,0.7841331883268937,0.5985374121780027,0.2862150481183359,0.9111421491630322,0.44350545450386425,0.7619747955356079,
agiqa3k__vit_b_32__split45,AGIQA-3K,45,ViT-B-32,core,cc_joint,0.05,10.0,30.0,0.8861830952529204,0.7092304110242534,0.7977067531385869,0.6369215905898158,0.38151822734290763,0.8856392562296989,0.537586234374057,0.7834557316425532,
agiqa3k__vit_b_32__split45,AGIQA-3K,45,ViT-B-32,core,ridge_matched,0.05,0.25,0.0,0.8964992022479628,0.6923031045170115,0.7944011533824871,0.61476057202297,0.3411747691558905,0.9143598878183946,0.4332811366394694,0.7698653045818005,
agiqa3k__vit_b_32__split45,AGIQA-3K,45,ViT-B-32,core,sample_joint,0.05,10.0,30.0,0.8835484272075124,0.7081932509341279,0.7958708390708201,0.6329517906639678,0.3890595114759132,0.8829345431867273,0.5352760198164331,0.7809874064215309,
agiqa3k__vit_b_32__split45,AGIQA-3K,45,ViT-B-32,core,uncentered_joint,0.05,10.0,100.0,0.8917793356903119,0.6764870409634756,0.7841331883268937,0.5985374121780027,0.2862150481183359,0.9111421491630322,0.44350545450386425,0.7619747955356079,
agiqa3k__vit_b_32__split46,AGIQA-3K,46,ViT-B-32,core,cc_joint,0.0,3.0,1.0,0.8748190098388333,0.653817682874152,0.7643183463564927,0.6108376823913984,0.4103388678765452,0.8987268304531908,0.4921253091711783,0.7340039283295686,
agiqa3k__vit_b_32__split46,AGIQA-3K,46,ViT-B-32,core,ridge_matched,0.0,0.75,0.0,0.8769990034909001,0.6559850749696778,0.766492039230289,0.6110993478804548,0.41943964370797643,0.9023264361815935,0.4708242307778078,0.7374359063651142,
agiqa3k__vit_b_32__split46,AGIQA-3K,46,ViT-B-32,core,sample_joint,0.0,1.0,0.1,0.8769370603348023,0.6562631093965611,0.7666000848656818,0.6111289132140968,0.4156128157081873,0.9018697577155982,0.47256290373292575,0.736615929432907,
agiqa3k__vit_b_32__split46,AGIQA-3K,46,ViT-B-32,core,uncentered_joint,0.0,3.0,3.0,0.8753860242252633,0.6510026489979596,0.7631943366116114,0.6085010970937627,0.4145676736074046,0.9017519721146257,0.4725287391149102,0.7342734045386523,
agiqa3k__vit_b_32__split46,AGIQA-3K,46,ViT-B-32,core,cc_joint,0.005,3.0,1.0,0.8748190098388333,0.653817682874152,0.7643183463564927,0.6108376823913984,0.4103388678765452,0.8987268304531908,0.4921253091711783,0.7340039283295686,
agiqa3k__vit_b_32__split46,AGIQA-3K,46,ViT-B-32,core,ridge_matched,0.005,0.75,0.0,0.8769990034909001,0.6559850749696778,0.766492039230289,0.6110993478804548,0.41943964370797643,0.9023264361815935,0.4708242307778078,0.7374359063651142,
agiqa3k__vit_b_32__split46,AGIQA-3K,46,ViT-B-32,core,sample_joint,0.005,1.0,0.1,0.8769370603348023,0.6562631093965611,0.7666000848656818,0.6111289132140968,0.4156128157081873,0.9018697577155982,0.47256290373292575,0.736615929432907,
agiqa3k__vit_b_32__split46,AGIQA-3K,46,ViT-B-32,core,uncentered_joint,0.005,3.0,3.0,0.8753860242252633,0.6510026489979596,0.7631943366116114,0.6085010970937627,0.4145676736074046,0.9017519721146257,0.4725287391149102,0.7342734045386523,
agiqa3k__vit_b_32__split46,AGIQA-3K,46,ViT-B-32,core,cc_joint,0.01,3.0,1.0,0.8748190098388333,0.653817682874152,0.7643183463564927,0.6108376823913984,0.4103388678765452,0.8987268304531908,0.4921253091711783,0.7340039283295686,
agiqa3k__vit_b_32__split46,AGIQA-3K,46,ViT-B-32,core,ridge_matched,0.01,0.75,0.0,0.8769990034909001,0.6559850749696778,0.766492039230289,0.6110993478804548,0.41943964370797643,0.9023264361815935,0.4708242307778078,0.7374359063651142,
agiqa3k__vit_b_32__split46,AGIQA-3K,46,ViT-B-32,core,sample_joint,0.01,1.0,0.1,0.8769370603348023,0.6562631093965611,0.7666000848656818,0.6111289132140968,0.4156128157081873,0.9018697577155982,0.47256290373292575,0.736615929432907,
agiqa3k__vit_b_32__split46,AGIQA-3K,46,ViT-B-32,core,uncentered_joint,0.01,3.0,3.0,0.8753860242252633,0.6510026489979596,0.7631943366116114,0.6085010970937627,0.4145676736074046,0.9017519721146257,0.4725287391149102,0.7342734045386523,
agiqa3k__vit_b_32__split46,AGIQA-3K,46,ViT-B-32,core,cc_joint,0.02,3.0,1.0,0.8748190098388333,0.653817682874152,0.7643183463564927,0.6108376823913984,0.4103388678765452,0.8987268304531908,0.4921253091711783,0.7340039283295686,
agiqa3k__vit_b_32__split46,AGIQA-3K,46,ViT-B-32,core,ridge_matched,0.02,0.75,0.0,0.8769990034909001,0.6559850749696778,0.766492039230289,0.6110993478804548,0.41943964370797643,0.9023264361815935,0.4708242307778078,0.7374359063651142,
agiqa3k__vit_b_32__split46,AGIQA-3K,46,ViT-B-32,core,sample_joint,0.02,1.0,0.1,0.8769370603348023,0.6562631093965611,0.7666000848656818,0.6111289132140968,0.4156128157081873,0.9018697577155982,0.47256290373292575,0.736615929432907,
agiqa3k__vit_b_32__split46,AGIQA-3K,46,ViT-B-32,core,uncentered_joint,0.02,3.0,3.0,0.8753860242252633,0.6510026489979596,0.7631943366116114,0.6085010970937627,0.4145676736074046,0.9017519721146257,0.4725287391149102,0.7342734045386523,
agiqa3k__vit_b_32__split46,AGIQA-3K,46,ViT-B-32,core,cc_joint,0.05,3.0,1.0,0.8748190098388333,0.653817682874152,0.7643183463564927,0.6108376823913984,0.4103388678765452,0.8987268304531908,0.4921253091711783,0.7340039283295686,
agiqa3k__vit_b_32__split46,AGIQA-3K,46,ViT-B-32,core,ridge_matched,0.05,0.75,0.0,0.8769990034909001,0.6559850749696778,0.766492039230289,0.6110993478804548,0.41943964370797643,0.9023264361815935,0.4708242307778078,0.7374359063651142,
agiqa3k__vit_b_32__split46,AGIQA-3K,46,ViT-B-32,core,sample_joint,0.05,1.0,0.1,0.8769370603348023,0.6562631093965611,0.7666000848656818,0.6111289132140968,0.4156128157081873,0.9018697577155982,0.47256290373292575,0.736615929432907,
agiqa3k__vit_b_32__split46,AGIQA-3K,46,ViT-B-32,core,uncentered_joint,0.05,3.0,3.0,0.8753860242252633,0.6510026489979596,0.7631943366116114,0.6085010970937627,0.4145676736074046,0.9017519721146257,0.4725287391149102,0.7342734045386523,
agiqa3k_full__rn50__split42,AGIQA-3K-full,42,RN50,core,cc_joint,0.0,1.0,0.0,0.8429716558478718,0.6011697558499184,0.7220707058488951,0.5654924451322684,0.17967971196221566,0.8855525912556239,0.4581720993635155,0.7296874431423332,
agiqa3k_full__rn50__split42,AGIQA-3K-full,42,RN50,core,ridge_matched,0.0,0.75,0.0,0.8446225336170746,0.6053562125113517,0.7249893730642132,0.5646663278060972,0.17458275726941724,0.8866426961049589,0.4561417628856991,0.7318602675694328,
agiqa3k_full__rn50__split42,AGIQA-3K-full,42,RN50,core,sample_joint,0.0,1.0,1.0,0.8471449025051028,0.6142271555781712,0.730686029041637,0.5723785732481282,0.18517863469072374,0.8865635263268048,0.45642498714418905,0.7392236338807283,
agiqa3k_full__rn50__split42,AGIQA-3K-full,42,RN50,core,uncentered_joint,0.0,1.0,0.0,0.8429716558478718,0.6011697558499184,0.7220707058488951,0.5654924451322684,0.17967971196221566,0.8855525912556239,0.4581720993635155,0.7296874431423332,
agiqa3k_full__rn50__split42,AGIQA-3K-full,42,RN50,core,cc_joint,0.005,1.0,0.0,0.8429716558478718,0.6011697558499184,0.7220707058488951,0.5654924451322684,0.17967971196221566,0.8855525912556239,0.4581720993635155,0.7296874431423332,
agiqa3k_full__rn50__split42,AGIQA-3K-full,42,RN50,core,ridge_matched,0.005,0.75,0.0,0.8446225336170746,0.6053562125113517,0.7249893730642132,0.5646663278060972,0.17458275726941724,0.8866426961049589,0.4561417628856991,0.7318602675694328,
agiqa3k_full__rn50__split42,AGIQA-3K-full,42,RN50,core,sample_joint,0.005,1.0,1.0,0.8471449025051028,0.6142271555781712,0.730686029041637,0.5723785732481282,0.18517863469072374,0.8865635263268048,0.45642498714418905,0.7392236338807283,
agiqa3k_full__rn50__split42,AGIQA-3K-full,42,RN50,core,uncentered_joint,0.005,1.0,0.0,0.8429716558478718,0.6011697558499184,0.7220707058488951,0.5654924451322684,0.17967971196221566,0.8855525912556239,0.4581720993635155,0.7296874431423332,
agiqa3k_full__rn50__split42,AGIQA-3K-full,42,RN50,core,cc_joint,0.01,1.0,0.0,0.8429716558478718,0.6011697558499184,0.7220707058488951,0.5654924451322684,0.17967971196221566,0.8855525912556239,0.4581720993635155,0.7296874431423332,
agiqa3k_full__rn50__split42,AGIQA-3K-full,42,RN50,core,ridge_matched,0.01,0.75,0.0,0.8446225336170746,0.6053562125113517,0.7249893730642132,0.5646663278060972,0.17458275726941724,0.8866426961049589,0.4561417628856991,0.7318602675694328,
agiqa3k_full__rn50__split42,AGIQA-3K-full,42,RN50,core,sample_joint,0.01,1.0,1.0,0.8471449025051028,0.6142271555781712,0.730686029041637,0.5723785732481282,0.18517863469072374,0.8865635263268048,0.45642498714418905,0.7392236338807283,
agiqa3k_full__rn50__split42,AGIQA-3K-full,42,RN50,core,uncentered_joint,0.01,1.0,0.0,0.8429716558478718,0.6011697558499184,0.7220707058488951,0.5654924451322684,0.17967971196221566,0.8855525912556239,0.4581720993635155,0.7296874431423332,
agiqa3k_full__rn50__split42,AGIQA-3K-full,42,RN50,core,cc_joint,0.02,1.0,0.0,0.8429716558478718,0.6011697558499184,0.7220707058488951,0.5654924451322684,0.17967971196221566,0.8855525912556239,0.4581720993635155,0.7296874431423332,
agiqa3k_full__rn50__split42,AGIQA-3K-full,42,RN50,core,ridge_matched,0.02,0.75,0.0,0.8446225336170746,0.6053562125113517,0.7249893730642132,0.5646663278060972,0.17458275726941724,0.8866426961049589,0.4561417628856991,0.7318602675694328,
agiqa3k_full__rn50__split42,AGIQA-3K-full,42,RN50,core,sample_joint,0.02,1.0,1.0,0.8471449025051028,0.6142271555781712,0.730686029041637,0.5723785732481282,0.18517863469072374,0.8865635263268048,0.45642498714418905,0.7392236338807283,
agiqa3k_full__rn50__split42,AGIQA-3K-full,42,RN50,core,uncentered_joint,0.02,1.0,0.0,0.8429716558478718,0.6011697558499184,0.7220707058488951,0.5654924451322684,0.17967971196221566,0.8855525912556239,0.4581720993635155,0.7296874431423332,
agiqa3k_full__rn50__split42,AGIQA-3K-full,42,RN50,core,cc_joint,0.05,1.0,0.0,0.8429716558478718,0.6011697558499184,0.7220707058488951,0.5654924451322684,0.17967971196221566,0.8855525912556239,0.4581720993635155,0.7296874431423332,
agiqa3k_full__rn50__split42,AGIQA-3K-full,42,RN50,core,ridge_matched,0.05,0.75,0.0,0.8446225336170746,0.6053562125113517,0.7249893730642132,0.5646663278060972,0.17458275726941724,0.8866426961049589,0.4561417628856991,0.7318602675694328,
agiqa3k_full__rn50__split42,AGIQA-3K-full,42,RN50,core,sample_joint,0.05,1.0,1.0,0.8471449025051028,0.6142271555781712,0.730686029041637,0.5723785732481282,0.18517863469072374,0.8865635263268048,0.45642498714418905,0.7392236338807283,
agiqa3k_full__rn50__split42,AGIQA-3K-full,42,RN50,core,uncentered_joint,0.05,1.0,0.0,0.8429716558478718,0.6011697558499184,0.7220707058488951,0.5654924451322684,0.17967971196221566,0.8855525912556239,0.4581720993635155,0.7296874431423332,
agiqa3k_full__rn50__split43,AGIQA-3K-full,43,RN50,core,cc_joint,0.0,1.0,0.1,0.8366955888648205,0.5852341911249294,0.710964889994875,0.5902508008119116,0.4081872192458089,0.8911702656573897,0.45382323404980907,0.7448916501032188,
agiqa3k_full__rn50__split43,AGIQA-3K-full,43,RN50,core,ridge_matched,0.0,0.5,0.0,0.8382518835959453,0.5926697203992282,0.7154608019975868,0.5834750616594352,0.4027526550946653,0.8919154591876528,0.4525781864142926,0.745478890618736,
agiqa3k_full__rn50__split43,AGIQA-3K-full,43,RN50,core,sample_joint,0.0,3.0,3.0,0.8397751592284882,0.6016647478907402,0.7207199535596143,0.6061287749636937,0.4264364213509806,0.8877278052750537,0.46860168358523396,0.7561846571880604,
agiqa3k_full__rn50__split43,AGIQA-3K-full,43,RN50,core,uncentered_joint,0.0,1.0,0.03,0.8364387427776843,0.5846357419249787,0.7105372423513314,0.5892772584008746,0.41109744442733853,0.8912535899413779,0.4535999621497358,0.7442439763702343,
agiqa3k_full__rn50__split43,AGIQA-3K-full,43,RN50,core,cc_joint,0.005,1.0,0.1,0.8366955888648205,0.5852341911249294,0.710964889994875,0.5902508008119116,0.4081872192458089,0.8911702656573897,0.45382323404980907,0.7448916501032188,
agiqa3k_full__rn50__split43,AGIQA-3K-full,43,RN50,core,ridge_matched,0.005,0.5,0.0,0.8382518835959453,0.5926697203992282,0.7154608019975868,0.5834750616594352,0.4027526550946653,0.8919154591876528,0.4525781864142926,0.745478890618736,
agiqa3k_full__rn50__split43,AGIQA-3K-full,43,RN50,core,sample_joint,0.005,3.0,3.0,0.8397751592284882,0.6016647478907402,0.7207199535596143,0.6061287749636937,0.4264364213509806,0.8877278052750537,0.46860168358523396,0.7561846571880604,
agiqa3k_full__rn50__split43,AGIQA-3K-full,43,RN50,core,uncentered_joint,0.005,1.0,0.03,0.8364387427776843,0.5846357419249787,0.7105372423513314,0.5892772584008746,0.41109744442733853,0.8912535899413779,0.4535999621497358,0.7442439763702343,
agiqa3k_full__rn50__split43,AGIQA-3K-full,43,RN50,core,cc_joint,0.01,1.0,0.1,0.8366955888648205,0.5852341911249294,0.710964889994875,0.5902508008119116,0.4081872192458089,0.8911702656573897,0.45382323404980907,0.7448916501032188,
agiqa3k_full__rn50__split43,AGIQA-3K-full,43,RN50,core,ridge_matched,0.01,0.5,0.0,0.8382518835959453,0.5926697203992282,0.7154608019975868,0.5834750616594352,0.4027526550946653,0.8919154591876528,0.4525781864142926,0.745478890618736,
agiqa3k_full__rn50__split43,AGIQA-3K-full,43,RN50,core,sample_joint,0.01,3.0,3.0,0.8397751592284882,0.6016647478907402,0.7207199535596143,0.6061287749636937,0.4264364213509806,0.8877278052750537,0.46860168358523396,0.7561846571880604,
agiqa3k_full__rn50__split43,AGIQA-3K-full,43,RN50,core,uncentered_joint,0.01,1.0,0.03,0.8364387427776843,0.5846357419249787,0.7105372423513314,0.5892772584008746,0.41109744442733853,0.8912535899413779,0.4535999621497358,0.7442439763702343,
agiqa3k_full__rn50__split43,AGIQA-3K-full,43,RN50,core,cc_joint,0.02,1.0,0.1,0.8366955888648205,0.5852341911249294,0.710964889994875,0.5902508008119116,0.4081872192458089,0.8911702656573897,0.45382323404980907,0.7448916501032188,
agiqa3k_full__rn50__split43,AGIQA-3K-full,43,RN50,core,ridge_matched,0.02,0.5,0.0,0.8382518835959453,0.5926697203992282,0.7154608019975868,0.5834750616594352,0.4027526550946653,0.8919154591876528,0.4525781864142926,0.745478890618736,
agiqa3k_full__rn50__split43,AGIQA-3K-full,43,RN50,core,sample_joint,0.02,3.0,3.0,0.8397751592284882,0.6016647478907402,0.7207199535596143,0.6061287749636937,0.4264364213509806,0.8877278052750537,0.46860168358523396,0.7561846571880604,
agiqa3k_full__rn50__split43,AGIQA-3K-full,43,RN50,core,uncentered_joint,0.02,1.0,0.03,0.8364387427776843,0.5846357419249787,0.7105372423513314,0.5892772584008746,0.41109744442733853,0.8912535899413779,0.4535999621497358,0.7442439763702343,
agiqa3k_full__rn50__split43,AGIQA-3K-full,43,RN50,core,cc_joint,0.05,1.0,0.1,0.8366955888648205,0.5852341911249294,0.710964889994875,0.5902508008119116,0.4081872192458089,0.8911702656573897,0.45382323404980907,0.7448916501032188,
agiqa3k_full__rn50__split43,AGIQA-3K-full,43,RN50,core,ridge_matched,0.05,0.5,0.0,0.8382518835959453,0.5926697203992282,0.7154608019975868,0.5834750616594352,0.4027526550946653,0.8919154591876528,0.4525781864142926,0.745478890618736,
agiqa3k_full__rn50__split43,AGIQA-3K-full,43,RN50,core,sample_joint,0.05,3.0,3.0,0.8397751592284882,0.6016647478907402,0.7207199535596143,0.6061287749636937,0.4264364213509806,0.8877278052750537,0.46860168358523396,0.7561846571880604,
agiqa3k_full__rn50__split43,AGIQA-3K-full,43,RN50,core,uncentered_joint,0.05,1.0,0.03,0.8364387427776843,0.5846357419249787,0.7105372423513314,0.5892772584008746,0.41109744442733853,0.8912535899413779,0.4535999621497358,0.7442439763702343,
agiqa3k_full__rn50__split44,AGIQA-3K-full,44,RN50,core,cc_joint,0.0,30.0,30.0,0.8296511644146444,0.5645564083161925,0.6971037863654184,0.5848856787959535,0.34369322297231336,0.8739899292807465,0.5562047324419893,0.7611700352800549,
agiqa3k_full__rn50__split44,AGIQA-3K-full,44,RN50,core,ridge_matched,0.0,0.5,0.0,0.8415058834714677,0.5861488615751396,0.7138273725233036,0.5605389050900239,0.34234813665319874,0.8999645167601174,0.4440064921431144,0.7573205677493925,
agiqa3k_full__rn50__split44,AGIQA-3K-full,44,RN50,core,sample_joint,0.0,100.0,100.0,0.8362627429620785,0.6035226831430841,0.7198927130525813,0.5973186734894241,0.3585014873041575,0.8688990040510606,0.563200446950012,0.7733762222433261,
agiqa3k_full__rn50__split44,AGIQA-3K-full,44,RN50,core,uncentered_joint,0.0,1.0,0.0,0.8392045128536351,0.5783074307939824,0.7087559718238088,0.5595343286167781,0.36526031468864906,0.8986349374294228,0.447047773152819,0.7539515599615942,
agiqa3k_full__rn50__split44,AGIQA-3K-full,44,RN50,core,cc_joint,0.005,30.0,30.0,0.8296511644146444,0.5645564083161925,0.6971037863654184,0.5848856787959535,0.34369322297231336,0.8739899292807465,0.5562047324419893,0.7611700352800549,
agiqa3k_full__rn50__split44,AGIQA-3K-full,44,RN50,core,ridge_matched,0.005,0.5,0.0,0.8415058834714677,0.5861488615751396,0.7138273725233036,0.5605389050900239,0.34234813665319874,0.8999645167601174,0.4440064921431144,0.7573205677493925,
agiqa3k_full__rn50__split44,AGIQA-3K-full,44,RN50,core,sample_joint,0.005,100.0,100.0,0.8362627429620785,0.6035226831430841,0.7198927130525813,0.5973186734894241,0.3585014873041575,0.8688990040510606,0.563200446950012,0.7733762222433261,
agiqa3k_full__rn50__split44,AGIQA-3K-full,44,RN50,core,uncentered_joint,0.005,1.0,0.0,0.8392045128536351,0.5783074307939824,0.7087559718238088,0.5595343286167781,0.36526031468864906,0.8986349374294228,0.447047773152819,0.7539515599615942,
agiqa3k_full__rn50__split44,AGIQA-3K-full,44,RN50,core,cc_joint,0.01,30.0,30.0,0.8296511644146444,0.5645564083161925,0.6971037863654184,0.5848856787959535,0.34369322297231336,0.8739899292807465,0.5562047324419893,0.7611700352800549,
agiqa3k_full__rn50__split44,AGIQA-3K-full,44,RN50,core,ridge_matched,0.01,0.5,0.0,0.8415058834714677,0.5861488615751396,0.7138273725233036,0.5605389050900239,0.34234813665319874,0.8999645167601174,0.4440064921431144,0.7573205677493925,
agiqa3k_full__rn50__split44,AGIQA-3K-full,44,RN50,core,sample_joint,0.01,100.0,100.0,0.8362627429620785,0.6035226831430841,0.7198927130525813,0.5973186734894241,0.3585014873041575,0.8688990040510606,0.563200446950012,0.7733762222433261,
agiqa3k_full__rn50__split44,AGIQA-3K-full,44,RN50,core,uncentered_joint,0.01,1.0,0.0,0.8392045128536351,0.5783074307939824,0.7087559718238088,0.5595343286167781,0.36526031468864906,0.8986349374294228,0.447047773152819,0.7539515599615942,
agiqa3k_full__rn50__split44,AGIQA-3K-full,44,RN50,core,cc_joint,0.02,30.0,30.0,0.8296511644146444,0.5645564083161925,0.6971037863654184,0.5848856787959535,0.34369322297231336,0.8739899292807465,0.5562047324419893,0.7611700352800549,
agiqa3k_full__rn50__split44,AGIQA-3K-full,44,RN50,core,ridge_matched,0.02,0.5,0.0,0.8415058834714677,0.5861488615751396,0.7138273725233036,0.5605389050900239,0.34234813665319874,0.8999645167601174,0.4440064921431144,0.7573205677493925,
agiqa3k_full__rn50__split44,AGIQA-3K-full,44,RN50,core,sample_joint,0.02,100.0,100.0,0.8362627429620785,0.6035226831430841,0.7198927130525813,0.5973186734894241,0.3585014873041575,0.8688990040510606,0.563200446950012,0.7733762222433261,
agiqa3k_full__rn50__split44,AGIQA-3K-full,44,RN50,core,uncentered_joint,0.02,1.0,0.0,0.8392045128536351,0.5783074307939824,0.7087559718238088,0.5595343286167781,0.36526031468864906,0.8986349374294228,0.447047773152819,0.7539515599615942,
agiqa3k_full__rn50__split44,AGIQA-3K-full,44,RN50,core,cc_joint,0.05,30.0,30.0,0.8296511644146444,0.5645564083161925,0.6971037863654184,0.5848856787959535,0.34369322297231336,0.8739899292807465,0.5562047324419893,0.7611700352800549,
agiqa3k_full__rn50__split44,AGIQA-3K-full,44,RN50,core,ridge_matched,0.05,0.5,0.0,0.8415058834714677,0.5861488615751396,0.7138273725233036,0.5605389050900239,0.34234813665319874,0.8999645167601174,0.4440064921431144,0.7573205677493925,
agiqa3k_full__rn50__split44,AGIQA-3K-full,44,RN50,core,sample_joint,0.05,100.0,100.0,0.8362627429620785,0.6035226831430841,0.7198927130525813,0.5973186734894241,0.3585014873041575,0.8688990040510606,0.563200446950012,0.7733762222433261,
agiqa3k_full__rn50__split44,AGIQA-3K-full,44,RN50,core,uncentered_joint,0.05,1.0,0.0,0.8392045128536351,0.5783074307939824,0.7087559718238088,0.5595343286167781,0.36526031468864906,0.8986349374294228,0.447047773152819,0.7539515599615942,
agiqa3k_full__rn50__split45,AGIQA-3K-full,45,RN50,core,cc_joint,0.0,30.0,30.0,0.8470956572192373,0.6515406280338247,0.749318142626531,0.6273353651118754,0.41628210004132576,0.8774401101450743,0.5409746854473582,0.791297274618285,
agiqa3k_full__rn50__split45,AGIQA-3K-full,45,RN50,core,ridge_matched,0.0,0.25,0.0,0.8584990777223279,0.6522452942662156,0.7553721859942717,0.5800237316832914,0.3273464016625327,0.8988320952540745,0.44281796674059737,0.7711931894365928,
agiqa3k_full__rn50__split45,AGIQA-3K-full,45,RN50,core,sample_joint,0.0,30.0,30.0,0.8541922442026765,0.6758992948263439,0.7650457695145102,0.630791830725447,0.4179222087440263,0.87833862510082,0.5327604713430342,0.796821881338606,
agiqa3k_full__rn50__split45,AGIQA-3K-full,45,RN50,core,uncentered_joint,0.0,1.0,0.03,0.8572449407736576,0.6404833630751249,0.7488641519243913,0.5974669407135654,0.35857278500218487,0.9003343282810538,0.440350074280018,0.7728495186438109,
agiqa3k_full__rn50__split45,AGIQA-3K-full,45,RN50,core,cc_joint,0.005,30.0,30.0,0.8470956572192373,0.6515406280338247,0.749318142626531,0.6273353651118754,0.41628210004132576,0.8774401101450743,0.5409746854473582,0.791297274618285,
agiqa3k_full__rn50__split45,AGIQA-3K-full,45,RN50,core,ridge_matched,0.005,0.25,0.0,0.8584990777223279,0.6522452942662156,0.7553721859942717,0.5800237316832914,0.3273464016625327,0.8988320952540745,0.44281796674059737,0.7711931894365928,
agiqa3k_full__rn50__split45,AGIQA-3K-full,45,RN50,core,sample_joint,0.005,30.0,30.0,0.8541922442026765,0.6758992948263439,0.7650457695145102,0.630791830725447,0.4179222087440263,0.87833862510082,0.5327604713430342,0.796821881338606,
agiqa3k_full__rn50__split45,AGIQA-3K-full,45,RN50,core,uncentered_joint,0.005,1.0,0.03,0.8572449407736576,0.6404833630751249,0.7488641519243913,0.5974669407135654,0.35857278500218487,0.9003343282810538,0.440350074280018,0.7728495186438109,
agiqa3k_full__rn50__split45,AGIQA-3K-full,45,RN50,core,cc_joint,0.01,30.0,30.0,0.8470956572192373,0.6515406280338247,0.749318142626531,0.6273353651118754,0.41628210004132576,0.8774401101450743,0.5409746854473582,0.791297274618285,
agiqa3k_full__rn50__split45,AGIQA-3K-full,45,RN50,core,ridge_matched,0.01,0.25,0.0,0.8584990777223279,0.6522452942662156,0.7553721859942717,0.5800237316832914,0.3273464016625327,0.8988320952540745,0.44281796674059737,0.7711931894365928,
agiqa3k_full__rn50__split45,AGIQA-3K-full,45,RN50,core,sample_joint,0.01,30.0,30.0,0.8541922442026765,0.6758992948263439,0.7650457695145102,0.630791830725447,0.4179222087440263,0.87833862510082,0.5327604713430342,0.796821881338606,
agiqa3k_full__rn50__split45,AGIQA-3K-full,45,RN50,core,uncentered_joint,0.01,1.0,0.03,0.8572449407736576,0.6404833630751249,0.7488641519243913,0.5974669407135654,0.35857278500218487,0.9003343282810538,0.440350074280018,0.7728495186438109,
agiqa3k_full__rn50__split45,AGIQA-3K-full,45,RN50,core,cc_joint,0.02,30.0,30.0,0.8470956572192373,0.6515406280338247,0.749318142626531,0.6273353651118754,0.41628210004132576,0.8774401101450743,0.5409746854473582,0.791297274618285,
agiqa3k_full__rn50__split45,AGIQA-3K-full,45,RN50,core,ridge_matched,0.02,0.25,0.0,0.8584990777223279,0.6522452942662156,0.7553721859942717,0.5800237316832914,0.3273464016625327,0.8988320952540745,0.44281796674059737,0.7711931894365928,
agiqa3k_full__rn50__split45,AGIQA-3K-full,45,RN50,core,sample_joint,0.02,30.0,30.0,0.8541922442026765,0.6758992948263439,0.7650457695145102,0.630791830725447,0.4179222087440263,0.87833862510082,0.5327604713430342,0.796821881338606,
agiqa3k_full__rn50__split45,AGIQA-3K-full,45,RN50,core,uncentered_joint,0.02,1.0,0.03,0.8572449407736576,0.6404833630751249,0.7488641519243913,0.5974669407135654,0.35857278500218487,0.9003343282810538,0.440350074280018,0.7728495186438109,
agiqa3k_full__rn50__split45,AGIQA-3K-full,45,RN50,core,cc_joint,0.05,30.0,30.0,0.8470956572192373,0.6515406280338247,0.749318142626531,0.6273353651118754,0.41628210004132576,0.8774401101450743,0.5409746854473582,0.791297274618285,
agiqa3k_full__rn50__split45,AGIQA-3K-full,45,RN50,core,ridge_matched,0.05,0.25,0.0,0.8584990777223279,0.6522452942662156,0.7553721859942717,0.5800237316832914,0.3273464016625327,0.8988320952540745,0.44281796674059737,0.7711931894365928,
agiqa3k_full__rn50__split45,AGIQA-3K-full,45,RN50,core,sample_joint,0.05,30.0,30.0,0.8541922442026765,0.6758992948263439,0.7650457695145102,0.630791830725447,0.4179222087440263,0.87833862510082,0.5327604713430342,0.796821881338606,
agiqa3k_full__rn50__split45,AGIQA-3K-full,45,RN50,core,uncentered_joint,0.05,1.0,0.03,0.8572449407736576,0.6404833630751249,0.7488641519243913,0.5974669407135654,0.35857278500218487,0.9003343282810538,0.440350074280018,0.7728495186438109,
agiqa3k_full__rn50__split46,AGIQA-3K-full,46,RN50,core,cc_joint,0.0,1.0,0.0,0.8546214090522967,0.6581753275147696,0.7563983682835331,0.6424185653483474,0.4493950242273339,0.9010717999155295,0.44533422278685975,0.78147892303726,
agiqa3k_full__rn50__split46,AGIQA-3K-full,46,RN50,core,ridge_matched,0.0,0.7692307692307692,0.0,0.8560205132223946,0.6609759096837984,0.7584982114530965,0.6455495719235009,0.442995538748695,0.9019385271108964,0.442884964638492,0.7836066287106391,
agiqa3k_full__rn50__split46,AGIQA-3K-full,46,RN50,core,sample_joint,0.0,1.0,1.0,0.8570640502890723,0.6683920662897915,0.7627280582894319,0.6540534008578903,0.44765848042911033,0.9008316814447196,0.4477450910324713,0.788890559697452,
agiqa3k_full__rn50__split46,AGIQA-3K-full,46,RN50,core,uncentered_joint,0.0,1.0,0.03,0.8545363712577346,0.6578513124538776,0.7561938418558061,0.6422678100059448,0.4482373283618515,0.9011864117366398,0.44499830667982165,0.7816410597324179,
agiqa3k_full__rn50__split46,AGIQA-3K-full,46,RN50,core,cc_joint,0.005,1.0,0.0,0.8546214090522967,0.6581753275147696,0.7563983682835331,0.6424185653483474,0.4493950242273339,0.9010717999155295,0.44533422278685975,0.78147892303726,
agiqa3k_full__rn50__split46,AGIQA-3K-full,46,RN50,core,ridge_matched,0.005,0.7692307692307692,0.0,0.8560205132223946,0.6609759096837984,0.7584982114530965,0.6455495719235009,0.442995538748695,0.9019385271108964,0.442884964638492,0.7836066287106391,
agiqa3k_full__rn50__split46,AGIQA-3K-full,46,RN50,core,sample_joint,0.005,1.0,1.0,0.8570640502890723,0.6683920662897915,0.7627280582894319,0.6540534008578903,0.44765848042911033,0.9008316814447196,0.4477450910324713,0.788890559697452,
agiqa3k_full__rn50__split46,AGIQA-3K-full,46,RN50,core,uncentered_joint,0.005,1.0,0.03,0.8545363712577346,0.6578513124538776,0.7561938418558061,0.6422678100059448,0.4482373283618515,0.9011864117366398,0.44499830667982165,0.7816410597324179,
agiqa3k_full__rn50__split46,AGIQA-3K-full,46,RN50,core,cc_joint,0.01,1.0,0.0,0.8546214090522967,0.6581753275147696,0.7563983682835331,0.6424185653483474,0.4493950242273339,0.9010717999155295,0.44533422278685975,0.78147892303726,
agiqa3k_full__rn50__split46,AGIQA-3K-full,46,RN50,core,ridge_matched,0.01,0.7692307692307692,0.0,0.8560205132223946,0.6609759096837984,0.7584982114530965,0.6455495719235009,0.442995538748695,0.9019385271108964,0.442884964638492,0.7836066287106391,
agiqa3k_full__rn50__split46,AGIQA-3K-full,46,RN50,core,sample_joint,0.01,1.0,1.0,0.8570640502890723,0.6683920662897915,0.7627280582894319,0.6540534008578903,0.44765848042911033,0.9008316814447196,0.4477450910324713,0.788890559697452,
agiqa3k_full__rn50__split46,AGIQA-3K-full,46,RN50,core,uncentered_joint,0.01,1.0,0.03,0.8545363712577346,0.6578513124538776,0.7561938418558061,0.6422678100059448,0.4482373283618515,0.9011864117366398,0.44499830667982165,0.7816410597324179,
agiqa3k_full__rn50__split46,AGIQA-3K-full,46,RN50,core,cc_joint,0.02,1.0,0.0,0.8546214090522967,0.6581753275147696,0.7563983682835331,0.6424185653483474,0.4493950242273339,0.9010717999155295,0.44533422278685975,0.78147892303726,
agiqa3k_full__rn50__split46,AGIQA-3K-full,46,RN50,core,ridge_matched,0.02,0.7692307692307692,0.0,0.8560205132223946,0.6609759096837984,0.7584982114530965,0.6455495719235009,0.442995538748695,0.9019385271108964,0.442884964638492,0.7836066287106391,
agiqa3k_full__rn50__split46,AGIQA-3K-full,46,RN50,core,sample_joint,0.02,1.0,1.0,0.8570640502890723,0.6683920662897915,0.7627280582894319,0.6540534008578903,0.44765848042911033,0.9008316814447196,0.4477450910324713,0.788890559697452,
agiqa3k_full__rn50__split46,AGIQA-3K-full,46,RN50,core,uncentered_joint,0.02,1.0,0.03,0.8545363712577346,0.6578513124538776,0.7561938418558061,0.6422678100059448,0.4482373283618515,0.9011864117366398,0.44499830667982165,0.7816410597324179,
agiqa3k_full__rn50__split46,AGIQA-3K-full,46,RN50,core,cc_joint,0.05,1.0,0.0,0.8546214090522967,0.6581753275147696,0.7563983682835331,0.6424185653483474,0.4493950242273339,0.9010717999155295,0.44533422278685975,0.78147892303726,
agiqa3k_full__rn50__split46,AGIQA-3K-full,46,RN50,core,ridge_matched,0.05,0.7692307692307692,0.0,0.8560205132223946,0.6609759096837984,0.7584982114530965,0.6455495719235009,0.442995538748695,0.9019385271108964,0.442884964638492,0.7836066287106391,
agiqa3k_full__rn50__split46,AGIQA-3K-full,46,RN50,core,sample_joint,0.05,1.0,1.0,0.8570640502890723,0.6683920662897915,0.7627280582894319,0.6540534008578903,0.44765848042911033,0.9008316814447196,0.4477450910324713,0.788890559697452,
agiqa3k_full__rn50__split46,AGIQA-3K-full,46,RN50,core,uncentered_joint,0.05,1.0,0.03,0.8545363712577346,0.6578513124538776,0.7561938418558061,0.6422678100059448,0.4482373283618515,0.9011864117366398,0.44499830667982165,0.7816410597324179,
aigciqa2023__rn50__split42,AIGCIQA2023,42,RN50,core,cc_joint,0.0,10.0,3.0,0.7987785913200601,0.4474910796786093,0.6231348354993347,0.447491038123862,0.23206446235065292,0.8229534772520792,0.0592042398481748,0.6401734854813553,
aigciqa2023__rn50__split42,AIGCIQA2023,42,RN50,core,ridge_matched,0.0,2.727272727272727,0.0,0.7989977288274958,0.448778477306189,0.6238881030668424,0.4487783524773361,0.2609058071686579,0.8279719835707234,0.05445923049231543,0.6202251640216733,
aigciqa2023__rn50__split42,AIGCIQA2023,42,RN50,core,sample_joint,0.0,10.0,3.0,0.7987785913200601,0.4474910796786093,0.6231348354993347,0.447491038123862,0.23206446235065292,0.8229534772520792,0.059204239848174786,0.6401734854813553,
aigciqa2023__rn50__split42,AIGCIQA2023,42,RN50,core,uncentered_joint,0.0,3.0,0.1,0.7989977288274958,0.448778477306189,0.6238881030668424,0.4487783524773361,0.2609058071686579,0.8279719835707235,0.05445923049231536,0.6202251640216737,
aigciqa2023__rn50__split42,AIGCIQA2023,42,RN50,core,cc_joint,0.005,10.0,3.0,0.7987785913200601,0.4474910796786093,0.6231348354993347,0.447491038123862,0.23206446235065292,0.8229534772520792,0.0592042398481748,0.6401734854813553,
aigciqa2023__rn50__split42,AIGCIQA2023,42,RN50,core,ridge_matched,0.005,2.727272727272727,0.0,0.7989977288274958,0.448778477306189,0.6238881030668424,0.4487783524773361,0.2609058071686579,0.8279719835707234,0.05445923049231543,0.6202251640216733,
aigciqa2023__rn50__split42,AIGCIQA2023,42,RN50,core,sample_joint,0.005,10.0,3.0,0.7987785913200601,0.4474910796786093,0.6231348354993347,0.447491038123862,0.23206446235065292,0.8229534772520792,0.059204239848174786,0.6401734854813553,
aigciqa2023__rn50__split42,AIGCIQA2023,42,RN50,core,uncentered_joint,0.005,3.0,0.1,0.7989977288274958,0.448778477306189,0.6238881030668424,0.4487783524773361,0.2609058071686579,0.8279719835707235,0.05445923049231536,0.6202251640216737,
aigciqa2023__rn50__split42,AIGCIQA2023,42,RN50,core,cc_joint,0.01,10.0,3.0,0.7987785913200601,0.4474910796786093,0.6231348354993347,0.447491038123862,0.23206446235065292,0.8229534772520792,0.0592042398481748,0.6401734854813553,
aigciqa2023__rn50__split42,AIGCIQA2023,42,RN50,core,ridge_matched,0.01,2.727272727272727,0.0,0.7989977288274958,0.448778477306189,0.6238881030668424,0.4487783524773361,0.2609058071686579,0.8279719835707234,0.05445923049231543,0.6202251640216733,
aigciqa2023__rn50__split42,AIGCIQA2023,42,RN50,core,sample_joint,0.01,10.0,3.0,0.7987785913200601,0.4474910796786093,0.6231348354993347,0.447491038123862,0.23206446235065292,0.8229534772520792,0.059204239848174786,0.6401734854813553,
aigciqa2023__rn50__split42,AIGCIQA2023,42,RN50,core,uncentered_joint,0.01,3.0,0.1,0.7989977288274958,0.448778477306189,0.6238881030668424,0.4487783524773361,0.2609058071686579,0.8279719835707235,0.05445923049231536,0.6202251640216737,
aigciqa2023__rn50__split42,AIGCIQA2023,42,RN50,core,cc_joint,0.02,10.0,3.0,0.7987785913200601,0.4474910796786093,0.6231348354993347,0.447491038123862,0.23206446235065292,0.8229534772520792,0.0592042398481748,0.6401734854813553,
aigciqa2023__rn50__split42,AIGCIQA2023,42,RN50,core,ridge_matched,0.02,2.727272727272727,0.0,0.7989977288274958,0.448778477306189,0.6238881030668424,0.4487783524773361,0.2609058071686579,0.8279719835707234,0.05445923049231543,0.6202251640216733,
aigciqa2023__rn50__split42,AIGCIQA2023,42,RN50,core,sample_joint,0.02,10.0,3.0,0.7987785913200601,0.4474910796786093,0.6231348354993347,0.447491038123862,0.23206446235065292,0.8229534772520792,0.059204239848174786,0.6401734854813553,
aigciqa2023__rn50__split42,AIGCIQA2023,42,RN50,core,uncentered_joint,0.02,3.0,0.1,0.7989977288274958,0.448778477306189,0.6238881030668424,0.4487783524773361,0.2609058071686579,0.8279719835707235,0.05445923049231536,0.6202251640216737,
aigciqa2023__rn50__split42,AIGCIQA2023,42,RN50,core,cc_joint,0.05,10.0,3.0,0.7987785913200601,0.4474910796786093,0.6231348354993347,0.447491038123862,0.23206446235065292,0.8229534772520792,0.0592042398481748,0.6401734854813553,
aigciqa2023__rn50__split42,AIGCIQA2023,42,RN50,core,ridge_matched,0.05,2.727272727272727,0.0,0.7989977288274958,0.448778477306189,0.6238881030668424,0.4487783524773361,0.2609058071686579,0.8279719835707234,0.05445923049231543,0.6202251640216733,
aigciqa2023__rn50__split42,AIGCIQA2023,42,RN50,core,sample_joint,0.05,10.0,3.0,0.7987785913200601,0.4474910796786093,0.6231348354993347,0.447491038123862,0.23206446235065292,0.8229534772520792,0.059204239848174786,0.6401734854813553,
aigciqa2023__rn50__split42,AIGCIQA2023,42,RN50,core,uncentered_joint,0.05,3.0,0.1,0.7989977288274958,0.448778477306189,0.6238881030668424,0.4487783524773361,0.2609058071686579,0.8279719835707235,0.05445923049231536,0.6202251640216737,
aigciqa2023__rn50__split42__logo_Controlnet,AIGCIQA2023,42,RN50,logo,cc_joint,0.0,3.0,0.3,0.4305137532109575,0.4305137532109575,0.4305137532109575,0.4305137532109575,0.4305137532109575,0.453727671688661,0.051602697905139744,0.453727671688661,Controlnet
aigciqa2023__rn50__split42__logo_Controlnet,AIGCIQA2023,42,RN50,logo,ridge_matched,0.0,2.5,0.0,0.42642585266157906,0.42642585266157906,0.42642585266157906,0.42642585266157906,0.42642585266157906,0.4490620439640901,0.051323370332762776,0.44906204396409005,Controlnet
aigciqa2023__rn50__split42__logo_Controlnet,AIGCIQA2023,42,RN50,logo,sample_joint,0.0,3.0,0.3,0.4305137532109575,0.4305137532109575,0.4305137532109575,0.4305137532109575,0.4305137532109575,0.45372767168866107,0.051602697905139744,0.45372767168866107,Controlnet
aigciqa2023__rn50__split42__logo_Controlnet,AIGCIQA2023,42,RN50,logo,uncentered_joint,0.0,10.0,3.0,0.42642585266157906,0.42642585266157906,0.42642585266157906,0.42642585266157906,0.42642585266157906,0.44906204396409016,0.051323370332762776,0.44906204396409005,Controlnet
aigciqa2023__rn50__split42__logo_Controlnet,AIGCIQA2023,42,RN50,logo,cc_joint,0.005,3.0,0.3,0.4305137532109575,0.4305137532109575,0.4305137532109575,0.4305137532109575,0.4305137532109575,0.453727671688661,0.051602697905139744,0.453727671688661,Controlnet
aigciqa2023__rn50__split42__logo_Controlnet,AIGCIQA2023,42,RN50,logo,ridge_matched,0.005,2.5,0.0,0.42642585266157906,0.42642585266157906,0.42642585266157906,0.42642585266157906,0.42642585266157906,0.4490620439640901,0.051323370332762776,0.44906204396409005,Controlnet
aigciqa2023__rn50__split42__logo_Controlnet,AIGCIQA2023,42,RN50,logo,sample_joint,0.005,3.0,0.3,0.4305137532109575,0.4305137532109575,0.4305137532109575,0.4305137532109575,0.4305137532109575,0.45372767168866107,0.051602697905139744,0.45372767168866107,Controlnet
aigciqa2023__rn50__split42__logo_Controlnet,AIGCIQA2023,42,RN50,logo,uncentered_joint,0.005,10.0,3.0,0.42642585266157906,0.42642585266157906,0.42642585266157906,0.42642585266157906,0.42642585266157906,0.44906204396409016,0.051323370332762776,0.44906204396409005,Controlnet
aigciqa2023__rn50__split42__logo_Controlnet,AIGCIQA2023,42,RN50,logo,cc_joint,0.01,3.0,0.3,0.4305137532109575,0.4305137532109575,0.4305137532109575,0.4305137532109575,0.4305137532109575,0.453727671688661,0.051602697905139744,0.453727671688661,Controlnet
aigciqa2023__rn50__split42__logo_Controlnet,AIGCIQA2023,42,RN50,logo,ridge_matched,0.01,2.5,0.0,0.42642585266157906,0.42642585266157906,0.42642585266157906,0.42642585266157906,0.42642585266157906,0.4490620439640901,0.051323370332762776,0.44906204396409005,Controlnet
aigciqa2023__rn50__split42__logo_Controlnet,AIGCIQA2023,42,RN50,logo,sample_joint,0.01,3.0,0.3,0.4305137532109575,0.4305137532109575,0.4305137532109575,0.4305137532109575,0.4305137532109575,0.45372767168866107,0.051602697905139744,0.45372767168866107,Controlnet
aigciqa2023__rn50__split42__logo_Controlnet,AIGCIQA2023,42,RN50,logo,uncentered_joint,0.01,10.0,3.0,0.42642585266157906,0.42642585266157906,0.42642585266157906,0.42642585266157906,0.42642585266157906,0.44906204396409016,0.051323370332762776,0.44906204396409005,Controlnet
aigciqa2023__rn50__split42__logo_Controlnet,AIGCIQA2023,42,RN50,logo,cc_joint,0.02,3.0,0.3,0.4305137532109575,0.4305137532109575,0.4305137532109575,0.4305137532109575,0.4305137532109575,0.453727671688661,0.051602697905139744,0.453727671688661,Controlnet
aigciqa2023__rn50__split42__logo_Controlnet,AIGCIQA2023,42,RN50,logo,ridge_matched,0.02,2.5,0.0,0.42642585266157906,0.42642585266157906,0.42642585266157906,0.42642585266157906,0.42642585266157906,0.4490620439640901,0.051323370332762776,0.44906204396409005,Controlnet
aigciqa2023__rn50__split42__logo_Controlnet,AIGCIQA2023,42,RN50,logo,sample_joint,0.02,3.0,0.3,0.4305137532109575,0.4305137532109575,0.4305137532109575,0.4305137532109575,0.4305137532109575,0.45372767168866107,0.051602697905139744,0.45372767168866107,Controlnet
aigciqa2023__rn50__split42__logo_Controlnet,AIGCIQA2023,42,RN50,logo,uncentered_joint,0.02,10.0,3.0,0.42642585266157906,0.42642585266157906,0.42642585266157906,0.42642585266157906,0.42642585266157906,0.44906204396409016,0.051323370332762776,0.44906204396409005,Controlnet
aigciqa2023__rn50__split42__logo_Controlnet,AIGCIQA2023,42,RN50,logo,cc_joint,0.05,3.0,0.3,0.4305137532109575,0.4305137532109575,0.4305137532109575,0.4305137532109575,0.4305137532109575,0.453727671688661,0.051602697905139744,0.453727671688661,Controlnet
aigciqa2023__rn50__split42__logo_Controlnet,AIGCIQA2023,42,RN50,logo,ridge_matched,0.05,2.5,0.0,0.42642585266157906,0.42642585266157906,0.42642585266157906,0.42642585266157906,0.42642585266157906,0.4490620439640901,0.051323370332762776,0.44906204396409005,Controlnet
aigciqa2023__rn50__split42__logo_Controlnet,AIGCIQA2023,42,RN50,logo,sample_joint,0.05,3.0,0.3,0.4305137532109575,0.4305137532109575,0.4305137532109575,0.4305137532109575,0.4305137532109575,0.45372767168866107,0.051602697905139744,0.45372767168866107,Controlnet
aigciqa2023__rn50__split42__logo_Controlnet,AIGCIQA2023,42,RN50,logo,uncentered_joint,0.05,10.0,3.0,0.42642585266157906,0.42642585266157906,0.42642585266157906,0.42642585266157906,0.42642585266157906,0.44906204396409016,0.051323370332762776,0.44906204396409005,Controlnet
aigciqa2023__rn50__split42__logo_DALLE,AIGCIQA2023,42,RN50,logo,cc_joint,0.0,10.0,3.0,0.3712675253251989,0.3712675253251989,0.3712675253251989,0.3712675253251989,0.3712675253251989,0.39127508061531896,0.07714695385847183,0.391275080615319,DALLE
aigciqa2023__rn50__split42__logo_DALLE,AIGCIQA2023,42,RN50,logo,ridge_matched,0.0,0.970873786407767,0.0,0.36927082525222815,0.36927082525222815,0.36927082525222815,0.36927082525222815,0.36927082525222815,0.3879057741209072,0.06743012065095622,0.38790577412090727,DALLE
aigciqa2023__rn50__split42__logo_DALLE,AIGCIQA2023,42,RN50,logo,sample_joint,0.0,10.0,3.0,0.3712675253251989,0.3712675253251989,0.3712675253251989,0.3712675253251989,0.3712675253251989,0.39127508061531896,0.07714695385847183,0.391275080615319,DALLE
aigciqa2023__rn50__split42__logo_DALLE,AIGCIQA2023,42,RN50,logo,uncentered_joint,0.0,1.0,0.03,0.36927082525222815,0.36927082525222815,0.36927082525222815,0.36927082525222815,0.36927082525222815,0.3879057741209093,0.06743012065095629,0.3879057741209095,DALLE
aigciqa2023__rn50__split42__logo_DALLE,AIGCIQA2023,42,RN50,logo,cc_joint,0.005,10.0,3.0,0.3712675253251989,0.3712675253251989,0.3712675253251989,0.3712675253251989,0.3712675253251989,0.39127508061531896,0.07714695385847183,0.391275080615319,DALLE
aigciqa2023__rn50__split42__logo_DALLE,AIGCIQA2023,42,RN50,logo,ridge_matched,0.005,0.970873786407767,0.0,0.36927082525222815,0.36927082525222815,0.36927082525222815,0.36927082525222815,0.36927082525222815,0.3879057741209072,0.06743012065095622,0.38790577412090727,DALLE
aigciqa2023__rn50__split42__logo_DALLE,AIGCIQA2023,42,RN50,logo,sample_joint,0.005,10.0,3.0,0.3712675253251989,0.3712675253251989,0.3712675253251989,0.3712675253251989,0.3712675253251989,0.39127508061531896,0.07714695385847183,0.391275080615319,DALLE
aigciqa2023__rn50__split42__logo_DALLE,AIGCIQA2023,42,RN50,logo,uncentered_joint,0.005,1.0,0.03,0.36927082525222815,0.36927082525222815,0.36927082525222815,0.36927082525222815,0.36927082525222815,0.3879057741209093,0.06743012065095629,0.3879057741209095,DALLE
aigciqa2023__rn50__split42__logo_DALLE,AIGCIQA2023,42,RN50,logo,cc_joint,0.01,10.0,3.0,0.3712675253251989,0.3712675253251989,0.3712675253251989,0.3712675253251989,0.3712675253251989,0.39127508061531896,0.07714695385847183,0.391275080615319,DALLE
aigciqa2023__rn50__split42__logo_DALLE,AIGCIQA2023,42,RN50,logo,ridge_matched,0.01,0.970873786407767,0.0,0.36927082525222815,0.36927082525222815,0.36927082525222815,0.36927082525222815,0.36927082525222815,0.3879057741209072,0.06743012065095622,0.38790577412090727,DALLE
aigciqa2023__rn50__split42__logo_DALLE,AIGCIQA2023,42,RN50,logo,sample_joint,0.01,10.0,3.0,0.3712675253251989,0.3712675253251989,0.3712675253251989,0.3712675253251989,0.3712675253251989,0.39127508061531896,0.07714695385847183,0.391275080615319,DALLE
aigciqa2023__rn50__split42__logo_DALLE,AIGCIQA2023,42,RN50,logo,uncentered_joint,0.01,1.0,0.03,0.36927082525222815,0.36927082525222815,0.36927082525222815,0.36927082525222815,0.36927082525222815,0.3879057741209093,0.06743012065095629,0.3879057741209095,DALLE
aigciqa2023__rn50__split42__logo_DALLE,AIGCIQA2023,42,RN50,logo,cc_joint,0.02,10.0,3.0,0.3712675253251989,0.3712675253251989,0.3712675253251989,0.3712675253251989,0.3712675253251989,0.39127508061531896,0.07714695385847183,0.391275080615319,DALLE
aigciqa2023__rn50__split42__logo_DALLE,AIGCIQA2023,42,RN50,logo,ridge_matched,0.02,0.970873786407767,0.0,0.36927082525222815,0.36927082525222815,0.36927082525222815,0.36927082525222815,0.36927082525222815,0.3879057741209072,0.06743012065095622,0.38790577412090727,DALLE
aigciqa2023__rn50__split42__logo_DALLE,AIGCIQA2023,42,RN50,logo,sample_joint,0.02,10.0,3.0,0.3712675253251989,0.3712675253251989,0.3712675253251989,0.3712675253251989,0.3712675253251989,0.39127508061531896,0.07714695385847183,0.391275080615319,DALLE
aigciqa2023__rn50__split42__logo_DALLE,AIGCIQA2023,42,RN50,logo,uncentered_joint,0.02,1.0,0.03,0.36927082525222815,0.36927082525222815,0.36927082525222815,0.36927082525222815,0.36927082525222815,0.3879057741209093,0.06743012065095629,0.3879057741209095,DALLE
aigciqa2023__rn50__split42__logo_DALLE,AIGCIQA2023,42,RN50,logo,cc_joint,0.05,10.0,3.0,0.3712675253251989,0.3712675253251989,0.3712675253251989,0.3712675253251989,0.3712675253251989,0.39127508061531896,0.07714695385847183,0.391275080615319,DALLE
aigciqa2023__rn50__split42__logo_DALLE,AIGCIQA2023,42,RN50,logo,ridge_matched,0.05,0.970873786407767,0.0,0.36927082525222815,0.36927082525222815,0.36927082525222815,0.36927082525222815,0.36927082525222815,0.3879057741209072,0.06743012065095622,0.38790577412090727,DALLE
aigciqa2023__rn50__split42__logo_DALLE,AIGCIQA2023,42,RN50,logo,sample_joint,0.05,10.0,3.0,0.3712675253251989,0.3712675253251989,0.3712675253251989,0.3712675253251989,0.3712675253251989,0.39127508061531896,0.07714695385847183,0.391275080615319,DALLE
aigciqa2023__rn50__split42__logo_DALLE,AIGCIQA2023,42,RN50,logo,uncentered_joint,0.05,1.0,0.03,0.36927082525222815,0.36927082525222815,0.36927082525222815,0.36927082525222815,0.36927082525222815,0.3879057741209093,0.06743012065095629,0.3879057741209095,DALLE
aigciqa2023__rn50__split42__logo_Glide,AIGCIQA2023,42,RN50,logo,cc_joint,0.0,3.0,1.0,0.33476702979393613,0.33476702979393613,0.33476702979393613,0.33476702979393613,0.33476702979393613,0.34379076243918416,0.0622496177337975,0.3437907624391842,Glide
aigciqa2023__rn50__split42__logo_Glide,AIGCIQA2023,42,RN50,logo,ridge_matched,0.0,1.5,0.0,0.33930737067106664,0.33930737067106664,0.33930737067106664,0.33930737067106664,0.33930737067106664,0.3438414333525519,0.0574408216246524,0.34384143335255196,Glide
aigciqa2023__rn50__split42__logo_Glide,AIGCIQA2023,42,RN50,logo,sample_joint,0.0,3.0,1.0,0.33476702979393613,0.33476702979393613,0.33476702979393613,0.33476702979393613,0.33476702979393613,0.3437907624391843,0.06224961773379752,0.3437907624391844,Glide
aigciqa2023__rn50__split42__logo_Glide,AIGCIQA2023,42,RN50,logo,uncentered_joint,0.0,3.0,1.0,0.33930737067106664,0.33930737067106664,0.33930737067106664,0.33930737067106664,0.33930737067106664,0.34384143335255185,0.057440821624652326,0.34384143335255185,Glide
aigciqa2023__rn50__split42__logo_Glide,AIGCIQA2023,42,RN50,logo,cc_joint,0.005,3.0,1.0,0.33476702979393613,0.33476702979393613,0.33476702979393613,0.33476702979393613,0.33476702979393613,0.34379076243918416,0.0622496177337975,0.3437907624391842,Glide
aigciqa2023__rn50__split42__logo_Glide,AIGCIQA2023,42,RN50,logo,ridge_matched,0.005,1.5,0.0,0.33930737067106664,0.33930737067106664,0.33930737067106664,0.33930737067106664,0.33930737067106664,0.3438414333525519,0.0574408216246524,0.34384143335255196,Glide
aigciqa2023__rn50__split42__logo_Glide,AIGCIQA2023,42,RN50,logo,sample_joint,0.005,3.0,1.0,0.33476702979393613,0.33476702979393613,0.33476702979393613,0.33476702979393613,0.33476702979393613,0.3437907624391843,0.06224961773379752,0.3437907624391844,Glide
aigciqa2023__rn50__split42__logo_Glide,AIGCIQA2023,42,RN50,logo,uncentered_joint,0.005,3.0,1.0,0.33930737067106664,0.33930737067106664,0.33930737067106664,0.33930737067106664,0.33930737067106664,0.34384143335255185,0.057440821624652326,0.34384143335255185,Glide
aigciqa2023__rn50__split42__logo_Glide,AIGCIQA2023,42,RN50,logo,cc_joint,0.01,3.0,1.0,0.33476702979393613,0.33476702979393613,0.33476702979393613,0.33476702979393613,0.33476702979393613,0.34379076243918416,0.0622496177337975,0.3437907624391842,Glide
aigciqa2023__rn50__split42__logo_Glide,AIGCIQA2023,42,RN50,logo,ridge_matched,0.01,1.5,0.0,0.33930737067106664,0.33930737067106664,0.33930737067106664,0.33930737067106664,0.33930737067106664,0.3438414333525519,0.0574408216246524,0.34384143335255196,Glide
aigciqa2023__rn50__split42__logo_Glide,AIGCIQA2023,42,RN50,logo,sample_joint,0.01,3.0,1.0,0.33476702979393613,0.33476702979393613,0.33476702979393613,0.33476702979393613,0.33476702979393613,0.3437907624391843,0.06224961773379752,0.3437907624391844,Glide
aigciqa2023__rn50__split42__logo_Glide,AIGCIQA2023,42,RN50,logo,uncentered_joint,0.01,3.0,1.0,0.33930737067106664,0.33930737067106664,0.33930737067106664,0.33930737067106664,0.33930737067106664,0.34384143335255185,0.057440821624652326,0.34384143335255185,Glide
aigciqa2023__rn50__split42__logo_Glide,AIGCIQA2023,42,RN50,logo,cc_joint,0.02,3.0,1.0,0.33476702979393613,0.33476702979393613,0.33476702979393613,0.33476702979393613,0.33476702979393613,0.34379076243918416,0.0622496177337975,0.3437907624391842,Glide
aigciqa2023__rn50__split42__logo_Glide,AIGCIQA2023,42,RN50,logo,ridge_matched,0.02,1.5,0.0,0.33930737067106664,0.33930737067106664,0.33930737067106664,0.33930737067106664,0.33930737067106664,0.3438414333525519,0.0574408216246524,0.34384143335255196,Glide
aigciqa2023__rn50__split42__logo_Glide,AIGCIQA2023,42,RN50,logo,sample_joint,0.02,3.0,1.0,0.33476702979393613,0.33476702979393613,0.33476702979393613,0.33476702979393613,0.33476702979393613,0.3437907624391843,0.06224961773379752,0.3437907624391844,Glide
aigciqa2023__rn50__split42__logo_Glide,AIGCIQA2023,42,RN50,logo,uncentered_joint,0.02,3.0,1.0,0.33930737067106664,0.33930737067106664,0.33930737067106664,0.33930737067106664,0.33930737067106664,0.34384143335255185,0.057440821624652326,0.34384143335255185,Glide
aigciqa2023__rn50__split42__logo_Glide,AIGCIQA2023,42,RN50,logo,cc_joint,0.05,3.0,1.0,0.33476702979393613,0.33476702979393613,0.33476702979393613,0.33476702979393613,0.33476702979393613,0.34379076243918416,0.0622496177337975,0.3437907624391842,Glide
aigciqa2023__rn50__split42__logo_Glide,AIGCIQA2023,42,RN50,logo,ridge_matched,0.05,1.5,0.0,0.33930737067106664,0.33930737067106664,0.33930737067106664,0.33930737067106664,0.33930737067106664,0.3438414333525519,0.0574408216246524,0.34384143335255196,Glide
aigciqa2023__rn50__split42__logo_Glide,AIGCIQA2023,42,RN50,logo,sample_joint,0.05,3.0,1.0,0.33476702979393613,0.33476702979393613,0.33476702979393613,0.33476702979393613,0.33476702979393613,0.3437907624391843,0.06224961773379752,0.3437907624391844,Glide
aigciqa2023__rn50__split42__logo_Glide,AIGCIQA2023,42,RN50,logo,uncentered_joint,0.05,3.0,1.0,0.33930737067106664,0.33930737067106664,0.33930737067106664,0.33930737067106664,0.33930737067106664,0.34384143335255185,0.057440821624652326,0.34384143335255185,Glide
aigciqa2023__rn50__split42__logo_Lafite,AIGCIQA2023,42,RN50,logo,cc_joint,0.0,3.0,0.0,0.12316314476965479,0.12316314476965479,0.12316314476965479,0.12316314476965479,0.12316314476965479,0.14498049541234587,0.07044790171179133,0.14498049541234584,Lafite
aigciqa2023__rn50__split42__logo_Lafite,AIGCIQA2023,42,RN50,logo,ridge_matched,0.0,2.912621359223301,0.0,0.12420490128063298,0.12420490128063298,0.12420490128063298,0.12420490128063298,0.12420490128063298,0.14600163843503472,0.07022977550699205,0.1460016384350347,Lafite
aigciqa2023__rn50__split42__logo_Lafite,AIGCIQA2023,42,RN50,logo,sample_joint,0.0,3.0,0.0,0.12316314476965479,0.12316314476965479,0.12316314476965479,0.12316314476965479,0.12316314476965479,0.14498049541234587,0.07044790171179133,0.14498049541234584,Lafite
aigciqa2023__rn50__split42__logo_Lafite,AIGCIQA2023,42,RN50,logo,uncentered_joint,0.0,3.0,0.03,0.12420490128063298,0.12420490128063298,0.12420490128063298,0.12420490128063298,0.12420490128063298,0.14600163843503378,0.07022977550699222,0.1460016384350338,Lafite
aigciqa2023__rn50__split42__logo_Lafite,AIGCIQA2023,42,RN50,logo,cc_joint,0.005,3.0,0.0,0.12316314476965479,0.12316314476965479,0.12316314476965479,0.12316314476965479,0.12316314476965479,0.14498049541234587,0.07044790171179133,0.14498049541234584,Lafite
aigciqa2023__rn50__split42__logo_Lafite,AIGCIQA2023,42,RN50,logo,ridge_matched,0.005,2.912621359223301,0.0,0.12420490128063298,0.12420490128063298,0.12420490128063298,0.12420490128063298,0.12420490128063298,0.14600163843503472,0.07022977550699205,0.1460016384350347,Lafite
aigciqa2023__rn50__split42__logo_Lafite,AIGCIQA2023,42,RN50,logo,sample_joint,0.005,3.0,0.0,0.12316314476965479,0.12316314476965479,0.12316314476965479,0.12316314476965479,0.12316314476965479,0.14498049541234587,0.07044790171179133,0.14498049541234584,Lafite
aigciqa2023__rn50__split42__logo_Lafite,AIGCIQA2023,42,RN50,logo,uncentered_joint,0.005,3.0,0.03,0.12420490128063298,0.12420490128063298,0.12420490128063298,0.12420490128063298,0.12420490128063298,0.14600163843503378,0.07022977550699222,0.1460016384350338,Lafite
aigciqa2023__rn50__split42__logo_Lafite,AIGCIQA2023,42,RN50,logo,cc_joint,0.01,3.0,0.0,0.12316314476965479,0.12316314476965479,0.12316314476965479,0.12316314476965479,0.12316314476965479,0.14498049541234587,0.07044790171179133,0.14498049541234584,Lafite
aigciqa2023__rn50__split42__logo_Lafite,AIGCIQA2023,42,RN50,logo,ridge_matched,0.01,2.912621359223301,0.0,0.12420490128063298,0.12420490128063298,0.12420490128063298,0.12420490128063298,0.12420490128063298,0.14600163843503472,0.07022977550699205,0.1460016384350347,Lafite
aigciqa2023__rn50__split42__logo_Lafite,AIGCIQA2023,42,RN50,logo,sample_joint,0.01,3.0,0.0,0.12316314476965479,0.12316314476965479,0.12316314476965479,0.12316314476965479,0.12316314476965479,0.14498049541234587,0.07044790171179133,0.14498049541234584,Lafite
aigciqa2023__rn50__split42__logo_Lafite,AIGCIQA2023,42,RN50,logo,uncentered_joint,0.01,3.0,0.03,0.12420490128063298,0.12420490128063298,0.12420490128063298,0.12420490128063298,0.12420490128063298,0.14600163843503378,0.07022977550699222,0.1460016384350338,Lafite
aigciqa2023__rn50__split42__logo_Lafite,AIGCIQA2023,42,RN50,logo,cc_joint,0.02,3.0,0.0,0.12316314476965479,0.12316314476965479,0.12316314476965479,0.12316314476965479,0.12316314476965479,0.14498049541234587,0.07044790171179133,0.14498049541234584,Lafite
aigciqa2023__rn50__split42__logo_Lafite,AIGCIQA2023,42,RN50,logo,ridge_matched,0.02,2.912621359223301,0.0,0.12420490128063298,0.12420490128063298,0.12420490128063298,0.12420490128063298,0.12420490128063298,0.14600163843503472,0.07022977550699205,0.1460016384350347,Lafite
aigciqa2023__rn50__split42__logo_Lafite,AIGCIQA2023,42,RN50,logo,sample_joint,0.02,3.0,0.0,0.12316314476965479,0.12316314476965479,0.12316314476965479,0.12316314476965479,0.12316314476965479,0.14498049541234587,0.07044790171179133,0.14498049541234584,Lafite
aigciqa2023__rn50__split42__logo_Lafite,AIGCIQA2023,42,RN50,logo,uncentered_joint,0.02,3.0,0.03,0.12420490128063298,0.12420490128063298,0.12420490128063298,0.12420490128063298,0.12420490128063298,0.14600163843503378,0.07022977550699222,0.1460016384350338,Lafite
aigciqa2023__rn50__split42__logo_Lafite,AIGCIQA2023,42,RN50,logo,cc_joint,0.05,3.0,0.0,0.12316314476965479,0.12316314476965479,0.12316314476965479,0.12316314476965479,0.12316314476965479,0.14498049541234587,0.07044790171179133,0.14498049541234584,Lafite
aigciqa2023__rn50__split42__logo_Lafite,AIGCIQA2023,42,RN50,logo,ridge_matched,0.05,2.912621359223301,0.0,0.12420490128063298,0.12420490128063298,0.12420490128063298,0.12420490128063298,0.12420490128063298,0.14600163843503472,0.07022977550699205,0.1460016384350347,Lafite
aigciqa2023__rn50__split42__logo_Lafite,AIGCIQA2023,42,RN50,logo,sample_joint,0.05,3.0,0.0,0.12316314476965479,0.12316314476965479,0.12316314476965479,0.12316314476965479,0.12316314476965479,0.14498049541234587,0.07044790171179133,0.14498049541234584,Lafite
aigciqa2023__rn50__split42__logo_Lafite,AIGCIQA2023,42,RN50,logo,uncentered_joint,0.05,3.0,0.03,0.12420490128063298,0.12420490128063298,0.12420490128063298,0.12420490128063298,0.12420490128063298,0.14600163843503378,0.07022977550699222,0.1460016384350338,Lafite
aigciqa2023__rn50__split42__logo_Unidiffuser,AIGCIQA2023,42,RN50,logo,cc_joint,0.0,3.0,1.0,0.6806202538765866,0.6806202538765866,0.6806202538765866,0.6806202538765866,0.6806202538765866,0.735805193094211,0.06669952232396369,0.7358051930942111,Unidiffuser
aigciqa2023__rn50__split42__logo_Unidiffuser,AIGCIQA2023,42,RN50,logo,ridge_matched,0.0,1.5,0.0,0.674575966099788,0.674575966099788,0.674575966099788,0.674575966099788,0.674575966099788,0.728259352051655,0.06727242339130456,0.728259352051655,Unidiffuser
aigciqa2023__rn50__split42__logo_Unidiffuser,AIGCIQA2023,42,RN50,logo,sample_joint,0.0,3.0,1.0,0.6806202538765866,0.6806202538765866,0.6806202538765866,0.6806202538765866,0.6806202538765866,0.7358051930942108,0.06669952232396369,0.735805193094211,Unidiffuser
aigciqa2023__rn50__split42__logo_Unidiffuser,AIGCIQA2023,42,RN50,logo,uncentered_joint,0.0,3.0,1.0,0.674575966099788,0.674575966099788,0.674575966099788,0.674575966099788,0.674575966099788,0.7282593520516546,0.06727242339130456,0.7282593520516546,Unidiffuser
aigciqa2023__rn50__split42__logo_Unidiffuser,AIGCIQA2023,42,RN50,logo,cc_joint,0.005,3.0,1.0,0.6806202538765866,0.6806202538765866,0.6806202538765866,0.6806202538765866,0.6806202538765866,0.735805193094211,0.06669952232396369,0.7358051930942111,Unidiffuser
aigciqa2023__rn50__split42__logo_Unidiffuser,AIGCIQA2023,42,RN50,logo,ridge_matched,0.005,1.5,0.0,0.674575966099788,0.674575966099788,0.674575966099788,0.674575966099788,0.674575966099788,0.728259352051655,0.06727242339130456,0.728259352051655,Unidiffuser
aigciqa2023__rn50__split42__logo_Unidiffuser,AIGCIQA2023,42,RN50,logo,sample_joint,0.005,3.0,1.0,0.6806202538765866,0.6806202538765866,0.6806202538765866,0.6806202538765866,0.6806202538765866,0.7358051930942108,0.06669952232396369,0.735805193094211,Unidiffuser
aigciqa2023__rn50__split42__logo_Unidiffuser,AIGCIQA2023,42,RN50,logo,uncentered_joint,0.005,3.0,1.0,0.674575966099788,0.674575966099788,0.674575966099788,0.674575966099788,0.674575966099788,0.7282593520516546,0.06727242339130456,0.7282593520516546,Unidiffuser
aigciqa2023__rn50__split42__logo_Unidiffuser,AIGCIQA2023,42,RN50,logo,cc_joint,0.01,3.0,1.0,0.6806202538765866,0.6806202538765866,0.6806202538765866,0.6806202538765866,0.6806202538765866,0.735805193094211,0.06669952232396369,0.7358051930942111,Unidiffuser
aigciqa2023__rn50__split42__logo_Unidiffuser,AIGCIQA2023,42,RN50,logo,ridge_matched,0.01,1.5,0.0,0.674575966099788,0.674575966099788,0.674575966099788,0.674575966099788,0.674575966099788,0.728259352051655,0.06727242339130456,0.728259352051655,Unidiffuser
aigciqa2023__rn50__split42__logo_Unidiffuser,AIGCIQA2023,42,RN50,logo,sample_joint,0.01,3.0,1.0,0.6806202538765866,0.6806202538765866,0.6806202538765866,0.6806202538765866,0.6806202538765866,0.7358051930942108,0.06669952232396369,0.735805193094211,Unidiffuser
aigciqa2023__rn50__split42__logo_Unidiffuser,AIGCIQA2023,42,RN50,logo,uncentered_joint,0.01,3.0,1.0,0.674575966099788,0.674575966099788,0.674575966099788,0.674575966099788,0.674575966099788,0.7282593520516546,0.06727242339130456,0.7282593520516546,Unidiffuser
aigciqa2023__rn50__split42__logo_Unidiffuser,AIGCIQA2023,42,RN50,logo,cc_joint,0.02,3.0,1.0,0.6806202538765866,0.6806202538765866,0.6806202538765866,0.6806202538765866,0.6806202538765866,0.735805193094211,0.06669952232396369,0.7358051930942111,Unidiffuser
aigciqa2023__rn50__split42__logo_Unidiffuser,AIGCIQA2023,42,RN50,logo,ridge_matched,0.02,1.5,0.0,0.674575966099788,0.674575966099788,0.674575966099788,0.674575966099788,0.674575966099788,0.728259352051655,0.06727242339130456,0.728259352051655,Unidiffuser
aigciqa2023__rn50__split42__logo_Unidiffuser,AIGCIQA2023,42,RN50,logo,sample_joint,0.02,3.0,1.0,0.6806202538765866,0.6806202538765866,0.6806202538765866,0.6806202538765866,0.6806202538765866,0.7358051930942108,0.06669952232396369,0.735805193094211,Unidiffuser
aigciqa2023__rn50__split42__logo_Unidiffuser,AIGCIQA2023,42,RN50,logo,uncentered_joint,0.02,3.0,1.0,0.674575966099788,0.674575966099788,0.674575966099788,0.674575966099788,0.674575966099788,0.7282593520516546,0.06727242339130456,0.7282593520516546,Unidiffuser
aigciqa2023__rn50__split42__logo_Unidiffuser,AIGCIQA2023,42,RN50,logo,cc_joint,0.05,3.0,1.0,0.6806202538765866,0.6806202538765866,0.6806202538765866,0.6806202538765866,0.6806202538765866,0.735805193094211,0.06669952232396369,0.7358051930942111,Unidiffuser
aigciqa2023__rn50__split42__logo_Unidiffuser,AIGCIQA2023,42,RN50,logo,ridge_matched,0.05,1.5,0.0,0.674575966099788,0.674575966099788,0.674575966099788,0.674575966099788,0.674575966099788,0.728259352051655,0.06727242339130456,0.728259352051655,Unidiffuser
aigciqa2023__rn50__split42__logo_Unidiffuser,AIGCIQA2023,42,RN50,logo,sample_joint,0.05,3.0,1.0,0.6806202538765866,0.6806202538765866,0.6806202538765866,0.6806202538765866,0.6806202538765866,0.7358051930942108,0.06669952232396369,0.735805193094211,Unidiffuser
aigciqa2023__rn50__split42__logo_Unidiffuser,AIGCIQA2023,42,RN50,logo,uncentered_joint,0.05,3.0,1.0,0.674575966099788,0.674575966099788,0.674575966099788,0.674575966099788,0.674575966099788,0.7282593520516546,0.06727242339130456,0.7282593520516546,Unidiffuser
aigciqa2023__rn50__split42__logo_stable-diffusion,AIGCIQA2023,42,RN50,logo,cc_joint,0.0,10.0,3.0,0.659150619691373,0.659150619691373,0.659150619691373,0.659150619691373,0.659150619691373,0.7067954445810426,0.0650870402387065,0.7067954445810427,stable-diffusion
aigciqa2023__rn50__split42__logo_stable-diffusion,AIGCIQA2023,42,RN50,logo,ridge_matched,0.0,5.0,0.0,0.6232655204095024,0.6232655204095024,0.6232655204095024,0.6232655204095024,0.6232655204095024,0.6670933843222527,0.06570822237594623,0.6670933843222528,stable-diffusion
aigciqa2023__rn50__split42__logo_stable-diffusion,AIGCIQA2023,42,RN50,logo,sample_joint,0.0,10.0,3.0,0.659150619691373,0.659150619691373,0.659150619691373,0.659150619691373,0.659150619691373,0.7067954445810426,0.06508704023870651,0.7067954445810426,stable-diffusion
aigciqa2023__rn50__split42__logo_stable-diffusion,AIGCIQA2023,42,RN50,logo,uncentered_joint,0.0,10.0,1.0,0.6232655204095024,0.6232655204095024,0.6232655204095024,0.6232655204095024,0.6232655204095024,0.667093384322253,0.06570822237594622,0.667093384322253,stable-diffusion
aigciqa2023__rn50__split42__logo_stable-diffusion,AIGCIQA2023,42,RN50,logo,cc_joint,0.005,10.0,3.0,0.659150619691373,0.659150619691373,0.659150619691373,0.659150619691373,0.659150619691373,0.7067954445810426,0.0650870402387065,0.7067954445810427,stable-diffusion
aigciqa2023__rn50__split42__logo_stable-diffusion,AIGCIQA2023,42,RN50,logo,ridge_matched,0.005,5.0,0.0,0.6232655204095024,0.6232655204095024,0.6232655204095024,0.6232655204095024,0.6232655204095024,0.6670933843222527,0.06570822237594623,0.6670933843222528,stable-diffusion
aigciqa2023__rn50__split42__logo_stable-diffusion,AIGCIQA2023,42,RN50,logo,sample_joint,0.005,10.0,3.0,0.659150619691373,0.659150619691373,0.659150619691373,0.659150619691373,0.659150619691373,0.7067954445810426,0.06508704023870651,0.7067954445810426,stable-diffusion
aigciqa2023__rn50__split42__logo_stable-diffusion,AIGCIQA2023,42,RN50,logo,uncentered_joint,0.005,10.0,1.0,0.6232655204095024,0.6232655204095024,0.6232655204095024,0.6232655204095024,0.6232655204095024,0.667093384322253,0.06570822237594622,0.667093384322253,stable-diffusion
aigciqa2023__rn50__split42__logo_stable-diffusion,AIGCIQA2023,42,RN50,logo,cc_joint,0.01,10.0,3.0,0.659150619691373,0.659150619691373,0.659150619691373,0.659150619691373,0.659150619691373,0.7067954445810426,0.0650870402387065,0.7067954445810427,stable-diffusion
aigciqa2023__rn50__split42__logo_stable-diffusion,AIGCIQA2023,42,RN50,logo,ridge_matched,0.01,5.0,0.0,0.6232655204095024,0.6232655204095024,0.6232655204095024,0.6232655204095024,0.6232655204095024,0.6670933843222527,0.06570822237594623,0.6670933843222528,stable-diffusion
aigciqa2023__rn50__split42__logo_stable-diffusion,AIGCIQA2023,42,RN50,logo,sample_joint,0.01,10.0,3.0,0.659150619691373,0.659150619691373,0.659150619691373,0.659150619691373,0.659150619691373,0.7067954445810426,0.06508704023870651,0.7067954445810426,stable-diffusion
aigciqa2023__rn50__split42__logo_stable-diffusion,AIGCIQA2023,42,RN50,logo,uncentered_joint,0.01,10.0,1.0,0.6232655204095024,0.6232655204095024,0.6232655204095024,0.6232655204095024,0.6232655204095024,0.667093384322253,0.06570822237594622,0.667093384322253,stable-diffusion
aigciqa2023__rn50__split42__logo_stable-diffusion,AIGCIQA2023,42,RN50,logo,cc_joint,0.02,10.0,3.0,0.659150619691373,0.659150619691373,0.659150619691373,0.659150619691373,0.659150619691373,0.7067954445810426,0.0650870402387065,0.7067954445810427,stable-diffusion
aigciqa2023__rn50__split42__logo_stable-diffusion,AIGCIQA2023,42,RN50,logo,ridge_matched,0.02,5.0,0.0,0.6232655204095024,0.6232655204095024,0.6232655204095024,0.6232655204095024,0.6232655204095024,0.6670933843222527,0.06570822237594623,0.6670933843222528,stable-diffusion
aigciqa2023__rn50__split42__logo_stable-diffusion,AIGCIQA2023,42,RN50,logo,sample_joint,0.02,10.0,3.0,0.659150619691373,0.659150619691373,0.659150619691373,0.659150619691373,0.659150619691373,0.7067954445810426,0.06508704023870651,0.7067954445810426,stable-diffusion
aigciqa2023__rn50__split42__logo_stable-diffusion,AIGCIQA2023,42,RN50,logo,uncentered_joint,0.02,10.0,1.0,0.6232655204095024,0.6232655204095024,0.6232655204095024,0.6232655204095024,0.6232655204095024,0.667093384322253,0.06570822237594622,0.667093384322253,stable-diffusion
aigciqa2023__rn50__split42__logo_stable-diffusion,AIGCIQA2023,42,RN50,logo,cc_joint,0.05,10.0,3.0,0.659150619691373,0.659150619691373,0.659150619691373,0.659150619691373,0.659150619691373,0.7067954445810426,0.0650870402387065,0.7067954445810427,stable-diffusion
aigciqa2023__rn50__split42__logo_stable-diffusion,AIGCIQA2023,42,RN50,logo,ridge_matched,0.05,5.0,0.0,0.6232655204095024,0.6232655204095024,0.6232655204095024,0.6232655204095024,0.6232655204095024,0.6670933843222527,0.06570822237594623,0.6670933843222528,stable-diffusion
aigciqa2023__rn50__split42__logo_stable-diffusion,AIGCIQA2023,42,RN50,logo,sample_joint,0.05,10.0,3.0,0.659150619691373,0.659150619691373,0.659150619691373,0.659150619691373,0.659150619691373,0.7067954445810426,0.06508704023870651,0.7067954445810426,stable-diffusion
aigciqa2023__rn50__split42__logo_stable-diffusion,AIGCIQA2023,42,RN50,logo,uncentered_joint,0.05,10.0,1.0,0.6232655204095024,0.6232655204095024,0.6232655204095024,0.6232655204095024,0.6232655204095024,0.667093384322253,0.06570822237594622,0.667093384322253,stable-diffusion
aigciqa2023__rn50__split43,AIGCIQA2023,43,RN50,core,cc_joint,0.0,1.0,1.0,0.8015342196570447,0.40957673427804026,0.6055554769675425,0.40957673427804014,0.05557099194220616,0.8086203714135625,0.054320229153294784,0.5877651186305647,
aigciqa2023__rn50__split43,AIGCIQA2023,43,RN50,core,ridge_matched,0.0,0.9090909090909091,0.0,0.7989843028624193,0.39810132444197466,0.598542813652197,0.3981013244419745,0.04890247290914142,0.8072457323044551,0.054285796888288815,0.5778060699250506,
aigciqa2023__rn50__split43,AIGCIQA2023,43,RN50,core,sample_joint,0.0,1.0,1.0,0.8015342196570447,0.40957673427804026,0.6055554769675425,0.40957673427804014,0.05557099194220616,0.8086203714135626,0.054320229153294756,0.5877651186305654,
aigciqa2023__rn50__split43,AIGCIQA2023,43,RN50,core,uncentered_joint,0.0,1.0,0.1,0.7989843028624193,0.39810132444197466,0.598542813652197,0.3981013244419745,0.04890247290914142,0.8072457323044546,0.05428579688828885,0.5778060699250493,
aigciqa2023__rn50__split43,AIGCIQA2023,43,RN50,core,cc_joint,0.005,1.0,1.0,0.8015342196570447,0.40957673427804026,0.6055554769675425,0.40957673427804014,0.05557099194220616,0.8086203714135625,0.054320229153294784,0.5877651186305647,
aigciqa2023__rn50__split43,AIGCIQA2023,43,RN50,core,ridge_matched,0.005,0.9090909090909091,0.0,0.7989843028624193,0.39810132444197466,0.598542813652197,0.3981013244419745,0.04890247290914142,0.8072457323044551,0.054285796888288815,0.5778060699250506,
aigciqa2023__rn50__split43,AIGCIQA2023,43,RN50,core,sample_joint,0.005,1.0,1.0,0.8015342196570447,0.40957673427804026,0.6055554769675425,0.40957673427804014,0.05557099194220616,0.8086203714135626,0.054320229153294756,0.5877651186305654,
aigciqa2023__rn50__split43,AIGCIQA2023,43,RN50,core,uncentered_joint,0.005,1.0,0.1,0.7989843028624193,0.39810132444197466,0.598542813652197,0.3981013244419745,0.04890247290914142,0.8072457323044546,0.05428579688828885,0.5778060699250493,
aigciqa2023__rn50__split43,AIGCIQA2023,43,RN50,core,cc_joint,0.01,1.0,1.0,0.8015342196570447,0.40957673427804026,0.6055554769675425,0.40957673427804014,0.05557099194220616,0.8086203714135625,0.054320229153294784,0.5877651186305647,
aigciqa2023__rn50__split43,AIGCIQA2023,43,RN50,core,ridge_matched,0.01,0.9090909090909091,0.0,0.7989843028624193,0.39810132444197466,0.598542813652197,0.3981013244419745,0.04890247290914142,0.8072457323044551,0.054285796888288815,0.5778060699250506,
aigciqa2023__rn50__split43,AIGCIQA2023,43,RN50,core,sample_joint,0.01,1.0,1.0,0.8015342196570447,0.40957673427804026,0.6055554769675425,0.40957673427804014,0.05557099194220616,0.8086203714135626,0.054320229153294756,0.5877651186305654,
aigciqa2023__rn50__split43,AIGCIQA2023,43,RN50,core,uncentered_joint,0.01,1.0,0.1,0.7989843028624193,0.39810132444197466,0.598542813652197,0.3981013244419745,0.04890247290914142,0.8072457323044546,0.05428579688828885,0.5778060699250493,
aigciqa2023__rn50__split43,AIGCIQA2023,43,RN50,core,cc_joint,0.02,1.0,1.0,0.8015342196570447,0.40957673427804026,0.6055554769675425,0.40957673427804014,0.05557099194220616,0.8086203714135625,0.054320229153294784,0.5877651186305647,
aigciqa2023__rn50__split43,AIGCIQA2023,43,RN50,core,ridge_matched,0.02,0.9090909090909091,0.0,0.7989843028624193,0.39810132444197466,0.598542813652197,0.3981013244419745,0.04890247290914142,0.8072457323044551,0.054285796888288815,0.5778060699250506,
aigciqa2023__rn50__split43,AIGCIQA2023,43,RN50,core,sample_joint,0.02,1.0,1.0,0.8015342196570447,0.40957673427804026,0.6055554769675425,0.40957673427804014,0.05557099194220616,0.8086203714135626,0.054320229153294756,0.5877651186305654,
aigciqa2023__rn50__split43,AIGCIQA2023,43,RN50,core,uncentered_joint,0.02,1.0,0.1,0.7989843028624193,0.39810132444197466,0.598542813652197,0.3981013244419745,0.04890247290914142,0.8072457323044546,0.05428579688828885,0.5778060699250493,
aigciqa2023__rn50__split43,AIGCIQA2023,43,RN50,core,cc_joint,0.05,1.0,1.0,0.8015342196570447,0.40957673427804026,0.6055554769675425,0.40957673427804014,0.05557099194220616,0.8086203714135625,0.054320229153294784,0.5877651186305647,
aigciqa2023__rn50__split43,AIGCIQA2023,43,RN50,core,ridge_matched,0.05,0.9090909090909091,0.0,0.7989843028624193,0.39810132444197466,0.598542813652197,0.3981013244419745,0.04890247290914142,0.8072457323044551,0.054285796888288815,0.5778060699250506,
aigciqa2023__rn50__split43,AIGCIQA2023,43,RN50,core,sample_joint,0.05,1.0,1.0,0.8015342196570447,0.40957673427804026,0.6055554769675425,0.40957673427804014,0.05557099194220616,0.8086203714135626,0.054320229153294756,0.5877651186305654,
aigciqa2023__rn50__split43,AIGCIQA2023,43,RN50,core,uncentered_joint,0.05,1.0,0.1,0.7989843028624193,0.39810132444197466,0.598542813652197,0.3981013244419745,0.04890247290914142,0.8072457323044546,0.05428579688828885,0.5778060699250493,
aigciqa2023__rn50__split44,AIGCIQA2023,44,RN50,core,cc_joint,0.0,1.0,0.03,0.7924204662073011,0.3959988885801612,0.5942096773937311,0.3959988885801611,0.03289802722978605,0.8129949287855565,0.05625083110337141,0.5783124302563594,
aigciqa2023__rn50__split44,AIGCIQA2023,44,RN50,core,ridge_matched,0.0,0.970873786407767,0.0,0.7923363606200666,0.39590627026025754,0.5941213154401621,0.3959062702602574,0.03256460127813281,0.8131294132362153,0.05622464648089727,0.5781834774532018,
aigciqa2023__rn50__split44,AIGCIQA2023,44,RN50,core,sample_joint,0.0,1.0,0.03,0.7924204662073011,0.3959988885801612,0.5942096773937311,0.3959988885801611,0.03289802722978605,0.8129949287855566,0.056250831103371375,0.5783124302563597,
aigciqa2023__rn50__split44,AIGCIQA2023,44,RN50,core,uncentered_joint,0.0,1.0,0.03,0.7923363606200666,0.39590627026025754,0.5941213154401621,0.3959062702602574,0.03256460127813281,0.8131294132362159,0.056224646480897186,0.578183477453202,
aigciqa2023__rn50__split44,AIGCIQA2023,44,RN50,core,cc_joint,0.005,1.0,0.03,0.7924204662073011,0.3959988885801612,0.5942096773937311,0.3959988885801611,0.03289802722978605,0.8129949287855565,0.05625083110337141,0.5783124302563594,
aigciqa2023__rn50__split44,AIGCIQA2023,44,RN50,core,ridge_matched,0.005,0.970873786407767,0.0,0.7923363606200666,0.39590627026025754,0.5941213154401621,0.3959062702602574,0.03256460127813281,0.8131294132362153,0.05622464648089727,0.5781834774532018,
aigciqa2023__rn50__split44,AIGCIQA2023,44,RN50,core,sample_joint,0.005,1.0,0.03,0.7924204662073011,0.3959988885801612,0.5942096773937311,0.3959988885801611,0.03289802722978605,0.8129949287855566,0.056250831103371375,0.5783124302563597,
aigciqa2023__rn50__split44,AIGCIQA2023,44,RN50,core,uncentered_joint,0.005,1.0,0.03,0.7923363606200666,0.39590627026025754,0.5941213154401621,0.3959062702602574,0.03256460127813281,0.8131294132362159,0.056224646480897186,0.578183477453202,
aigciqa2023__rn50__split44,AIGCIQA2023,44,RN50,core,cc_joint,0.01,1.0,0.03,0.7924204662073011,0.3959988885801612,0.5942096773937311,0.3959988885801611,0.03289802722978605,0.8129949287855565,0.05625083110337141,0.5783124302563594,
aigciqa2023__rn50__split44,AIGCIQA2023,44,RN50,core,ridge_matched,0.01,0.970873786407767,0.0,0.7923363606200666,0.39590627026025754,0.5941213154401621,0.3959062702602574,0.03256460127813281,0.8131294132362153,0.05622464648089727,0.5781834774532018,
aigciqa2023__rn50__split44,AIGCIQA2023,44,RN50,core,sample_joint,0.01,1.0,0.03,0.7924204662073011,0.3959988885801612,0.5942096773937311,0.3959988885801611,0.03289802722978605,0.8129949287855566,0.056250831103371375,0.5783124302563597,
aigciqa2023__rn50__split44,AIGCIQA2023,44,RN50,core,uncentered_joint,0.01,1.0,0.03,0.7923363606200666,0.39590627026025754,0.5941213154401621,0.3959062702602574,0.03256460127813281,0.8131294132362159,0.056224646480897186,0.578183477453202,
aigciqa2023__rn50__split44,AIGCIQA2023,44,RN50,core,cc_joint,0.02,1.0,0.03,0.7924204662073011,0.3959988885801612,0.5942096773937311,0.3959988885801611,0.03289802722978605,0.8129949287855565,0.05625083110337141,0.5783124302563594,
aigciqa2023__rn50__split44,AIGCIQA2023,44,RN50,core,ridge_matched,0.02,0.970873786407767,0.0,0.7923363606200666,0.39590627026025754,0.5941213154401621,0.3959062702602574,0.03256460127813281,0.8131294132362153,0.05622464648089727,0.5781834774532018,
aigciqa2023__rn50__split44,AIGCIQA2023,44,RN50,core,sample_joint,0.02,1.0,0.03,0.7924204662073011,0.3959988885801612,0.5942096773937311,0.3959988885801611,0.03289802722978605,0.8129949287855566,0.056250831103371375,0.5783124302563597,
aigciqa2023__rn50__split44,AIGCIQA2023,44,RN50,core,uncentered_joint,0.02,1.0,0.03,0.7923363606200666,0.39590627026025754,0.5941213154401621,0.3959062702602574,0.03256460127813281,0.8131294132362159,0.056224646480897186,0.578183477453202,
aigciqa2023__rn50__split44,AIGCIQA2023,44,RN50,core,cc_joint,0.05,1.0,0.03,0.7924204662073011,0.3959988885801612,0.5942096773937311,0.3959988885801611,0.03289802722978605,0.8129949287855565,0.05625083110337141,0.5783124302563594,
aigciqa2023__rn50__split44,AIGCIQA2023,44,RN50,core,ridge_matched,0.05,0.970873786407767,0.0,0.7923363606200666,0.39590627026025754,0.5941213154401621,0.3959062702602574,0.03256460127813281,0.8131294132362153,0.05622464648089727,0.5781834774532018,
aigciqa2023__rn50__split44,AIGCIQA2023,44,RN50,core,sample_joint,0.05,1.0,0.03,0.7924204662073011,0.3959988885801612,0.5942096773937311,0.3959988885801611,0.03289802722978605,0.8129949287855566,0.056250831103371375,0.5783124302563597,
aigciqa2023__rn50__split44,AIGCIQA2023,44,RN50,core,uncentered_joint,0.05,1.0,0.03,0.7923363606200666,0.39590627026025754,0.5941213154401621,0.3959062702602574,0.03256460127813281,0.8131294132362159,0.056224646480897186,0.578183477453202,
aigciqa2023__rn50__split45,AIGCIQA2023,45,RN50,core,cc_joint,0.0,3.0,3.0,0.8022016630786761,0.43538019820320467,0.6187909306409404,0.43538019820320456,0.11714365101417058,0.8126563497771839,0.05700656981443781,0.6116806092750817,
aigciqa2023__rn50__split45,AIGCIQA2023,45,RN50,core,ridge_matched,0.0,1.0,0.0,0.8070828735818436,0.4342687783643605,0.620675825973102,0.4342687783643604,0.12397888302306194,0.824378056374887,0.05467447134151318,0.6018224210343943,
aigciqa2023__rn50__split45,AIGCIQA2023,45,RN50,core,sample_joint,0.0,3.0,3.0,0.8022016630786761,0.43538019820320467,0.6187909306409404,0.43538019820320456,0.11714365101417058,0.8126563497771839,0.057006569814437795,0.6116806092750824,
aigciqa2023__rn50__split45,AIGCIQA2023,45,RN50,core,uncentered_joint,0.0,1.0,0.0,0.8070828735818436,0.4342687783643605,0.620675825973102,0.4342687783643604,0.12397888302306194,0.824378056374887,0.05467447134151318,0.6018224210343943,
aigciqa2023__rn50__split45,AIGCIQA2023,45,RN50,core,cc_joint,0.005,3.0,3.0,0.8022016630786761,0.43538019820320467,0.6187909306409404,0.43538019820320456,0.11714365101417058,0.8126563497771839,0.05700656981443781,0.6116806092750817,
aigciqa2023__rn50__split45,AIGCIQA2023,45,RN50,core,ridge_matched,0.005,1.0,0.0,0.8070828735818436,0.4342687783643605,0.620675825973102,0.4342687783643604,0.12397888302306194,0.824378056374887,0.05467447134151318,0.6018224210343943,
aigciqa2023__rn50__split45,AIGCIQA2023,45,RN50,core,sample_joint,0.005,3.0,3.0,0.8022016630786761,0.43538019820320467,0.6187909306409404,0.43538019820320456,0.11714365101417058,0.8126563497771839,0.057006569814437795,0.6116806092750824,
aigciqa2023__rn50__split45,AIGCIQA2023,45,RN50,core,uncentered_joint,0.005,1.0,0.0,0.8070828735818436,0.4342687783643605,0.620675825973102,0.4342687783643604,0.12397888302306194,0.824378056374887,0.05467447134151318,0.6018224210343943,
aigciqa2023__rn50__split45,AIGCIQA2023,45,RN50,core,cc_joint,0.01,3.0,3.0,0.8022016630786761,0.43538019820320467,0.6187909306409404,0.43538019820320456,0.11714365101417058,0.8126563497771839,0.05700656981443781,0.6116806092750817,
aigciqa2023__rn50__split45,AIGCIQA2023,45,RN50,core,ridge_matched,0.01,1.0,0.0,0.8070828735818436,0.4342687783643605,0.620675825973102,0.4342687783643604,0.12397888302306194,0.824378056374887,0.05467447134151318,0.6018224210343943,
aigciqa2023__rn50__split45,AIGCIQA2023,45,RN50,core,sample_joint,0.01,3.0,3.0,0.8022016630786761,0.43538019820320467,0.6187909306409404,0.43538019820320456,0.11714365101417058,0.8126563497771839,0.057006569814437795,0.6116806092750824,
aigciqa2023__rn50__split45,AIGCIQA2023,45,RN50,core,uncentered_joint,0.01,1.0,0.0,0.8070828735818436,0.4342687783643605,0.620675825973102,0.4342687783643604,0.12397888302306194,0.824378056374887,0.05467447134151318,0.6018224210343943,
aigciqa2023__rn50__split45,AIGCIQA2023,45,RN50,core,cc_joint,0.02,3.0,3.0,0.8022016630786761,0.43538019820320467,0.6187909306409404,0.43538019820320456,0.11714365101417058,0.8126563497771839,0.05700656981443781,0.6116806092750817,
aigciqa2023__rn50__split45,AIGCIQA2023,45,RN50,core,ridge_matched,0.02,1.0,0.0,0.8070828735818436,0.4342687783643605,0.620675825973102,0.4342687783643604,0.12397888302306194,0.824378056374887,0.05467447134151318,0.6018224210343943,
aigciqa2023__rn50__split45,AIGCIQA2023,45,RN50,core,sample_joint,0.02,3.0,3.0,0.8022016630786761,0.43538019820320467,0.6187909306409404,0.43538019820320456,0.11714365101417058,0.8126563497771839,0.057006569814437795,0.6116806092750824,
aigciqa2023__rn50__split45,AIGCIQA2023,45,RN50,core,uncentered_joint,0.02,1.0,0.0,0.8070828735818436,0.4342687783643605,0.620675825973102,0.4342687783643604,0.12397888302306194,0.824378056374887,0.05467447134151318,0.6018224210343943,
aigciqa2023__rn50__split45,AIGCIQA2023,45,RN50,core,cc_joint,0.05,3.0,3.0,0.8022016630786761,0.43538019820320467,0.6187909306409404,0.43538019820320456,0.11714365101417058,0.8126563497771839,0.05700656981443781,0.6116806092750817,
aigciqa2023__rn50__split45,AIGCIQA2023,45,RN50,core,ridge_matched,0.05,1.0,0.0,0.8070828735818436,0.4342687783643605,0.620675825973102,0.4342687783643604,0.12397888302306194,0.824378056374887,0.05467447134151318,0.6018224210343943,
aigciqa2023__rn50__split45,AIGCIQA2023,45,RN50,core,sample_joint,0.05,3.0,3.0,0.8022016630786761,0.43538019820320467,0.6187909306409404,0.43538019820320456,0.11714365101417058,0.8126563497771839,0.057006569814437795,0.6116806092750824,
aigciqa2023__rn50__split45,AIGCIQA2023,45,RN50,core,uncentered_joint,0.05,1.0,0.0,0.8070828735818436,0.4342687783643605,0.620675825973102,0.4342687783643604,0.12397888302306194,0.824378056374887,0.05467447134151318,0.6018224210343943,
aigciqa2023__rn50__split46,AIGCIQA2023,46,RN50,core,cc_joint,0.0,1.0,3.0,0.7265287540798927,0.3032138557006576,0.5148713048902751,0.3032138557006575,0.1523756599055293,0.7292034082416581,0.06844939438697187,0.46305471547336674,
aigciqa2023__rn50__split46,AIGCIQA2023,46,RN50,core,ridge_matched,0.0,0.1,0.0,0.7131040105762134,0.2676484208576457,0.4903762157169296,0.26764842085764556,0.08763545429285911,0.7081602100846537,0.07132804109713325,0.41088769388018237,
aigciqa2023__rn50__split46,AIGCIQA2023,46,RN50,core,sample_joint,0.0,1.0,3.0,0.7265287540798927,0.3032138557006576,0.5148713048902751,0.3032138557006575,0.1523756599055293,0.7292034082416589,0.06844939438697183,0.46305471547336774,
aigciqa2023__rn50__split46,AIGCIQA2023,46,RN50,core,uncentered_joint,0.0,0.1,0.0,0.7131040105762134,0.2676484208576457,0.4903762157169296,0.26764842085764556,0.08763545429285911,0.7081602100846537,0.07132804109713325,0.41088769388018237,
aigciqa2023__rn50__split46,AIGCIQA2023,46,RN50,core,cc_joint,0.005,1.0,3.0,0.7265287540798927,0.3032138557006576,0.5148713048902751,0.3032138557006575,0.1523756599055293,0.7292034082416581,0.06844939438697187,0.46305471547336674,
aigciqa2023__rn50__split46,AIGCIQA2023,46,RN50,core,ridge_matched,0.005,0.1,0.0,0.7131040105762134,0.2676484208576457,0.4903762157169296,0.26764842085764556,0.08763545429285911,0.7081602100846537,0.07132804109713325,0.41088769388018237,
aigciqa2023__rn50__split46,AIGCIQA2023,46,RN50,core,sample_joint,0.005,1.0,3.0,0.7265287540798927,0.3032138557006576,0.5148713048902751,0.3032138557006575,0.1523756599055293,0.7292034082416589,0.06844939438697183,0.46305471547336774,
aigciqa2023__rn50__split46,AIGCIQA2023,46,RN50,core,uncentered_joint,0.005,0.1,0.0,0.7131040105762134,0.2676484208576457,0.4903762157169296,0.26764842085764556,0.08763545429285911,0.7081602100846537,0.07132804109713325,0.41088769388018237,
aigciqa2023__rn50__split46,AIGCIQA2023,46,RN50,core,cc_joint,0.01,1.0,3.0,0.7265287540798927,0.3032138557006576,0.5148713048902751,0.3032138557006575,0.1523756599055293,0.7292034082416581,0.06844939438697187,0.46305471547336674,
aigciqa2023__rn50__split46,AIGCIQA2023,46,RN50,core,ridge_matched,0.01,0.1,0.0,0.7131040105762134,0.2676484208576457,0.4903762157169296,0.26764842085764556,0.08763545429285911,0.7081602100846537,0.07132804109713325,0.41088769388018237,
aigciqa2023__rn50__split46,AIGCIQA2023,46,RN50,core,sample_joint,0.01,1.0,3.0,0.7265287540798927,0.3032138557006576,0.5148713048902751,0.3032138557006575,0.1523756599055293,0.7292034082416589,0.06844939438697183,0.46305471547336774,
aigciqa2023__rn50__split46,AIGCIQA2023,46,RN50,core,uncentered_joint,0.01,0.1,0.0,0.7131040105762134,0.2676484208576457,0.4903762157169296,0.26764842085764556,0.08763545429285911,0.7081602100846537,0.07132804109713325,0.41088769388018237,
aigciqa2023__rn50__split46,AIGCIQA2023,46,RN50,core,cc_joint,0.02,1.0,3.0,0.7265287540798927,0.3032138557006576,0.5148713048902751,0.3032138557006575,0.1523756599055293,0.7292034082416581,0.06844939438697187,0.46305471547336674,
aigciqa2023__rn50__split46,AIGCIQA2023,46,RN50,core,ridge_matched,0.02,0.1,0.0,0.7131040105762134,0.2676484208576457,0.4903762157169296,0.26764842085764556,0.08763545429285911,0.7081602100846537,0.07132804109713325,0.41088769388018237,
aigciqa2023__rn50__split46,AIGCIQA2023,46,RN50,core,sample_joint,0.02,1.0,3.0,0.7265287540798927,0.3032138557006576,0.5148713048902751,0.3032138557006575,0.1523756599055293,0.7292034082416589,0.06844939438697183,0.46305471547336774,
aigciqa2023__rn50__split46,AIGCIQA2023,46,RN50,core,uncentered_joint,0.02,0.1,0.0,0.7131040105762134,0.2676484208576457,0.4903762157169296,0.26764842085764556,0.08763545429285911,0.7081602100846537,0.07132804109713325,0.41088769388018237,
aigciqa2023__rn50__split46,AIGCIQA2023,46,RN50,core,cc_joint,0.05,1.0,3.0,0.7265287540798927,0.3032138557006576,0.5148713048902751,0.3032138557006575,0.1523756599055293,0.7292034082416581,0.06844939438697187,0.46305471547336674,
aigciqa2023__rn50__split46,AIGCIQA2023,46,RN50,core,ridge_matched,0.05,0.1,0.0,0.7131040105762134,0.2676484208576457,0.4903762157169296,0.26764842085764556,0.08763545429285911,0.7081602100846537,0.07132804109713325,0.41088769388018237,
aigciqa2023__rn50__split46,AIGCIQA2023,46,RN50,core,sample_joint,0.05,1.0,3.0,0.7265287540798927,0.3032138557006576,0.5148713048902751,0.3032138557006575,0.1523756599055293,0.7292034082416589,0.06844939438697183,0.46305471547336774,
aigciqa2023__rn50__split46,AIGCIQA2023,46,RN50,core,uncentered_joint,0.05,0.1,0.0,0.7131040105762134,0.2676484208576457,0.4903762157169296,0.26764842085764556,0.08763545429285911,0.7081602100846537,0.07132804109713325,0.41088769388018237,
aigciqa2023__vit_b_32__split42,AIGCIQA2023,42,ViT-B-32,core,cc_joint,0.0,10.0,3.0,0.803682693261697,0.46524605271508607,0.6344643729883915,0.4652458779181117,0.2536815782161711,0.8127309273931412,0.06074266997887727,0.6458678926221537,
aigciqa2023__vit_b_32__split42,AIGCIQA2023,42,ViT-B-32,core,ridge_matched,0.0,1.5,0.0,0.8005995931424122,0.4443142639501213,0.6224569285462668,0.4443139704710828,0.2811892192275632,0.8184867048201088,0.054980503695437895,0.6217984619748881,
aigciqa2023__vit_b_32__split42,AIGCIQA2023,42,ViT-B-32,core,sample_joint,0.0,10.0,3.0,0.803682693261697,0.46524605271508607,0.6344643729883915,0.4652458779181117,0.2536815782161711,0.8127309273931412,0.06074266997887729,0.6458678926221535,
aigciqa2023__vit_b_32__split42,AIGCIQA2023,42,ViT-B-32,core,uncentered_joint,0.0,3.0,1.0,0.8005995931424122,0.4443142639501213,0.6224569285462668,0.4443139704710828,0.2811892192275632,0.8184867048201087,0.0549805036954379,0.6217984619748879,
aigciqa2023__vit_b_32__split42,AIGCIQA2023,42,ViT-B-32,core,cc_joint,0.005,10.0,3.0,0.803682693261697,0.46524605271508607,0.6344643729883915,0.4652458779181117,0.2536815782161711,0.8127309273931412,0.06074266997887727,0.6458678926221537,
aigciqa2023__vit_b_32__split42,AIGCIQA2023,42,ViT-B-32,core,ridge_matched,0.005,1.5,0.0,0.8005995931424122,0.4443142639501213,0.6224569285462668,0.4443139704710828,0.2811892192275632,0.8184867048201088,0.054980503695437895,0.6217984619748881,
aigciqa2023__vit_b_32__split42,AIGCIQA2023,42,ViT-B-32,core,sample_joint,0.005,10.0,3.0,0.803682693261697,0.46524605271508607,0.6344643729883915,0.4652458779181117,0.2536815782161711,0.8127309273931412,0.06074266997887729,0.6458678926221535,
aigciqa2023__vit_b_32__split42,AIGCIQA2023,42,ViT-B-32,core,uncentered_joint,0.005,3.0,1.0,0.8005995931424122,0.4443142639501213,0.6224569285462668,0.4443139704710828,0.2811892192275632,0.8184867048201087,0.0549805036954379,0.6217984619748879,
aigciqa2023__vit_b_32__split42,AIGCIQA2023,42,ViT-B-32,core,cc_joint,0.01,10.0,3.0,0.803682693261697,0.46524605271508607,0.6344643729883915,0.4652458779181117,0.2536815782161711,0.8127309273931412,0.06074266997887727,0.6458678926221537,
aigciqa2023__vit_b_32__split42,AIGCIQA2023,42,ViT-B-32,core,ridge_matched,0.01,1.5,0.0,0.8005995931424122,0.4443142639501213,0.6224569285462668,0.4443139704710828,0.2811892192275632,0.8184867048201088,0.054980503695437895,0.6217984619748881,
aigciqa2023__vit_b_32__split42,AIGCIQA2023,42,ViT-B-32,core,sample_joint,0.01,10.0,3.0,0.803682693261697,0.46524605271508607,0.6344643729883915,0.4652458779181117,0.2536815782161711,0.8127309273931412,0.06074266997887729,0.6458678926221535,
aigciqa2023__vit_b_32__split42,AIGCIQA2023,42,ViT-B-32,core,uncentered_joint,0.01,3.0,1.0,0.8005995931424122,0.4443142639501213,0.6224569285462668,0.4443139704710828,0.2811892192275632,0.8184867048201087,0.0549805036954379,0.6217984619748879,
aigciqa2023__vit_b_32__split42,AIGCIQA2023,42,ViT-B-32,core,cc_joint,0.02,10.0,3.0,0.803682693261697,0.46524605271508607,0.6344643729883915,0.4652458779181117,0.2536815782161711,0.8127309273931412,0.06074266997887727,0.6458678926221537,
aigciqa2023__vit_b_32__split42,AIGCIQA2023,42,ViT-B-32,core,ridge_matched,0.02,1.5,0.0,0.8005995931424122,0.4443142639501213,0.6224569285462668,0.4443139704710828,0.2811892192275632,0.8184867048201088,0.054980503695437895,0.6217984619748881,
aigciqa2023__vit_b_32__split42,AIGCIQA2023,42,ViT-B-32,core,sample_joint,0.02,10.0,3.0,0.803682693261697,0.46524605271508607,0.6344643729883915,0.4652458779181117,0.2536815782161711,0.8127309273931412,0.06074266997887729,0.6458678926221535,
aigciqa2023__vit_b_32__split42,AIGCIQA2023,42,ViT-B-32,core,uncentered_joint,0.02,3.0,1.0,0.8005995931424122,0.4443142639501213,0.6224569285462668,0.4443139704710828,0.2811892192275632,0.8184867048201087,0.0549805036954379,0.6217984619748879,
aigciqa2023__vit_b_32__split42,AIGCIQA2023,42,ViT-B-32,core,cc_joint,0.05,10.0,3.0,0.803682693261697,0.46524605271508607,0.6344643729883915,0.4652458779181117,0.2536815782161711,0.8127309273931412,0.06074266997887727,0.6458678926221537,
aigciqa2023__vit_b_32__split42,AIGCIQA2023,42,ViT-B-32,core,ridge_matched,0.05,1.5,0.0,0.8005995931424122,0.4443142639501213,0.6224569285462668,0.4443139704710828,0.2811892192275632,0.8184867048201088,0.054980503695437895,0.6217984619748881,
aigciqa2023__vit_b_32__split42,AIGCIQA2023,42,ViT-B-32,core,sample_joint,0.05,10.0,3.0,0.803682693261697,0.46524605271508607,0.6344643729883915,0.4652458779181117,0.2536815782161711,0.8127309273931412,0.06074266997887729,0.6458678926221535,
aigciqa2023__vit_b_32__split42,AIGCIQA2023,42,ViT-B-32,core,uncentered_joint,0.05,3.0,1.0,0.8005995931424122,0.4443142639501213,0.6224569285462668,0.4443139704710828,0.2811892192275632,0.8184867048201087,0.0549805036954379,0.6217984619748879,
aigciqa2023__vit_b_32__split43,AIGCIQA2023,43,ViT-B-32,core,cc_joint,0.0,3.0,3.0,0.8018716708205054,0.4394924516069279,0.6206820612137166,0.4394924516069278,0.1706585162545151,0.8056101156047794,0.055185071592100246,0.6005504516261184,
aigciqa2023__vit_b_32__split43,AIGCIQA2023,43,ViT-B-32,core,ridge_matched,0.0,0.9090909090909091,0.0,0.7905565114957164,0.3930999351671761,0.5918282233314462,0.39309993516717595,0.08924701305918309,0.798876577714122,0.05477832917082146,0.5613282557628394,
aigciqa2023__vit_b_32__split43,AIGCIQA2023,43,ViT-B-32,core,sample_joint,0.0,3.0,3.0,0.8018716708205054,0.4394924516069279,0.6206820612137166,0.4394924516069278,0.1706585162545151,0.8056101156047798,0.05518507159210021,0.600550451626119,
aigciqa2023__vit_b_32__split43,AIGCIQA2023,43,ViT-B-32,core,uncentered_joint,0.0,1.0,0.1,0.7905565114957164,0.3930999351671761,0.5918282233314462,0.39309993516717595,0.08924701305918309,0.7988765777141215,0.05477832917082153,0.5613282557628383,
aigciqa2023__vit_b_32__split43,AIGCIQA2023,43,ViT-B-32,core,cc_joint,0.005,3.0,3.0,0.8018716708205054,0.4394924516069279,0.6206820612137166,0.4394924516069278,0.1706585162545151,0.8056101156047794,0.055185071592100246,0.6005504516261184,
aigciqa2023__vit_b_32__split43,AIGCIQA2023,43,ViT-B-32,core,ridge_matched,0.005,0.9090909090909091,0.0,0.7905565114957164,0.3930999351671761,0.5918282233314462,0.39309993516717595,0.08924701305918309,0.798876577714122,0.05477832917082146,0.5613282557628394,
aigciqa2023__vit_b_32__split43,AIGCIQA2023,43,ViT-B-32,core,sample_joint,0.005,3.0,3.0,0.8018716708205054,0.4394924516069279,0.6206820612137166,0.4394924516069278,0.1706585162545151,0.8056101156047798,0.05518507159210021,0.600550451626119,
aigciqa2023__vit_b_32__split43,AIGCIQA2023,43,ViT-B-32,core,uncentered_joint,0.005,1.0,0.1,0.7905565114957164,0.3930999351671761,0.5918282233314462,0.39309993516717595,0.08924701305918309,0.7988765777141215,0.05477832917082153,0.5613282557628383,
aigciqa2023__vit_b_32__split43,AIGCIQA2023,43,ViT-B-32,core,cc_joint,0.01,3.0,3.0,0.8018716708205054,0.4394924516069279,0.6206820612137166,0.4394924516069278,0.1706585162545151,0.8056101156047794,0.055185071592100246,0.6005504516261184,
aigciqa2023__vit_b_32__split43,AIGCIQA2023,43,ViT-B-32,core,ridge_matched,0.01,0.9090909090909091,0.0,0.7905565114957164,0.3930999351671761,0.5918282233314462,0.39309993516717595,0.08924701305918309,0.798876577714122,0.05477832917082146,0.5613282557628394,
aigciqa2023__vit_b_32__split43,AIGCIQA2023,43,ViT-B-32,core,sample_joint,0.01,3.0,3.0,0.8018716708205054,0.4394924516069279,0.6206820612137166,0.4394924516069278,0.1706585162545151,0.8056101156047798,0.05518507159210021,0.600550451626119,
aigciqa2023__vit_b_32__split43,AIGCIQA2023,43,ViT-B-32,core,uncentered_joint,0.01,1.0,0.1,0.7905565114957164,0.3930999351671761,0.5918282233314462,0.39309993516717595,0.08924701305918309,0.7988765777141215,0.05477832917082153,0.5613282557628383,
aigciqa2023__vit_b_32__split43,AIGCIQA2023,43,ViT-B-32,core,cc_joint,0.02,3.0,3.0,0.8018716708205054,0.4394924516069279,0.6206820612137166,0.4394924516069278,0.1706585162545151,0.8056101156047794,0.055185071592100246,0.6005504516261184,
aigciqa2023__vit_b_32__split43,AIGCIQA2023,43,ViT-B-32,core,ridge_matched,0.02,0.9090909090909091,0.0,0.7905565114957164,0.3930999351671761,0.5918282233314462,0.39309993516717595,0.08924701305918309,0.798876577714122,0.05477832917082146,0.5613282557628394,
aigciqa2023__vit_b_32__split43,AIGCIQA2023,43,ViT-B-32,core,sample_joint,0.02,3.0,3.0,0.8018716708205054,0.4394924516069279,0.6206820612137166,0.4394924516069278,0.1706585162545151,0.8056101156047798,0.05518507159210021,0.600550451626119,
aigciqa2023__vit_b_32__split43,AIGCIQA2023,43,ViT-B-32,core,uncentered_joint,0.02,1.0,0.1,0.7905565114957164,0.3930999351671761,0.5918282233314462,0.39309993516717595,0.08924701305918309,0.7988765777141215,0.05477832917082153,0.5613282557628383,
aigciqa2023__vit_b_32__split43,AIGCIQA2023,43,ViT-B-32,core,cc_joint,0.05,3.0,3.0,0.8018716708205054,0.4394924516069279,0.6206820612137166,0.4394924516069278,0.1706585162545151,0.8056101156047794,0.055185071592100246,0.6005504516261184,
aigciqa2023__vit_b_32__split43,AIGCIQA2023,43,ViT-B-32,core,ridge_matched,0.05,0.9090909090909091,0.0,0.7905565114957164,0.3930999351671761,0.5918282233314462,0.39309993516717595,0.08924701305918309,0.798876577714122,0.05477832917082146,0.5613282557628394,
aigciqa2023__vit_b_32__split43,AIGCIQA2023,43,ViT-B-32,core,sample_joint,0.05,3.0,3.0,0.8018716708205054,0.4394924516069279,0.6206820612137166,0.4394924516069278,0.1706585162545151,0.8056101156047798,0.05518507159210021,0.600550451626119,
aigciqa2023__vit_b_32__split43,AIGCIQA2023,43,ViT-B-32,core,uncentered_joint,0.05,1.0,0.1,0.7905565114957164,0.3930999351671761,0.5918282233314462,0.39309993516717595,0.08924701305918309,0.7988765777141215,0.05477832917082153,0.5613282557628383,
aigciqa2023__vit_b_32__split44,AIGCIQA2023,44,ViT-B-32,core,cc_joint,0.0,1.0,0.1,0.7673690897820714,0.36580531629156254,0.566587203036817,0.36580531629156243,-0.05218116143373158,0.7798673105136562,0.06018642347889752,0.5134827305891329,
aigciqa2023__vit_b_32__split44,AIGCIQA2023,44,ViT-B-32,core,ridge_matched,0.0,0.967741935483871,0.0,0.7681556184847106,0.36483282393257394,0.5664942212086422,0.36483282393257377,-0.05257015837732702,0.7803294977450175,0.06013606432124678,0.5122282196026372,
aigciqa2023__vit_b_32__split44,AIGCIQA2023,44,ViT-B-32,core,sample_joint,0.0,1.0,0.1,0.7673690897820714,0.36580531629156254,0.566587203036817,0.36580531629156243,-0.05218116143373158,0.7798673105136563,0.06018642347889752,0.5134827305891325,
aigciqa2023__vit_b_32__split44,AIGCIQA2023,44,ViT-B-32,core,uncentered_joint,0.0,30.0,30.0,0.7681556184847106,0.36483282393257394,0.5664942212086422,0.36483282393257377,-0.05257015837732702,0.7803294977450175,0.060136064321246775,0.5122282196026372,
aigciqa2023__vit_b_32__split44,AIGCIQA2023,44,ViT-B-32,core,cc_joint,0.005,1.0,0.1,0.7673690897820714,0.36580531629156254,0.566587203036817,0.36580531629156243,-0.05218116143373158,0.7798673105136562,0.06018642347889752,0.5134827305891329,
aigciqa2023__vit_b_32__split44,AIGCIQA2023,44,ViT-B-32,core,ridge_matched,0.005,0.967741935483871,0.0,0.7681556184847106,0.36483282393257394,0.5664942212086422,0.36483282393257377,-0.05257015837732702,0.7803294977450175,0.06013606432124678,0.5122282196026372,
aigciqa2023__vit_b_32__split44,AIGCIQA2023,44,ViT-B-32,core,sample_joint,0.005,1.0,0.1,0.7673690897820714,0.36580531629156254,0.566587203036817,0.36580531629156243,-0.05218116143373158,0.7798673105136563,0.06018642347889752,0.5134827305891325,
aigciqa2023__vit_b_32__split44,AIGCIQA2023,44,ViT-B-32,core,uncentered_joint,0.005,30.0,30.0,0.7681556184847106,0.36483282393257394,0.5664942212086422,0.36483282393257377,-0.05257015837732702,0.7803294977450175,0.060136064321246775,0.5122282196026372,
aigciqa2023__vit_b_32__split44,AIGCIQA2023,44,ViT-B-32,core,cc_joint,0.01,1.0,0.1,0.7673690897820714,0.36580531629156254,0.566587203036817,0.36580531629156243,-0.05218116143373158,0.7798673105136562,0.06018642347889752,0.5134827305891329,
aigciqa2023__vit_b_32__split44,AIGCIQA2023,44,ViT-B-32,core,ridge_matched,0.01,0.967741935483871,0.0,0.7681556184847106,0.36483282393257394,0.5664942212086422,0.36483282393257377,-0.05257015837732702,0.7803294977450175,0.06013606432124678,0.5122282196026372,
aigciqa2023__vit_b_32__split44,AIGCIQA2023,44,ViT-B-32,core,sample_joint,0.01,1.0,0.1,0.7673690897820714,0.36580531629156254,0.566587203036817,0.36580531629156243,-0.05218116143373158,0.7798673105136563,0.06018642347889752,0.5134827305891325,
aigciqa2023__vit_b_32__split44,AIGCIQA2023,44,ViT-B-32,core,uncentered_joint,0.01,30.0,30.0,0.7681556184847106,0.36483282393257394,0.5664942212086422,0.36483282393257377,-0.05257015837732702,0.7803294977450175,0.060136064321246775,0.5122282196026372,
aigciqa2023__vit_b_32__split44,AIGCIQA2023,44,ViT-B-32,core,cc_joint,0.02,1.0,0.1,0.7673690897820714,0.36580531629156254,0.566587203036817,0.36580531629156243,-0.05218116143373158,0.7798673105136562,0.06018642347889752,0.5134827305891329,
aigciqa2023__vit_b_32__split44,AIGCIQA2023,44,ViT-B-32,core,ridge_matched,0.02,0.967741935483871,0.0,0.7681556184847106,0.36483282393257394,0.5664942212086422,0.36483282393257377,-0.05257015837732702,0.7803294977450175,0.06013606432124678,0.5122282196026372,
aigciqa2023__vit_b_32__split44,AIGCIQA2023,44,ViT-B-32,core,sample_joint,0.02,1.0,0.1,0.7673690897820714,0.36580531629156254,0.566587203036817,0.36580531629156243,-0.05218116143373158,0.7798673105136563,0.06018642347889752,0.5134827305891325,
aigciqa2023__vit_b_32__split44,AIGCIQA2023,44,ViT-B-32,core,uncentered_joint,0.02,30.0,30.0,0.7681556184847106,0.36483282393257394,0.5664942212086422,0.36483282393257377,-0.05257015837732702,0.7803294977450175,0.060136064321246775,0.5122282196026372,
aigciqa2023__vit_b_32__split44,AIGCIQA2023,44,ViT-B-32,core,cc_joint,0.05,1.0,0.1,0.7673690897820714,0.36580531629156254,0.566587203036817,0.36580531629156243,-0.05218116143373158,0.7798673105136562,0.06018642347889752,0.5134827305891329,
aigciqa2023__vit_b_32__split44,AIGCIQA2023,44,ViT-B-32,core,ridge_matched,0.05,0.967741935483871,0.0,0.7681556184847106,0.36483282393257394,0.5664942212086422,0.36483282393257377,-0.05257015837732702,0.7803294977450175,0.06013606432124678,0.5122282196026372,
aigciqa2023__vit_b_32__split44,AIGCIQA2023,44,ViT-B-32,core,sample_joint,0.05,1.0,0.1,0.7673690897820714,0.36580531629156254,0.566587203036817,0.36580531629156243,-0.05218116143373158,0.7798673105136563,0.06018642347889752,0.5134827305891325,
aigciqa2023__vit_b_32__split44,AIGCIQA2023,44,ViT-B-32,core,uncentered_joint,0.05,30.0,30.0,0.7681556184847106,0.36483282393257394,0.5664942212086422,0.36483282393257377,-0.05257015837732702,0.7803294977450175,0.060136064321246775,0.5122282196026372,
aigciqa2023__vit_b_32__split45,AIGCIQA2023,45,ViT-B-32,core,cc_joint,0.0,1.0,3.0,0.7684326267949599,0.39080300083356495,0.5796178138142625,0.3908030008335648,0.1308696860238955,0.7815818274295651,0.06013914600582822,0.5466755123377217,
aigciqa2023__vit_b_32__split45,AIGCIQA2023,45,ViT-B-32,core,ridge_matched,0.0,0.15811388300841897,0.0,0.7693876238756987,0.38887653977956843,0.5791320818276335,0.3888765397795683,0.1398721867185329,0.7865282815426028,0.0600941039195595,0.5286041899604282,
aigciqa2023__vit_b_32__split45,AIGCIQA2023,45,ViT-B-32,core,sample_joint,0.0,1.0,3.0,0.7684326267949599,0.39080300083356495,0.5796178138142625,0.3908030008335648,0.1308696860238955,0.7815818274295652,0.060139146005828224,0.5466755123377219,
aigciqa2023__vit_b_32__split45,AIGCIQA2023,45,ViT-B-32,core,uncentered_joint,0.0,10.0,30.0,0.7811981573931899,0.40180605723812174,0.5915021073156558,0.40180605723812163,0.14370658516254511,0.7985907281974572,0.058165512998692145,0.5498889083274636,
aigciqa2023__vit_b_32__split45,AIGCIQA2023,45,ViT-B-32,core,cc_joint,0.005,1.0,3.0,0.7684326267949599,0.39080300083356495,0.5796178138142625,0.3908030008335648,0.1308696860238955,0.7815818274295651,0.06013914600582822,0.5466755123377217,
aigciqa2023__vit_b_32__split45,AIGCIQA2023,45,ViT-B-32,core,ridge_matched,0.005,0.15811388300841897,0.0,0.7693876238756987,0.38887653977956843,0.5791320818276335,0.3888765397795683,0.1398721867185329,0.7865282815426028,0.0600941039195595,0.5286041899604282,
aigciqa2023__vit_b_32__split45,AIGCIQA2023,45,ViT-B-32,core,sample_joint,0.005,1.0,3.0,0.7684326267949599,0.39080300083356495,0.5796178138142625,0.3908030008335648,0.1308696860238955,0.7815818274295652,0.060139146005828224,0.5466755123377219,
aigciqa2023__vit_b_32__split45,AIGCIQA2023,45,ViT-B-32,core,uncentered_joint,0.005,10.0,30.0,0.7811981573931899,0.40180605723812174,0.5915021073156558,0.40180605723812163,0.14370658516254511,0.7985907281974572,0.058165512998692145,0.5498889083274636,
aigciqa2023__vit_b_32__split45,AIGCIQA2023,45,ViT-B-32,core,cc_joint,0.01,1.0,3.0,0.7684326267949599,0.39080300083356495,0.5796178138142625,0.3908030008335648,0.1308696860238955,0.7815818274295651,0.06013914600582822,0.5466755123377217,
aigciqa2023__vit_b_32__split45,AIGCIQA2023,45,ViT-B-32,core,ridge_matched,0.01,0.15811388300841897,0.0,0.7693876238756987,0.38887653977956843,0.5791320818276335,0.3888765397795683,0.1398721867185329,0.7865282815426028,0.0600941039195595,0.5286041899604282,
aigciqa2023__vit_b_32__split45,AIGCIQA2023,45,ViT-B-32,core,sample_joint,0.01,1.0,3.0,0.7684326267949599,0.39080300083356495,0.5796178138142625,0.3908030008335648,0.1308696860238955,0.7815818274295652,0.060139146005828224,0.5466755123377219,
aigciqa2023__vit_b_32__split45,AIGCIQA2023,45,ViT-B-32,core,uncentered_joint,0.01,10.0,30.0,0.7811981573931899,0.40180605723812174,0.5915021073156558,0.40180605723812163,0.14370658516254511,0.7985907281974572,0.058165512998692145,0.5498889083274636,
aigciqa2023__vit_b_32__split45,AIGCIQA2023,45,ViT-B-32,core,cc_joint,0.02,1.0,3.0,0.7684326267949599,0.39080300083356495,0.5796178138142625,0.3908030008335648,0.1308696860238955,0.7815818274295651,0.06013914600582822,0.5466755123377217,
aigciqa2023__vit_b_32__split45,AIGCIQA2023,45,ViT-B-32,core,ridge_matched,0.02,0.15811388300841897,0.0,0.7693876238756987,0.38887653977956843,0.5791320818276335,0.3888765397795683,0.1398721867185329,0.7865282815426028,0.0600941039195595,0.5286041899604282,
aigciqa2023__vit_b_32__split45,AIGCIQA2023,45,ViT-B-32,core,sample_joint,0.02,1.0,3.0,0.7684326267949599,0.39080300083356495,0.5796178138142625,0.3908030008335648,0.1308696860238955,0.7815818274295652,0.060139146005828224,0.5466755123377219,
aigciqa2023__vit_b_32__split45,AIGCIQA2023,45,ViT-B-32,core,uncentered_joint,0.02,10.0,30.0,0.7811981573931899,0.40180605723812174,0.5915021073156558,0.40180605723812163,0.14370658516254511,0.7985907281974572,0.058165512998692145,0.5498889083274636,
aigciqa2023__vit_b_32__split45,AIGCIQA2023,45,ViT-B-32,core,cc_joint,0.05,1.0,3.0,0.7684326267949599,0.39080300083356495,0.5796178138142625,0.3908030008335648,0.1308696860238955,0.7815818274295651,0.06013914600582822,0.5466755123377217,
aigciqa2023__vit_b_32__split45,AIGCIQA2023,45,ViT-B-32,core,ridge_matched,0.05,0.15811388300841897,0.0,0.7693876238756987,0.38887653977956843,0.5791320818276335,0.3888765397795683,0.1398721867185329,0.7865282815426028,0.0600941039195595,0.5286041899604282,
aigciqa2023__vit_b_32__split45,AIGCIQA2023,45,ViT-B-32,core,sample_joint,0.05,1.0,3.0,0.7684326267949599,0.39080300083356495,0.5796178138142625,0.3908030008335648,0.1308696860238955,0.7815818274295652,0.060139146005828224,0.5466755123377219,
aigciqa2023__vit_b_32__split45,AIGCIQA2023,45,ViT-B-32,core,uncentered_joint,0.05,10.0,30.0,0.7811981573931899,0.40180605723812174,0.5915021073156558,0.40180605723812163,0.14370658516254511,0.7985907281974572,0.058165512998692145,0.5498889083274636,
aigciqa2023__vit_b_32__split46,AIGCIQA2023,46,ViT-B-32,core,cc_joint,0.0,3.0,1.0,0.7594418166806843,0.35570065759007136,0.5575712371353778,0.35570065759007125,0.18705195887746592,0.7774436448036138,0.06507867287284622,0.5182467541867324,
aigciqa2023__vit_b_32__split46,AIGCIQA2023,46,ViT-B-32,core,ridge_matched,0.0,1.5,0.0,0.7605840580045629,0.3504399370195425,0.5555119975120527,0.35043993701954235,0.1733814948596832,0.7826170258366862,0.06367273956392078,0.511984860239034,
aigciqa2023__vit_b_32__split46,AIGCIQA2023,46,ViT-B-32,core,sample_joint,0.0,3.0,1.0,0.7594418166806843,0.35570065759007136,0.5575712371353778,0.35570065759007125,0.18705195887746592,0.7774436448036138,0.0650786728728462,0.5182467541867326,
aigciqa2023__vit_b_32__split46,AIGCIQA2023,46,ViT-B-32,core,uncentered_joint,0.0,3.0,1.0,0.7605840580045629,0.3504399370195425,0.5555119975120527,0.35043993701954235,0.1733814948596832,0.7826170258366866,0.06367273956392078,0.5119848602390341,
aigciqa2023__vit_b_32__split46,AIGCIQA2023,46,ViT-B-32,core,cc_joint,0.005,3.0,1.0,0.7594418166806843,0.35570065759007136,0.5575712371353778,0.35570065759007125,0.18705195887746592,0.7774436448036138,0.06507867287284622,0.5182467541867324,
aigciqa2023__vit_b_32__split46,AIGCIQA2023,46,ViT-B-32,core,ridge_matched,0.005,1.5,0.0,0.7605840580045629,0.3504399370195425,0.5555119975120527,0.35043993701954235,0.1733814948596832,0.7826170258366862,0.06367273956392078,0.511984860239034,
aigciqa2023__vit_b_32__split46,AIGCIQA2023,46,ViT-B-32,core,sample_joint,0.005,3.0,1.0,0.7594418166806843,0.35570065759007136,0.5575712371353778,0.35570065759007125,0.18705195887746592,0.7774436448036138,0.0650786728728462,0.5182467541867326,
aigciqa2023__vit_b_32__split46,AIGCIQA2023,46,ViT-B-32,core,uncentered_joint,0.005,3.0,1.0,0.7605840580045629,0.3504399370195425,0.5555119975120527,0.35043993701954235,0.1733814948596832,0.7826170258366866,0.06367273956392078,0.5119848602390341,
aigciqa2023__vit_b_32__split46,AIGCIQA2023,46,ViT-B-32,core,cc_joint,0.01,3.0,1.0,0.7594418166806843,0.35570065759007136,0.5575712371353778,0.35570065759007125,0.18705195887746592,0.7774436448036138,0.06507867287284622,0.5182467541867324,
aigciqa2023__vit_b_32__split46,AIGCIQA2023,46,ViT-B-32,core,ridge_matched,0.01,1.5,0.0,0.7605840580045629,0.3504399370195425,0.5555119975120527,0.35043993701954235,0.1733814948596832,0.7826170258366862,0.06367273956392078,0.511984860239034,
aigciqa2023__vit_b_32__split46,AIGCIQA2023,46,ViT-B-32,core,sample_joint,0.01,3.0,1.0,0.7594418166806843,0.35570065759007136,0.5575712371353778,0.35570065759007125,0.18705195887746592,0.7774436448036138,0.0650786728728462,0.5182467541867326,
aigciqa2023__vit_b_32__split46,AIGCIQA2023,46,ViT-B-32,core,uncentered_joint,0.01,3.0,1.0,0.7605840580045629,0.3504399370195425,0.5555119975120527,0.35043993701954235,0.1733814948596832,0.7826170258366866,0.06367273956392078,0.5119848602390341,
aigciqa2023__vit_b_32__split46,AIGCIQA2023,46,ViT-B-32,core,cc_joint,0.02,3.0,1.0,0.7594418166806843,0.35570065759007136,0.5575712371353778,0.35570065759007125,0.18705195887746592,0.7774436448036138,0.06507867287284622,0.5182467541867324,
aigciqa2023__vit_b_32__split46,AIGCIQA2023,46,ViT-B-32,core,ridge_matched,0.02,1.5,0.0,0.7605840580045629,0.3504399370195425,0.5555119975120527,0.35043993701954235,0.1733814948596832,0.7826170258366862,0.06367273956392078,0.511984860239034,
aigciqa2023__vit_b_32__split46,AIGCIQA2023,46,ViT-B-32,core,sample_joint,0.02,3.0,1.0,0.7594418166806843,0.35570065759007136,0.5575712371353778,0.35570065759007125,0.18705195887746592,0.7774436448036138,0.0650786728728462,0.5182467541867326,
aigciqa2023__vit_b_32__split46,AIGCIQA2023,46,ViT-B-32,core,uncentered_joint,0.02,3.0,1.0,0.7605840580045629,0.3504399370195425,0.5555119975120527,0.35043993701954235,0.1733814948596832,0.7826170258366866,0.06367273956392078,0.5119848602390341,
aigciqa2023__vit_b_32__split46,AIGCIQA2023,46,ViT-B-32,core,cc_joint,0.05,3.0,1.0,0.7594418166806843,0.35570065759007136,0.5575712371353778,0.35570065759007125,0.18705195887746592,0.7774436448036138,0.06507867287284622,0.5182467541867324,
aigciqa2023__vit_b_32__split46,AIGCIQA2023,46,ViT-B-32,core,ridge_matched,0.05,1.5,0.0,0.7605840580045629,0.3504399370195425,0.5555119975120527,0.35043993701954235,0.1733814948596832,0.7826170258366862,0.06367273956392078,0.511984860239034,
aigciqa2023__vit_b_32__split46,AIGCIQA2023,46,ViT-B-32,core,sample_joint,0.05,3.0,1.0,0.7594418166806843,0.35570065759007136,0.5575712371353778,0.35570065759007125,0.18705195887746592,0.7774436448036138,0.0650786728728462,0.5182467541867326,
aigciqa2023__vit_b_32__split46,AIGCIQA2023,46,ViT-B-32,core,uncentered_joint,0.05,3.0,1.0,0.7605840580045629,0.3504399370195425,0.5555119975120527,0.35043993701954235,0.1733814948596832,0.7826170258366866,0.06367273956392078,0.5119848602390341,
