dataset,sample_id,prompt_id,client_id,split,official_filename
AGIQA-3K-full,AttnGAN_normal_000,AGIQA-6450500ef537,AttnGAN,train,AttnGAN_normal_000.jpg
AGIQA-3K-full,AttnGAN_normal_001,AGIQA-7a6a19473264,AttnGAN,train,AttnGAN_normal_001.jpg
AGIQA-3K-full,AttnGAN_normal_002,AGIQA-e7cac214d6e9,AttnGAN,train,AttnGAN_normal_002.jpg
AGIQA-3K-full,AttnGAN_normal_003,AGIQA-e9a8981cd29f,AttnGAN,train,AttnGAN_normal_003.jpg
AGIQA-3K-full,AttnGAN_normal_004,AGIQA-483967d836ca,AttnGAN,val,AttnGAN_normal_004.jpg
AGIQA-3K-full,AttnGAN_normal_005,AGIQA-e217ce39c73f,AttnGAN,train,AttnGAN_normal_005.jpg
AGIQA-3K-full,AttnGAN_normal_006,AGIQA-eaf6e4c20ea4,AttnGAN,test,AttnGAN_normal_006.jpg
AGIQA-3K-full,AttnGAN_normal_007,AGIQA-d7a1414ab859,AttnGAN,train,AttnGAN_normal_007.jpg
AGIQA-3K-full,AttnGAN_normal_008,AGIQA-15be354bb96e,AttnGAN,train,AttnGAN_normal_008.jpg
AGIQA-3K-full,AttnGAN_normal_009,AGIQA-9821efa7c5f4,AttnGAN,test,AttnGAN_normal_009.jpg
AGIQA-3K-full,AttnGAN_normal_010,AGIQA-1140c78e0ae6,AttnGAN,test,AttnGAN_normal_010.jpg
AGIQA-3K-full,AttnGAN_normal_011,AGIQA-5ef6165535cc,AttnGAN,test,AttnGAN_normal_011.jpg
AGIQA-3K-full,AttnGAN_normal_012,AGIQA-e334be82922d,AttnGAN,train,AttnGAN_normal_012.jpg
AGIQA-3K-full,AttnGAN_normal_013,AGIQA-a1025dda6741,AttnGAN,test,AttnGAN_normal_013.jpg
AGIQA-3K-full,AttnGAN_normal_014,AGIQA-5157585510fa,AttnGAN,test,AttnGAN_normal_014.jpg
AGIQA-3K-full,AttnGAN_normal_015,AGIQA-a140832780f0,AttnGAN,val,AttnGAN_normal_015.jpg
AGIQA-3K-full,AttnGAN_normal_016,AGIQA-29db9d3c3030,AttnGAN,test,AttnGAN_normal_016.jpg
AGIQA-3K-full,AttnGAN_normal_017,AGIQA-735ffd33c35d,AttnGAN,train,AttnGAN_normal_017.jpg
AGIQA-3K-full,AttnGAN_normal_018,AGIQA-3fbe71b5e645,AttnGAN,test,AttnGAN_normal_018.jpg
AGIQA-3K-full,AttnGAN_normal_019,AGIQA-24062dcfadad,AttnGAN,train,AttnGAN_normal_019.jpg
AGIQA-3K-full,AttnGAN_normal_020,AGIQA-9eeb9b8e3f8e,AttnGAN,test,AttnGAN_normal_020.jpg
AGIQA-3K-full,AttnGAN_normal_021,AGIQA-1371abf2f93d,AttnGAN,test,AttnGAN_normal_021.jpg
AGIQA-3K-full,AttnGAN_normal_022,AGIQA-6c6164597781,AttnGAN,test,AttnGAN_normal_022.jpg
AGIQA-3K-full,AttnGAN_normal_023,AGIQA-0af5d168f24a,AttnGAN,train,AttnGAN_normal_023.jpg
AGIQA-3K-full,AttnGAN_normal_024,AGIQA-889cbd060604,AttnGAN,train,AttnGAN_normal_024.jpg
AGIQA-3K-full,AttnGAN_normal_025,AGIQA-30e86978cc84,AttnGAN,test,AttnGAN_normal_025.jpg
AGIQA-3K-full,AttnGAN_normal_026,AGIQA-345eec9dd421,AttnGAN,test,AttnGAN_normal_026.jpg
AGIQA-3K-full,AttnGAN_normal_027,AGIQA-37dfb2ab2ae5,AttnGAN,test,AttnGAN_normal_027.jpg
AGIQA-3K-full,AttnGAN_normal_028,AGIQA-1bff9303dbad,AttnGAN,train,AttnGAN_normal_028.jpg
AGIQA-3K-full,AttnGAN_normal_029,AGIQA-a6ab88e8fd89,AttnGAN,train,AttnGAN_normal_029.jpg
AGIQA-3K-full,AttnGAN_normal_030,AGIQA-d2336a69fe20,AttnGAN,train,AttnGAN_normal_030.jpg
AGIQA-3K-full,AttnGAN_normal_031,AGIQA-8a1982e9c4e2,AttnGAN,val,AttnGAN_normal_031.jpg
AGIQA-3K-full,AttnGAN_normal_032,AGIQA-c8866246ba2d,AttnGAN,test,AttnGAN_normal_032.jpg
AGIQA-3K-full,AttnGAN_normal_033,AGIQA-f587e366ca8f,AttnGAN,train,AttnGAN_normal_033.jpg
AGIQA-3K-full,AttnGAN_normal_034,AGIQA-d91a18f3f62c,AttnGAN,train,AttnGAN_normal_034.jpg
AGIQA-3K-full,AttnGAN_normal_035,AGIQA-a408155fcc7c,AttnGAN,train,AttnGAN_normal_035.jpg
AGIQA-3K-full,AttnGAN_normal_036,AGIQA-a8e2e7bf98bc,AttnGAN,train,AttnGAN_normal_036.jpg
AGIQA-3K-full,AttnGAN_normal_037,AGIQA-2ff96029d612,AttnGAN,train,AttnGAN_normal_037.jpg
AGIQA-3K-full,AttnGAN_normal_038,AGIQA-699c069d0958,AttnGAN,train,AttnGAN_normal_038.jpg
AGIQA-3K-full,AttnGAN_normal_039,AGIQA-bb9a47ae293e,AttnGAN,train,AttnGAN_normal_039.jpg
AGIQA-3K-full,AttnGAN_normal_040,AGIQA-1bdd03baf926,AttnGAN,train,AttnGAN_normal_040.jpg
AGIQA-3K-full,AttnGAN_normal_041,AGIQA-b5139fecf4ac,AttnGAN,test,AttnGAN_normal_041.jpg
AGIQA-3K-full,AttnGAN_normal_042,AGIQA-b93c19ff75f8,AttnGAN,train,AttnGAN_normal_042.jpg
AGIQA-3K-full,AttnGAN_normal_043,AGIQA-aeb19603c48e,AttnGAN,train,AttnGAN_normal_043.jpg
AGIQA-3K-full,AttnGAN_normal_044,AGIQA-02bef5c360e8,AttnGAN,train,AttnGAN_normal_044.jpg
AGIQA-3K-full,AttnGAN_normal_045,AGIQA-352213e9322c,AttnGAN,train,AttnGAN_normal_045.jpg
AGIQA-3K-full,AttnGAN_normal_046,AGIQA-3d5b4a0897ba,AttnGAN,train,AttnGAN_normal_046.jpg
AGIQA-3K-full,AttnGAN_normal_047,AGIQA-02d4f0376aa1,AttnGAN,test,AttnGAN_normal_047.jpg
AGIQA-3K-full,AttnGAN_normal_048,AGIQA-cba821e04d7f,AttnGAN,val,AttnGAN_normal_048.jpg
AGIQA-3K-full,AttnGAN_normal_049,AGIQA-2156f8055773,AttnGAN,train,AttnGAN_normal_049.jpg
AGIQA-3K-full,AttnGAN_normal_050,AGIQA-15a87eed536a,AttnGAN,train,AttnGAN_normal_050.jpg
AGIQA-3K-full,AttnGAN_normal_051,AGIQA-bc7e65d64dc1,AttnGAN,train,AttnGAN_normal_051.jpg
AGIQA-3K-full,AttnGAN_normal_052,AGIQA-b2ca21ea25ce,AttnGAN,train,AttnGAN_normal_052.jpg
AGIQA-3K-full,AttnGAN_normal_053,AGIQA-305317b84702,AttnGAN,test,AttnGAN_normal_053.jpg
AGIQA-3K-full,AttnGAN_normal_054,AGIQA-94c6cce5b494,AttnGAN,test,AttnGAN_normal_054.jpg
AGIQA-3K-full,AttnGAN_normal_055,AGIQA-270ab27b4cc3,AttnGAN,test,AttnGAN_normal_055.jpg
AGIQA-3K-full,AttnGAN_normal_056,AGIQA-ee79cf3a1533,AttnGAN,train,AttnGAN_normal_056.jpg
AGIQA-3K-full,AttnGAN_normal_057,AGIQA-3e01a171ef14,AttnGAN,train,AttnGAN_normal_057.jpg
AGIQA-3K-full,AttnGAN_normal_058,AGIQA-7a4d12587948,AttnGAN,train,AttnGAN_normal_058.jpg
AGIQA-3K-full,AttnGAN_normal_059,AGIQA-93fc7fc78148,AttnGAN,test,AttnGAN_normal_059.jpg
AGIQA-3K-full,AttnGAN_normal_060,AGIQA-b3af04d6b4f7,AttnGAN,train,AttnGAN_normal_060.jpg
AGIQA-3K-full,AttnGAN_normal_061,AGIQA-3afb49bd87b2,AttnGAN,test,AttnGAN_normal_061.jpg
AGIQA-3K-full,AttnGAN_normal_062,AGIQA-4bd827546f3c,AttnGAN,train,AttnGAN_normal_062.jpg
AGIQA-3K-full,AttnGAN_normal_063,AGIQA-4bfc1ce9717d,AttnGAN,test,AttnGAN_normal_063.jpg
AGIQA-3K-full,AttnGAN_normal_064,AGIQA-0a62a7327a97,AttnGAN,train,AttnGAN_normal_064.jpg
AGIQA-3K-full,AttnGAN_normal_065,AGIQA-1884d73ea603,AttnGAN,train,AttnGAN_normal_065.jpg
AGIQA-3K-full,AttnGAN_normal_066,AGIQA-4d874861883d,AttnGAN,train,AttnGAN_normal_066.jpg
AGIQA-3K-full,AttnGAN_normal_067,AGIQA-36c7ff486bf4,AttnGAN,train,AttnGAN_normal_067.jpg
AGIQA-3K-full,AttnGAN_normal_068,AGIQA-219765781124,AttnGAN,train,AttnGAN_normal_068.jpg
AGIQA-3K-full,AttnGAN_normal_069,AGIQA-f2c705d91de0,AttnGAN,train,AttnGAN_normal_069.jpg
AGIQA-3K-full,AttnGAN_normal_070,AGIQA-7a34b7800c8c,AttnGAN,train,AttnGAN_normal_070.jpg
AGIQA-3K-full,AttnGAN_normal_071,AGIQA-26e9b65319ac,AttnGAN,train,AttnGAN_normal_071.jpg
AGIQA-3K-full,AttnGAN_normal_072,AGIQA-83501ba9c92d,AttnGAN,train,AttnGAN_normal_072.jpg
AGIQA-3K-full,AttnGAN_normal_073,AGIQA-39896a46302d,AttnGAN,train,AttnGAN_normal_073.jpg
AGIQA-3K-full,AttnGAN_normal_074,AGIQA-5da8e22af7e1,AttnGAN,test,AttnGAN_normal_074.jpg
AGIQA-3K-full,AttnGAN_normal_075,AGIQA-e9d4dffbb822,AttnGAN,train,AttnGAN_normal_075.jpg
AGIQA-3K-full,AttnGAN_normal_076,AGIQA-afb2cac1ef8f,AttnGAN,train,AttnGAN_normal_076.jpg
AGIQA-3K-full,AttnGAN_normal_077,AGIQA-b363c8123684,AttnGAN,train,AttnGAN_normal_077.jpg
AGIQA-3K-full,AttnGAN_normal_078,AGIQA-b46354dc17d7,AttnGAN,train,AttnGAN_normal_078.jpg
AGIQA-3K-full,AttnGAN_normal_079,AGIQA-54f1d577611b,AttnGAN,train,AttnGAN_normal_079.jpg
AGIQA-3K-full,AttnGAN_normal_080,AGIQA-62039ebf9238,AttnGAN,val,AttnGAN_normal_080.jpg
AGIQA-3K-full,AttnGAN_normal_081,AGIQA-d3def83b5966,AttnGAN,train,AttnGAN_normal_081.jpg
AGIQA-3K-full,AttnGAN_normal_082,AGIQA-cf265de7c37e,AttnGAN,train,AttnGAN_normal_082.jpg
AGIQA-3K-full,AttnGAN_normal_083,AGIQA-2a787fbb8c5d,AttnGAN,train,AttnGAN_normal_083.jpg
AGIQA-3K-full,AttnGAN_normal_084,AGIQA-74f4e06b1a42,AttnGAN,train,AttnGAN_normal_084.jpg
AGIQA-3K-full,AttnGAN_normal_085,AGIQA-2abccfad8fc0,AttnGAN,test,AttnGAN_normal_085.jpg
AGIQA-3K-full,AttnGAN_normal_086,AGIQA-1747f1a2a6af,AttnGAN,train,AttnGAN_normal_086.jpg
AGIQA-3K-full,AttnGAN_normal_087,AGIQA-7ebd987a0c9d,AttnGAN,train,AttnGAN_normal_087.jpg
AGIQA-3K-full,AttnGAN_normal_088,AGIQA-e34e3aaae310,AttnGAN,test,AttnGAN_normal_088.jpg
AGIQA-3K-full,AttnGAN_normal_089,AGIQA-816e47e299de,AttnGAN,test,AttnGAN_normal_089.jpg
AGIQA-3K-full,AttnGAN_normal_090,AGIQA-1197c8ae3ee4,AttnGAN,val,AttnGAN_normal_090.jpg
AGIQA-3K-full,AttnGAN_normal_091,AGIQA-feb2058c681e,AttnGAN,train,AttnGAN_normal_091.jpg
AGIQA-3K-full,AttnGAN_normal_092,AGIQA-c71137b2c51a,AttnGAN,train,AttnGAN_normal_092.jpg
AGIQA-3K-full,AttnGAN_normal_093,AGIQA-ee97a207c282,AttnGAN,train,AttnGAN_normal_093.jpg
AGIQA-3K-full,AttnGAN_normal_094,AGIQA-7f624ef10c68,AttnGAN,train,AttnGAN_normal_094.jpg
AGIQA-3K-full,AttnGAN_normal_095,AGIQA-7b69fd0727e0,AttnGAN,test,AttnGAN_normal_095.jpg
AGIQA-3K-full,AttnGAN_normal_096,AGIQA-2c5ac90ad3a2,AttnGAN,test,AttnGAN_normal_096.jpg
AGIQA-3K-full,AttnGAN_normal_097,AGIQA-014fd2ea1608,AttnGAN,train,AttnGAN_normal_097.jpg
AGIQA-3K-full,AttnGAN_normal_098,AGIQA-b54a8612f6ee,AttnGAN,train,AttnGAN_normal_098.jpg
AGIQA-3K-full,AttnGAN_normal_099,AGIQA-f235fa2da3be,AttnGAN,test,AttnGAN_normal_099.jpg
AGIQA-3K-full,AttnGAN_normal_100,AGIQA-abc1c7e34703,AttnGAN,train,AttnGAN_normal_100.jpg
AGIQA-3K-full,AttnGAN_normal_101,AGIQA-0c9dbafc59fd,AttnGAN,train,AttnGAN_normal_101.jpg
AGIQA-3K-full,AttnGAN_normal_102,AGIQA-b81bc55a8c04,AttnGAN,test,AttnGAN_normal_102.jpg
AGIQA-3K-full,AttnGAN_normal_103,AGIQA-78a9d596c8e2,AttnGAN,train,AttnGAN_normal_103.jpg
AGIQA-3K-full,AttnGAN_normal_104,AGIQA-3928f0e8749e,AttnGAN,train,AttnGAN_normal_104.jpg
AGIQA-3K-full,AttnGAN_normal_105,AGIQA-2a821ca75a7f,AttnGAN,train,AttnGAN_normal_105.jpg
AGIQA-3K-full,AttnGAN_normal_106,AGIQA-59dc946e81a2,AttnGAN,train,AttnGAN_normal_106.jpg
AGIQA-3K-full,AttnGAN_normal_107,AGIQA-03c8e945e5e6,AttnGAN,train,AttnGAN_normal_107.jpg
AGIQA-3K-full,AttnGAN_normal_108,AGIQA-644129240816,AttnGAN,test,AttnGAN_normal_108.jpg
AGIQA-3K-full,AttnGAN_normal_109,AGIQA-ea81604fe371,AttnGAN,train,AttnGAN_normal_109.jpg
AGIQA-3K-full,AttnGAN_normal_110,AGIQA-f43114d1ab3a,AttnGAN,test,AttnGAN_normal_110.jpg
AGIQA-3K-full,AttnGAN_normal_111,AGIQA-eda6cf20fa3c,AttnGAN,test,AttnGAN_normal_111.jpg
AGIQA-3K-full,AttnGAN_normal_112,AGIQA-59dcddbad987,AttnGAN,train,AttnGAN_normal_112.jpg
AGIQA-3K-full,AttnGAN_normal_113,AGIQA-1796a3b42bb8,AttnGAN,train,AttnGAN_normal_113.jpg
AGIQA-3K-full,AttnGAN_normal_114,AGIQA-a023778c0dea,AttnGAN,test,AttnGAN_normal_114.jpg
AGIQA-3K-full,AttnGAN_normal_115,AGIQA-27a786146efe,AttnGAN,test,AttnGAN_normal_115.jpg
AGIQA-3K-full,AttnGAN_normal_116,AGIQA-77e327fe685d,AttnGAN,train,AttnGAN_normal_116.jpg
AGIQA-3K-full,AttnGAN_normal_117,AGIQA-3b493022153b,AttnGAN,val,AttnGAN_normal_117.jpg
AGIQA-3K-full,AttnGAN_normal_118,AGIQA-5a56ef85786d,AttnGAN,train,AttnGAN_normal_118.jpg
AGIQA-3K-full,AttnGAN_normal_119,AGIQA-9738ea13169e,AttnGAN,train,AttnGAN_normal_119.jpg
AGIQA-3K-full,AttnGAN_normal_120,AGIQA-a17cac72240f,AttnGAN,train,AttnGAN_normal_120.jpg
AGIQA-3K-full,AttnGAN_normal_121,AGIQA-4feb70c847f4,AttnGAN,train,AttnGAN_normal_121.jpg
AGIQA-3K-full,AttnGAN_normal_122,AGIQA-be3331e07988,AttnGAN,train,AttnGAN_normal_122.jpg
AGIQA-3K-full,AttnGAN_normal_123,AGIQA-d85820862dc4,AttnGAN,train,AttnGAN_normal_123.jpg
AGIQA-3K-full,AttnGAN_normal_124,AGIQA-c63fdfc307d3,AttnGAN,train,AttnGAN_normal_124.jpg
AGIQA-3K-full,AttnGAN_normal_125,AGIQA-e741bfb60d9b,AttnGAN,train,AttnGAN_normal_125.jpg
AGIQA-3K-full,AttnGAN_normal_126,AGIQA-595b239959ca,AttnGAN,train,AttnGAN_normal_126.jpg
AGIQA-3K-full,AttnGAN_normal_127,AGIQA-e1aaa6732d97,AttnGAN,train,AttnGAN_normal_127.jpg
AGIQA-3K-full,AttnGAN_normal_128,AGIQA-7d9bd08d7a8f,AttnGAN,train,AttnGAN_normal_128.jpg
AGIQA-3K-full,AttnGAN_normal_129,AGIQA-deadc33d802a,AttnGAN,test,AttnGAN_normal_129.jpg
AGIQA-3K-full,AttnGAN_normal_130,AGIQA-7902e7eb768c,AttnGAN,test,AttnGAN_normal_130.jpg
AGIQA-3K-full,AttnGAN_normal_131,AGIQA-f2bad7e493a9,AttnGAN,train,AttnGAN_normal_131.jpg
AGIQA-3K-full,AttnGAN_normal_132,AGIQA-60ca7af68f09,AttnGAN,train,AttnGAN_normal_132.jpg
AGIQA-3K-full,AttnGAN_normal_133,AGIQA-1fe09d7fece1,AttnGAN,train,AttnGAN_normal_133.jpg
AGIQA-3K-full,AttnGAN_normal_134,AGIQA-b098ca961012,AttnGAN,train,AttnGAN_normal_134.jpg
AGIQA-3K-full,AttnGAN_normal_135,AGIQA-32695c5aaca1,AttnGAN,train,AttnGAN_normal_135.jpg
AGIQA-3K-full,AttnGAN_normal_136,AGIQA-791d9b65af34,AttnGAN,val,AttnGAN_normal_136.jpg
AGIQA-3K-full,AttnGAN_normal_137,AGIQA-e18bbae5650c,AttnGAN,train,AttnGAN_normal_137.jpg
AGIQA-3K-full,AttnGAN_normal_138,AGIQA-574b3b311b78,AttnGAN,train,AttnGAN_normal_138.jpg
AGIQA-3K-full,AttnGAN_normal_139,AGIQA-acd72daab110,AttnGAN,train,AttnGAN_normal_139.jpg
AGIQA-3K-full,AttnGAN_normal_140,AGIQA-0b211930e1ec,AttnGAN,val,AttnGAN_normal_140.jpg
AGIQA-3K-full,AttnGAN_normal_141,AGIQA-e9592c752d9b,AttnGAN,val,AttnGAN_normal_141.jpg
AGIQA-3K-full,AttnGAN_normal_142,AGIQA-e7cc1ec65d08,AttnGAN,val,AttnGAN_normal_142.jpg
AGIQA-3K-full,AttnGAN_normal_143,AGIQA-b81f063b0196,AttnGAN,train,AttnGAN_normal_143.jpg
AGIQA-3K-full,AttnGAN_normal_144,AGIQA-cae137e1ee63,AttnGAN,train,AttnGAN_normal_144.jpg
AGIQA-3K-full,AttnGAN_normal_145,AGIQA-dde35eb2e0dc,AttnGAN,train,AttnGAN_normal_145.jpg
AGIQA-3K-full,AttnGAN_normal_146,AGIQA-e669a8afc0c5,AttnGAN,train,AttnGAN_normal_146.jpg
AGIQA-3K-full,AttnGAN_normal_147,AGIQA-65dcda74e31d,AttnGAN,train,AttnGAN_normal_147.jpg
AGIQA-3K-full,AttnGAN_normal_148,AGIQA-e3e64e0b691a,AttnGAN,train,AttnGAN_normal_148.jpg
AGIQA-3K-full,AttnGAN_normal_149,AGIQA-030bb6c4d0f5,AttnGAN,train,AttnGAN_normal_149.jpg
AGIQA-3K-full,AttnGAN_normal_150,AGIQA-8aa1f30180ff,AttnGAN,train,AttnGAN_normal_150.jpg
AGIQA-3K-full,AttnGAN_normal_151,AGIQA-486f4dfa9e30,AttnGAN,train,AttnGAN_normal_151.jpg
AGIQA-3K-full,AttnGAN_normal_152,AGIQA-32c2b941b58b,AttnGAN,val,AttnGAN_normal_152.jpg
AGIQA-3K-full,AttnGAN_normal_153,AGIQA-14a193611262,AttnGAN,val,AttnGAN_normal_153.jpg
AGIQA-3K-full,AttnGAN_normal_154,AGIQA-dc46dc776f6b,AttnGAN,train,AttnGAN_normal_154.jpg
AGIQA-3K-full,AttnGAN_normal_155,AGIQA-fbff6ac32dea,AttnGAN,test,AttnGAN_normal_155.jpg
AGIQA-3K-full,AttnGAN_normal_156,AGIQA-72804a0e6e4a,AttnGAN,train,AttnGAN_normal_156.jpg
AGIQA-3K-full,AttnGAN_normal_157,AGIQA-fecb9ae06c54,AttnGAN,train,AttnGAN_normal_157.jpg
AGIQA-3K-full,AttnGAN_normal_158,AGIQA-e79ea28fe7cf,AttnGAN,train,AttnGAN_normal_158.jpg
AGIQA-3K-full,AttnGAN_normal_159,AGIQA-d8761fa80171,AttnGAN,train,AttnGAN_normal_159.jpg
AGIQA-3K-full,AttnGAN_normal_160,AGIQA-4901d63eed08,AttnGAN,train,AttnGAN_normal_160.jpg
AGIQA-3K-full,AttnGAN_normal_161,AGIQA-472af7225929,AttnGAN,val,AttnGAN_normal_161.jpg
AGIQA-3K-full,AttnGAN_normal_162,AGIQA-3a92ca053cc1,AttnGAN,train,AttnGAN_normal_162.jpg
AGIQA-3K-full,AttnGAN_normal_163,AGIQA-bedd004ea063,AttnGAN,train,AttnGAN_normal_163.jpg
AGIQA-3K-full,AttnGAN_normal_164,AGIQA-9ddef994f4d6,AttnGAN,train,AttnGAN_normal_164.jpg
AGIQA-3K-full,AttnGAN_normal_165,AGIQA-45c2f3a4f7aa,AttnGAN,train,AttnGAN_normal_165.jpg
AGIQA-3K-full,AttnGAN_normal_166,AGIQA-cf188c67a9b8,AttnGAN,train,AttnGAN_normal_166.jpg
AGIQA-3K-full,AttnGAN_normal_167,AGIQA-5e7c64fdbc18,AttnGAN,test,AttnGAN_normal_167.jpg
AGIQA-3K-full,AttnGAN_normal_168,AGIQA-b1da0547c2f4,AttnGAN,train,AttnGAN_normal_168.jpg
AGIQA-3K-full,AttnGAN_normal_169,AGIQA-b5383b49e05b,AttnGAN,test,AttnGAN_normal_169.jpg
AGIQA-3K-full,AttnGAN_normal_170,AGIQA-0de51307d9da,AttnGAN,test,AttnGAN_normal_170.jpg
AGIQA-3K-full,AttnGAN_normal_171,AGIQA-2b1c5c5c141b,AttnGAN,train,AttnGAN_normal_171.jpg
AGIQA-3K-full,AttnGAN_normal_172,AGIQA-2823adb86f2f,AttnGAN,train,AttnGAN_normal_172.jpg
AGIQA-3K-full,AttnGAN_normal_173,AGIQA-1635df37570d,AttnGAN,test,AttnGAN_normal_173.jpg
AGIQA-3K-full,AttnGAN_normal_174,AGIQA-ef9db73da947,AttnGAN,train,AttnGAN_normal_174.jpg
AGIQA-3K-full,AttnGAN_normal_175,AGIQA-4ae23c11e1b3,AttnGAN,train,AttnGAN_normal_175.jpg
AGIQA-3K-full,AttnGAN_normal_176,AGIQA-121c83e82f96,AttnGAN,test,AttnGAN_normal_176.jpg
AGIQA-3K-full,AttnGAN_normal_177,AGIQA-e38538486536,AttnGAN,train,AttnGAN_normal_177.jpg
AGIQA-3K-full,AttnGAN_normal_178,AGIQA-bd6e7cde02fc,AttnGAN,train,AttnGAN_normal_178.jpg
AGIQA-3K-full,AttnGAN_normal_179,AGIQA-45e156b05235,AttnGAN,train,AttnGAN_normal_179.jpg
AGIQA-3K-full,AttnGAN_normal_180,AGIQA-8fde933261c4,AttnGAN,train,AttnGAN_normal_180.jpg
AGIQA-3K-full,AttnGAN_normal_181,AGIQA-94051c8456d6,AttnGAN,train,AttnGAN_normal_181.jpg
AGIQA-3K-full,AttnGAN_normal_182,AGIQA-32d75345a5f5,AttnGAN,test,AttnGAN_normal_182.jpg
AGIQA-3K-full,AttnGAN_normal_183,AGIQA-ef98e7e5c9ba,AttnGAN,train,AttnGAN_normal_183.jpg
AGIQA-3K-full,AttnGAN_normal_184,AGIQA-893251c5ba76,AttnGAN,train,AttnGAN_normal_184.jpg
AGIQA-3K-full,AttnGAN_normal_185,AGIQA-a69fb8b78eb9,AttnGAN,train,AttnGAN_normal_185.jpg
AGIQA-3K-full,AttnGAN_normal_186,AGIQA-2317a680b698,AttnGAN,train,AttnGAN_normal_186.jpg
AGIQA-3K-full,AttnGAN_normal_187,AGIQA-20d7672f1b9b,AttnGAN,train,AttnGAN_normal_187.jpg
AGIQA-3K-full,AttnGAN_normal_188,AGIQA-fc61b5f30215,AttnGAN,train,AttnGAN_normal_188.jpg
AGIQA-3K-full,AttnGAN_normal_189,AGIQA-15ab7cb9d98f,AttnGAN,test,AttnGAN_normal_189.jpg
AGIQA-3K-full,AttnGAN_normal_190,AGIQA-c2e37db1ba32,AttnGAN,train,AttnGAN_normal_190.jpg
AGIQA-3K-full,AttnGAN_normal_191,AGIQA-8f47e5ab4c6f,AttnGAN,train,AttnGAN_normal_191.jpg
AGIQA-3K-full,AttnGAN_normal_192,AGIQA-31f795290c17,AttnGAN,train,AttnGAN_normal_192.jpg
AGIQA-3K-full,AttnGAN_normal_193,AGIQA-461ba0767435,AttnGAN,test,AttnGAN_normal_193.jpg
AGIQA-3K-full,AttnGAN_normal_194,AGIQA-9f8f853ca083,AttnGAN,train,AttnGAN_normal_194.jpg
AGIQA-3K-full,AttnGAN_normal_195,AGIQA-34fe7242ad9a,AttnGAN,test,AttnGAN_normal_195.jpg
AGIQA-3K-full,AttnGAN_normal_196,AGIQA-0d8602fb1aca,AttnGAN,train,AttnGAN_normal_196.jpg
AGIQA-3K-full,AttnGAN_normal_197,AGIQA-9be3116418d1,AttnGAN,val,AttnGAN_normal_197.jpg
AGIQA-3K-full,AttnGAN_normal_198,AGIQA-fe6c9142be68,AttnGAN,train,AttnGAN_normal_198.jpg
AGIQA-3K-full,AttnGAN_normal_199,AGIQA-7fac06549c79,AttnGAN,test,AttnGAN_normal_199.jpg
AGIQA-3K-full,AttnGAN_normal_200,AGIQA-d9baf8543c9b,AttnGAN,train,AttnGAN_normal_200.jpg
AGIQA-3K-full,AttnGAN_normal_201,AGIQA-aaaac710f29b,AttnGAN,val,AttnGAN_normal_201.jpg
AGIQA-3K-full,AttnGAN_normal_202,AGIQA-8726f694b7d2,AttnGAN,train,AttnGAN_normal_202.jpg
AGIQA-3K-full,AttnGAN_normal_203,AGIQA-b4078d2138ed,AttnGAN,train,AttnGAN_normal_203.jpg
AGIQA-3K-full,AttnGAN_normal_204,AGIQA-864aec596bd9,AttnGAN,val,AttnGAN_normal_204.jpg
AGIQA-3K-full,AttnGAN_normal_205,AGIQA-7c651e36074f,AttnGAN,test,AttnGAN_normal_205.jpg
AGIQA-3K-full,AttnGAN_normal_206,AGIQA-fb42182e75ed,AttnGAN,test,AttnGAN_normal_206.jpg
AGIQA-3K-full,AttnGAN_normal_207,AGIQA-a973dd8fbe31,AttnGAN,val,AttnGAN_normal_207.jpg
AGIQA-3K-full,AttnGAN_normal_208,AGIQA-845b79ffae4e,AttnGAN,train,AttnGAN_normal_208.jpg
AGIQA-3K-full,AttnGAN_normal_209,AGIQA-b1790fdc33ea,AttnGAN,train,AttnGAN_normal_209.jpg
AGIQA-3K-full,AttnGAN_normal_210,AGIQA-5e3045fb58ae,AttnGAN,test,AttnGAN_normal_210.jpg
AGIQA-3K-full,AttnGAN_normal_211,AGIQA-54583bc9220c,AttnGAN,test,AttnGAN_normal_211.jpg
AGIQA-3K-full,AttnGAN_normal_212,AGIQA-7c3be58f6483,AttnGAN,train,AttnGAN_normal_212.jpg
AGIQA-3K-full,AttnGAN_normal_213,AGIQA-957509340f7c,AttnGAN,test,AttnGAN_normal_213.jpg
AGIQA-3K-full,AttnGAN_normal_214,AGIQA-4e1e536bcea3,AttnGAN,train,AttnGAN_normal_214.jpg
AGIQA-3K-full,AttnGAN_normal_215,AGIQA-9f5e9f552c1f,AttnGAN,train,AttnGAN_normal_215.jpg
AGIQA-3K-full,AttnGAN_normal_216,AGIQA-d13d1e283f4a,AttnGAN,train,AttnGAN_normal_216.jpg
AGIQA-3K-full,AttnGAN_normal_217,AGIQA-134b48baf98c,AttnGAN,test,AttnGAN_normal_217.jpg
AGIQA-3K-full,AttnGAN_normal_218,AGIQA-7fd02b84fda4,AttnGAN,train,AttnGAN_normal_218.jpg
AGIQA-3K-full,AttnGAN_normal_219,AGIQA-6c43873cc393,AttnGAN,train,AttnGAN_normal_219.jpg
AGIQA-3K-full,AttnGAN_normal_220,AGIQA-6984fcb7131c,AttnGAN,train,AttnGAN_normal_220.jpg
AGIQA-3K-full,AttnGAN_normal_221,AGIQA-5a96f6ee9f99,AttnGAN,train,AttnGAN_normal_221.jpg
AGIQA-3K-full,AttnGAN_normal_222,AGIQA-cd76a0b6f05b,AttnGAN,train,AttnGAN_normal_222.jpg
AGIQA-3K-full,AttnGAN_normal_223,AGIQA-a8b31dec1e08,AttnGAN,test,AttnGAN_normal_223.jpg
AGIQA-3K-full,AttnGAN_normal_224,AGIQA-5ff95d19c989,AttnGAN,train,AttnGAN_normal_224.jpg
AGIQA-3K-full,AttnGAN_normal_225,AGIQA-487a4d95b14e,AttnGAN,train,AttnGAN_normal_225.jpg
AGIQA-3K-full,AttnGAN_normal_226,AGIQA-3f4b2678c41e,AttnGAN,train,AttnGAN_normal_226.jpg
AGIQA-3K-full,AttnGAN_normal_227,AGIQA-4a6f7b7171c3,AttnGAN,train,AttnGAN_normal_227.jpg
AGIQA-3K-full,AttnGAN_normal_228,AGIQA-7fbcbc5d2602,AttnGAN,train,AttnGAN_normal_228.jpg
AGIQA-3K-full,AttnGAN_normal_229,AGIQA-e24d681d42fa,AttnGAN,val,AttnGAN_normal_229.jpg
AGIQA-3K-full,AttnGAN_normal_230,AGIQA-241858497b40,AttnGAN,train,AttnGAN_normal_230.jpg
AGIQA-3K-full,AttnGAN_normal_231,AGIQA-26f3387f29d6,AttnGAN,train,AttnGAN_normal_231.jpg
AGIQA-3K-full,AttnGAN_normal_232,AGIQA-aa96d239cb01,AttnGAN,test,AttnGAN_normal_232.jpg
AGIQA-3K-full,AttnGAN_normal_233,AGIQA-91018ec483b8,AttnGAN,train,AttnGAN_normal_233.jpg
AGIQA-3K-full,AttnGAN_normal_234,AGIQA-72adf7554aff,AttnGAN,train,AttnGAN_normal_234.jpg
AGIQA-3K-full,AttnGAN_normal_235,AGIQA-839d3f4d0d53,AttnGAN,train,AttnGAN_normal_235.jpg
AGIQA-3K-full,AttnGAN_normal_236,AGIQA-5274466c7aca,AttnGAN,train,AttnGAN_normal_236.jpg
AGIQA-3K-full,AttnGAN_normal_237,AGIQA-bc6103aabea5,AttnGAN,train,AttnGAN_normal_237.jpg
AGIQA-3K-full,AttnGAN_normal_238,AGIQA-88225797d231,AttnGAN,train,AttnGAN_normal_238.jpg
AGIQA-3K-full,AttnGAN_normal_239,AGIQA-3857fb86efc3,AttnGAN,train,AttnGAN_normal_239.jpg
AGIQA-3K-full,AttnGAN_normal_240,AGIQA-d10db1886c8a,AttnGAN,train,AttnGAN_normal_240.jpg
AGIQA-3K-full,AttnGAN_normal_241,AGIQA-fa91e9db53b1,AttnGAN,test,AttnGAN_normal_241.jpg
AGIQA-3K-full,AttnGAN_normal_242,AGIQA-d42754ac4940,AttnGAN,train,AttnGAN_normal_242.jpg
AGIQA-3K-full,AttnGAN_normal_243,AGIQA-88d44d2b19b7,AttnGAN,train,AttnGAN_normal_243.jpg
AGIQA-3K-full,AttnGAN_normal_244,AGIQA-bc5561a2eb72,AttnGAN,test,AttnGAN_normal_244.jpg
AGIQA-3K-full,AttnGAN_normal_245,AGIQA-da1aef0b6659,AttnGAN,train,AttnGAN_normal_245.jpg
AGIQA-3K-full,AttnGAN_normal_246,AGIQA-187732966a3e,AttnGAN,train,AttnGAN_normal_246.jpg
AGIQA-3K-full,AttnGAN_normal_247,AGIQA-aeeef558303e,AttnGAN,train,AttnGAN_normal_247.jpg
AGIQA-3K-full,AttnGAN_normal_248,AGIQA-87561c35fad9,AttnGAN,train,AttnGAN_normal_248.jpg
AGIQA-3K-full,AttnGAN_normal_249,AGIQA-a0b65ad08740,AttnGAN,train,AttnGAN_normal_249.jpg
AGIQA-3K-full,AttnGAN_normal_250,AGIQA-825246a5adcd,AttnGAN,train,AttnGAN_normal_250.jpg
AGIQA-3K-full,AttnGAN_normal_251,AGIQA-ee5f5afeb342,AttnGAN,train,AttnGAN_normal_251.jpg
AGIQA-3K-full,AttnGAN_normal_252,AGIQA-8c1a38da7994,AttnGAN,val,AttnGAN_normal_252.jpg
AGIQA-3K-full,AttnGAN_normal_253,AGIQA-b04d851afc73,AttnGAN,train,AttnGAN_normal_253.jpg
AGIQA-3K-full,AttnGAN_normal_254,AGIQA-e1565d54217f,AttnGAN,train,AttnGAN_normal_254.jpg
AGIQA-3K-full,AttnGAN_normal_255,AGIQA-9d4135098745,AttnGAN,train,AttnGAN_normal_255.jpg
AGIQA-3K-full,AttnGAN_normal_256,AGIQA-d89e46130a96,AttnGAN,train,AttnGAN_normal_256.jpg
AGIQA-3K-full,AttnGAN_normal_257,AGIQA-2d2bb0095437,AttnGAN,train,AttnGAN_normal_257.jpg
AGIQA-3K-full,AttnGAN_normal_258,AGIQA-0f181149eb2a,AttnGAN,test,AttnGAN_normal_258.jpg
AGIQA-3K-full,AttnGAN_normal_259,AGIQA-6d4fab56dcb7,AttnGAN,train,AttnGAN_normal_259.jpg
AGIQA-3K-full,AttnGAN_normal_260,AGIQA-4fd99e98bfcc,AttnGAN,test,AttnGAN_normal_260.jpg
AGIQA-3K-full,AttnGAN_normal_261,AGIQA-52db3e0e841b,AttnGAN,train,AttnGAN_normal_261.jpg
AGIQA-3K-full,AttnGAN_normal_262,AGIQA-89e1b69268a9,AttnGAN,test,AttnGAN_normal_262.jpg
AGIQA-3K-full,AttnGAN_normal_263,AGIQA-4234732c7ece,AttnGAN,train,AttnGAN_normal_263.jpg
AGIQA-3K-full,AttnGAN_normal_264,AGIQA-60869db09321,AttnGAN,test,AttnGAN_normal_264.jpg
AGIQA-3K-full,AttnGAN_normal_265,AGIQA-c832635dd360,AttnGAN,val,AttnGAN_normal_265.jpg
AGIQA-3K-full,AttnGAN_normal_266,AGIQA-47f01f744d95,AttnGAN,test,AttnGAN_normal_266.jpg
AGIQA-3K-full,AttnGAN_normal_267,AGIQA-48249fb46134,AttnGAN,train,AttnGAN_normal_267.jpg
AGIQA-3K-full,AttnGAN_normal_268,AGIQA-4f5b8417ba27,AttnGAN,test,AttnGAN_normal_268.jpg
AGIQA-3K-full,AttnGAN_normal_269,AGIQA-c0979fe5af15,AttnGAN,train,AttnGAN_normal_269.jpg
AGIQA-3K-full,AttnGAN_normal_270,AGIQA-9f4df369c33d,AttnGAN,test,AttnGAN_normal_270.jpg
AGIQA-3K-full,AttnGAN_normal_271,AGIQA-c501dfbf43d4,AttnGAN,test,AttnGAN_normal_271.jpg
AGIQA-3K-full,AttnGAN_normal_272,AGIQA-c6ede13840bf,AttnGAN,train,AttnGAN_normal_272.jpg
AGIQA-3K-full,AttnGAN_normal_273,AGIQA-eeca63819cae,AttnGAN,train,AttnGAN_normal_273.jpg
AGIQA-3K-full,AttnGAN_normal_274,AGIQA-373eecf8fe79,AttnGAN,val,AttnGAN_normal_274.jpg
AGIQA-3K-full,AttnGAN_normal_275,AGIQA-ec8970400b03,AttnGAN,train,AttnGAN_normal_275.jpg
AGIQA-3K-full,AttnGAN_normal_276,AGIQA-700f85e93cd9,AttnGAN,train,AttnGAN_normal_276.jpg
AGIQA-3K-full,AttnGAN_normal_277,AGIQA-285ccdf13939,AttnGAN,val,AttnGAN_normal_277.jpg
AGIQA-3K-full,AttnGAN_normal_278,AGIQA-1cf041a27e5a,AttnGAN,train,AttnGAN_normal_278.jpg
AGIQA-3K-full,AttnGAN_normal_279,AGIQA-c6c3a07b14f5,AttnGAN,train,AttnGAN_normal_279.jpg
AGIQA-3K-full,AttnGAN_normal_280,AGIQA-a366638220c2,AttnGAN,train,AttnGAN_normal_280.jpg
AGIQA-3K-full,AttnGAN_normal_281,AGIQA-9ca8817fa0d7,AttnGAN,test,AttnGAN_normal_281.jpg
AGIQA-3K-full,AttnGAN_normal_282,AGIQA-f1e866c8ce87,AttnGAN,train,AttnGAN_normal_282.jpg
AGIQA-3K-full,AttnGAN_normal_283,AGIQA-3ddae4e47c34,AttnGAN,test,AttnGAN_normal_283.jpg
AGIQA-3K-full,AttnGAN_normal_284,AGIQA-514b19bebc24,AttnGAN,train,AttnGAN_normal_284.jpg
AGIQA-3K-full,AttnGAN_normal_285,AGIQA-46145207aed7,AttnGAN,train,AttnGAN_normal_285.jpg
AGIQA-3K-full,AttnGAN_normal_286,AGIQA-574bc6573ac1,AttnGAN,train,AttnGAN_normal_286.jpg
AGIQA-3K-full,AttnGAN_normal_287,AGIQA-a506eb9141fd,AttnGAN,train,AttnGAN_normal_287.jpg
AGIQA-3K-full,AttnGAN_normal_288,AGIQA-17d81fa16810,AttnGAN,test,AttnGAN_normal_288.jpg
AGIQA-3K-full,AttnGAN_normal_289,AGIQA-fef3bc0ee319,AttnGAN,train,AttnGAN_normal_289.jpg
AGIQA-3K-full,AttnGAN_normal_290,AGIQA-ce56cd7a084b,AttnGAN,val,AttnGAN_normal_290.jpg
AGIQA-3K-full,AttnGAN_normal_291,AGIQA-5e81c05a2b19,AttnGAN,train,AttnGAN_normal_291.jpg
AGIQA-3K-full,AttnGAN_normal_292,AGIQA-b93675144038,AttnGAN,test,AttnGAN_normal_292.jpg
AGIQA-3K-full,AttnGAN_normal_293,AGIQA-a8aeedd21648,AttnGAN,test,AttnGAN_normal_293.jpg
AGIQA-3K-full,AttnGAN_normal_294,AGIQA-73445cd4e31d,AttnGAN,train,AttnGAN_normal_294.jpg
AGIQA-3K-full,AttnGAN_normal_295,AGIQA-d6cfbcb0b65b,AttnGAN,val,AttnGAN_normal_295.jpg
AGIQA-3K-full,AttnGAN_normal_296,AGIQA-cda73163d4e7,AttnGAN,train,AttnGAN_normal_296.jpg
AGIQA-3K-full,AttnGAN_normal_297,AGIQA-017d4ba8d955,AttnGAN,train,AttnGAN_normal_297.jpg
AGIQA-3K-full,AttnGAN_normal_298,AGIQA-7e20efbb16ae,AttnGAN,train,AttnGAN_normal_298.jpg
AGIQA-3K-full,AttnGAN_normal_299,AGIQA-53a40ffc7b8e,AttnGAN,train,AttnGAN_normal_299.jpg
AGIQA-3K-full,DALLE2_normal_000,AGIQA-6450500ef537,DALLE2,train,DALLE2_normal_000.jpg
AGIQA-3K-full,DALLE2_normal_001,AGIQA-7a6a19473264,DALLE2,train,DALLE2_normal_001.jpg
AGIQA-3K-full,DALLE2_normal_002,AGIQA-e7cac214d6e9,DALLE2,train,DALLE2_normal_002.jpg
AGIQA-3K-full,DALLE2_normal_003,AGIQA-e9a8981cd29f,DALLE2,train,DALLE2_normal_003.jpg
AGIQA-3K-full,DALLE2_normal_004,AGIQA-483967d836ca,DALLE2,val,DALLE2_normal_004.jpg
AGIQA-3K-full,DALLE2_normal_005,AGIQA-e217ce39c73f,DALLE2,train,DALLE2_normal_005.jpg
AGIQA-3K-full,DALLE2_normal_006,AGIQA-eaf6e4c20ea4,DALLE2,test,DALLE2_normal_006.jpg
AGIQA-3K-full,DALLE2_normal_007,AGIQA-d7a1414ab859,DALLE2,train,DALLE2_normal_007.jpg
AGIQA-3K-full,DALLE2_normal_009,AGIQA-9821efa7c5f4,DALLE2,test,DALLE2_normal_009.jpg
AGIQA-3K-full,DALLE2_normal_010,AGIQA-1140c78e0ae6,DALLE2,test,DALLE2_normal_010.jpg
AGIQA-3K-full,DALLE2_normal_011,AGIQA-5ef6165535cc,DALLE2,test,DALLE2_normal_011.jpg
AGIQA-3K-full,DALLE2_normal_012,AGIQA-e334be82922d,DALLE2,train,DALLE2_normal_012.jpg
AGIQA-3K-full,DALLE2_normal_013,AGIQA-a1025dda6741,DALLE2,test,DALLE2_normal_013.jpg
AGIQA-3K-full,DALLE2_normal_014,AGIQA-5157585510fa,DALLE2,test,DALLE2_normal_014.jpg
AGIQA-3K-full,DALLE2_normal_015,AGIQA-a140832780f0,DALLE2,val,DALLE2_normal_015.jpg
AGIQA-3K-full,DALLE2_normal_016,AGIQA-29db9d3c3030,DALLE2,test,DALLE2_normal_016.jpg
AGIQA-3K-full,DALLE2_normal_017,AGIQA-735ffd33c35d,DALLE2,train,DALLE2_normal_017.jpg
AGIQA-3K-full,DALLE2_normal_018,AGIQA-3fbe71b5e645,DALLE2,test,DALLE2_normal_018.jpg
AGIQA-3K-full,DALLE2_normal_019,AGIQA-24062dcfadad,DALLE2,train,DALLE2_normal_019.jpg
AGIQA-3K-full,DALLE2_normal_020,AGIQA-9eeb9b8e3f8e,DALLE2,test,DALLE2_normal_020.jpg
AGIQA-3K-full,DALLE2_normal_021,AGIQA-1371abf2f93d,DALLE2,test,DALLE2_normal_021.jpg
AGIQA-3K-full,DALLE2_normal_022,AGIQA-6c6164597781,DALLE2,test,DALLE2_normal_022.jpg
AGIQA-3K-full,DALLE2_normal_023,AGIQA-0af5d168f24a,DALLE2,train,DALLE2_normal_023.jpg
AGIQA-3K-full,DALLE2_normal_024,AGIQA-889cbd060604,DALLE2,train,DALLE2_normal_024.jpg
AGIQA-3K-full,DALLE2_normal_025,AGIQA-30e86978cc84,DALLE2,test,DALLE2_normal_025.jpg
AGIQA-3K-full,DALLE2_normal_026,AGIQA-345eec9dd421,DALLE2,test,DALLE2_normal_026.jpg
AGIQA-3K-full,DALLE2_normal_027,AGIQA-37dfb2ab2ae5,DALLE2,test,DALLE2_normal_027.jpg
AGIQA-3K-full,DALLE2_normal_028,AGIQA-1bff9303dbad,DALLE2,train,DALLE2_normal_028.jpg
AGIQA-3K-full,DALLE2_normal_029,AGIQA-a6ab88e8fd89,DALLE2,train,DALLE2_normal_029.jpg
AGIQA-3K-full,DALLE2_normal_030,AGIQA-d2336a69fe20,DALLE2,train,DALLE2_normal_030.jpg
AGIQA-3K-full,DALLE2_normal_031,AGIQA-8a1982e9c4e2,DALLE2,val,DALLE2_normal_031.jpg
AGIQA-3K-full,DALLE2_normal_032,AGIQA-c8866246ba2d,DALLE2,test,DALLE2_normal_032.jpg
AGIQA-3K-full,DALLE2_normal_033,AGIQA-f587e366ca8f,DALLE2,train,DALLE2_normal_033.jpg
AGIQA-3K-full,DALLE2_normal_034,AGIQA-d91a18f3f62c,DALLE2,train,DALLE2_normal_034.jpg
AGIQA-3K-full,DALLE2_normal_035,AGIQA-a408155fcc7c,DALLE2,train,DALLE2_normal_035.jpg
AGIQA-3K-full,DALLE2_normal_036,AGIQA-a8e2e7bf98bc,DALLE2,train,DALLE2_normal_036.jpg
AGIQA-3K-full,DALLE2_normal_037,AGIQA-2ff96029d612,DALLE2,train,DALLE2_normal_037.jpg
AGIQA-3K-full,DALLE2_normal_038,AGIQA-699c069d0958,DALLE2,train,DALLE2_normal_038.jpg
AGIQA-3K-full,DALLE2_normal_039,AGIQA-bb9a47ae293e,DALLE2,train,DALLE2_normal_039.jpg
AGIQA-3K-full,DALLE2_normal_040,AGIQA-1bdd03baf926,DALLE2,train,DALLE2_normal_040.jpg
AGIQA-3K-full,DALLE2_normal_041,AGIQA-b5139fecf4ac,DALLE2,test,DALLE2_normal_041.jpg
AGIQA-3K-full,DALLE2_normal_042,AGIQA-b93c19ff75f8,DALLE2,train,DALLE2_normal_042.jpg
AGIQA-3K-full,DALLE2_normal_043,AGIQA-aeb19603c48e,DALLE2,train,DALLE2_normal_043.jpg
AGIQA-3K-full,DALLE2_normal_044,AGIQA-02bef5c360e8,DALLE2,train,DALLE2_normal_044.jpg
AGIQA-3K-full,DALLE2_normal_045,AGIQA-352213e9322c,DALLE2,train,DALLE2_normal_045.jpg
AGIQA-3K-full,DALLE2_normal_046,AGIQA-3d5b4a0897ba,DALLE2,train,DALLE2_normal_046.jpg
AGIQA-3K-full,DALLE2_normal_048,AGIQA-cba821e04d7f,DALLE2,val,DALLE2_normal_048.jpg
AGIQA-3K-full,DALLE2_normal_049,AGIQA-2156f8055773,DALLE2,train,DALLE2_normal_049.jpg
AGIQA-3K-full,DALLE2_normal_050,AGIQA-15a87eed536a,DALLE2,train,DALLE2_normal_050.jpg
AGIQA-3K-full,DALLE2_normal_051,AGIQA-bc7e65d64dc1,DALLE2,train,DALLE2_normal_051.jpg
AGIQA-3K-full,DALLE2_normal_052,AGIQA-b2ca21ea25ce,DALLE2,train,DALLE2_normal_052.jpg
AGIQA-3K-full,DALLE2_normal_053,AGIQA-305317b84702,DALLE2,test,DALLE2_normal_053.jpg
AGIQA-3K-full,DALLE2_normal_054,AGIQA-94c6cce5b494,DALLE2,test,DALLE2_normal_054.jpg
AGIQA-3K-full,DALLE2_normal_055,AGIQA-270ab27b4cc3,DALLE2,test,DALLE2_normal_055.jpg
AGIQA-3K-full,DALLE2_normal_056,AGIQA-ee79cf3a1533,DALLE2,train,DALLE2_normal_056.jpg
AGIQA-3K-full,DALLE2_normal_057,AGIQA-3e01a171ef14,DALLE2,train,DALLE2_normal_057.jpg
AGIQA-3K-full,DALLE2_normal_060,AGIQA-b3af04d6b4f7,DALLE2,train,DALLE2_normal_060.jpg
AGIQA-3K-full,DALLE2_normal_061,AGIQA-3afb49bd87b2,DALLE2,test,DALLE2_normal_061.jpg
AGIQA-3K-full,DALLE2_normal_062,AGIQA-4bd827546f3c,DALLE2,train,DALLE2_normal_062.jpg
AGIQA-3K-full,DALLE2_normal_063,AGIQA-4bfc1ce9717d,DALLE2,test,DALLE2_normal_063.jpg
AGIQA-3K-full,DALLE2_normal_064,AGIQA-0a62a7327a97,DALLE2,train,DALLE2_normal_064.jpg
AGIQA-3K-full,DALLE2_normal_065,AGIQA-1884d73ea603,DALLE2,train,DALLE2_normal_065.jpg
AGIQA-3K-full,DALLE2_normal_066,AGIQA-4d874861883d,DALLE2,train,DALLE2_normal_066.jpg
AGIQA-3K-full,DALLE2_normal_068,AGIQA-219765781124,DALLE2,train,DALLE2_normal_068.jpg
AGIQA-3K-full,DALLE2_normal_069,AGIQA-f2c705d91de0,DALLE2,train,DALLE2_normal_069.jpg
AGIQA-3K-full,DALLE2_normal_070,AGIQA-7a34b7800c8c,DALLE2,train,DALLE2_normal_070.jpg
AGIQA-3K-full,DALLE2_normal_071,AGIQA-26e9b65319ac,DALLE2,train,DALLE2_normal_071.jpg
AGIQA-3K-full,DALLE2_normal_072,AGIQA-83501ba9c92d,DALLE2,train,DALLE2_normal_072.jpg
AGIQA-3K-full,DALLE2_normal_073,AGIQA-39896a46302d,DALLE2,train,DALLE2_normal_073.jpg
AGIQA-3K-full,DALLE2_normal_074,AGIQA-5da8e22af7e1,DALLE2,test,DALLE2_normal_074.jpg
AGIQA-3K-full,DALLE2_normal_075,AGIQA-e9d4dffbb822,DALLE2,train,DALLE2_normal_075.jpg
AGIQA-3K-full,DALLE2_normal_076,AGIQA-afb2cac1ef8f,DALLE2,train,DALLE2_normal_076.jpg
AGIQA-3K-full,DALLE2_normal_077,AGIQA-b363c8123684,DALLE2,train,DALLE2_normal_077.jpg
AGIQA-3K-full,DALLE2_normal_078,AGIQA-b46354dc17d7,DALLE2,train,DALLE2_normal_078.jpg
AGIQA-3K-full,DALLE2_normal_079,AGIQA-54f1d577611b,DALLE2,train,DALLE2_normal_079.jpg
AGIQA-3K-full,DALLE2_normal_080,AGIQA-62039ebf9238,DALLE2,val,DALLE2_normal_080.jpg
AGIQA-3K-full,DALLE2_normal_081,AGIQA-d3def83b5966,DALLE2,train,DALLE2_normal_081.jpg
AGIQA-3K-full,DALLE2_normal_082,AGIQA-cf265de7c37e,DALLE2,train,DALLE2_normal_082.jpg
AGIQA-3K-full,DALLE2_normal_083,AGIQA-2a787fbb8c5d,DALLE2,train,DALLE2_normal_083.jpg
AGIQA-3K-full,DALLE2_normal_084,AGIQA-74f4e06b1a42,DALLE2,train,DALLE2_normal_084.jpg
AGIQA-3K-full,DALLE2_normal_085,AGIQA-2abccfad8fc0,DALLE2,test,DALLE2_normal_085.jpg
AGIQA-3K-full,DALLE2_normal_086,AGIQA-1747f1a2a6af,DALLE2,train,DALLE2_normal_086.jpg
AGIQA-3K-full,DALLE2_normal_087,AGIQA-7ebd987a0c9d,DALLE2,train,DALLE2_normal_087.jpg
AGIQA-3K-full,DALLE2_normal_088,AGIQA-e34e3aaae310,DALLE2,test,DALLE2_normal_088.jpg
AGIQA-3K-full,DALLE2_normal_089,AGIQA-816e47e299de,DALLE2,test,DALLE2_normal_089.jpg
AGIQA-3K-full,DALLE2_normal_090,AGIQA-1197c8ae3ee4,DALLE2,val,DALLE2_normal_090.jpg
AGIQA-3K-full,DALLE2_normal_091,AGIQA-feb2058c681e,DALLE2,train,DALLE2_normal_091.jpg
AGIQA-3K-full,DALLE2_normal_092,AGIQA-c71137b2c51a,DALLE2,train,DALLE2_normal_092.jpg
AGIQA-3K-full,DALLE2_normal_093,AGIQA-ee97a207c282,DALLE2,train,DALLE2_normal_093.jpg
AGIQA-3K-full,DALLE2_normal_094,AGIQA-7f624ef10c68,DALLE2,train,DALLE2_normal_094.jpg
AGIQA-3K-full,DALLE2_normal_095,AGIQA-7b69fd0727e0,DALLE2,test,DALLE2_normal_095.jpg
AGIQA-3K-full,DALLE2_normal_096,AGIQA-2c5ac90ad3a2,DALLE2,test,DALLE2_normal_096.jpg
AGIQA-3K-full,DALLE2_normal_098,AGIQA-b54a8612f6ee,DALLE2,train,DALLE2_normal_098.jpg
AGIQA-3K-full,DALLE2_normal_099,AGIQA-f235fa2da3be,DALLE2,test,DALLE2_normal_099.jpg
AGIQA-3K-full,DALLE2_normal_100,AGIQA-abc1c7e34703,DALLE2,train,DALLE2_normal_100.jpg
AGIQA-3K-full,DALLE2_normal_101,AGIQA-0c9dbafc59fd,DALLE2,train,DALLE2_normal_101.jpg
AGIQA-3K-full,DALLE2_normal_102,AGIQA-b81bc55a8c04,DALLE2,test,DALLE2_normal_102.jpg
AGIQA-3K-full,DALLE2_normal_103,AGIQA-78a9d596c8e2,DALLE2,train,DALLE2_normal_103.jpg
AGIQA-3K-full,DALLE2_normal_104,AGIQA-3928f0e8749e,DALLE2,train,DALLE2_normal_104.jpg
AGIQA-3K-full,DALLE2_normal_105,AGIQA-2a821ca75a7f,DALLE2,train,DALLE2_normal_105.jpg
AGIQA-3K-full,DALLE2_normal_106,AGIQA-59dc946e81a2,DALLE2,train,DALLE2_normal_106.jpg
AGIQA-3K-full,DALLE2_normal_107,AGIQA-03c8e945e5e6,DALLE2,train,DALLE2_normal_107.jpg
AGIQA-3K-full,DALLE2_normal_108,AGIQA-644129240816,DALLE2,test,DALLE2_normal_108.jpg
AGIQA-3K-full,DALLE2_normal_109,AGIQA-ea81604fe371,DALLE2,train,DALLE2_normal_109.jpg
AGIQA-3K-full,DALLE2_normal_110,AGIQA-f43114d1ab3a,DALLE2,test,DALLE2_normal_110.jpg
AGIQA-3K-full,DALLE2_normal_111,AGIQA-eda6cf20fa3c,DALLE2,test,DALLE2_normal_111.jpg
AGIQA-3K-full,DALLE2_normal_112,AGIQA-59dcddbad987,DALLE2,train,DALLE2_normal_112.jpg
AGIQA-3K-full,DALLE2_normal_113,AGIQA-1796a3b42bb8,DALLE2,train,DALLE2_normal_113.jpg
AGIQA-3K-full,DALLE2_normal_114,AGIQA-a023778c0dea,DALLE2,test,DALLE2_normal_114.jpg
AGIQA-3K-full,DALLE2_normal_115,AGIQA-27a786146efe,DALLE2,test,DALLE2_normal_115.jpg
AGIQA-3K-full,DALLE2_normal_116,AGIQA-77e327fe685d,DALLE2,train,DALLE2_normal_116.jpg
AGIQA-3K-full,DALLE2_normal_117,AGIQA-3b493022153b,DALLE2,val,DALLE2_normal_117.jpg
AGIQA-3K-full,DALLE2_normal_118,AGIQA-5a56ef85786d,DALLE2,train,DALLE2_normal_118.jpg
AGIQA-3K-full,DALLE2_normal_119,AGIQA-9738ea13169e,DALLE2,train,DALLE2_normal_119.jpg
AGIQA-3K-full,DALLE2_normal_120,AGIQA-a17cac72240f,DALLE2,train,DALLE2_normal_120.jpg
AGIQA-3K-full,DALLE2_normal_121,AGIQA-4feb70c847f4,DALLE2,train,DALLE2_normal_121.jpg
AGIQA-3K-full,DALLE2_normal_122,AGIQA-be3331e07988,DALLE2,train,DALLE2_normal_122.jpg
AGIQA-3K-full,DALLE2_normal_123,AGIQA-d85820862dc4,DALLE2,train,DALLE2_normal_123.jpg
AGIQA-3K-full,DALLE2_normal_124,AGIQA-c63fdfc307d3,DALLE2,train,DALLE2_normal_124.jpg
AGIQA-3K-full,DALLE2_normal_125,AGIQA-e741bfb60d9b,DALLE2,train,DALLE2_normal_125.jpg
AGIQA-3K-full,DALLE2_normal_126,AGIQA-595b239959ca,DALLE2,train,DALLE2_normal_126.jpg
AGIQA-3K-full,DALLE2_normal_127,AGIQA-e1aaa6732d97,DALLE2,train,DALLE2_normal_127.jpg
AGIQA-3K-full,DALLE2_normal_128,AGIQA-7d9bd08d7a8f,DALLE2,train,DALLE2_normal_128.jpg
AGIQA-3K-full,DALLE2_normal_129,AGIQA-deadc33d802a,DALLE2,test,DALLE2_normal_129.jpg
AGIQA-3K-full,DALLE2_normal_130,AGIQA-7902e7eb768c,DALLE2,test,DALLE2_normal_130.jpg
AGIQA-3K-full,DALLE2_normal_131,AGIQA-f2bad7e493a9,DALLE2,train,DALLE2_normal_131.jpg
AGIQA-3K-full,DALLE2_normal_132,AGIQA-60ca7af68f09,DALLE2,train,DALLE2_normal_132.jpg
AGIQA-3K-full,DALLE2_normal_133,AGIQA-1fe09d7fece1,DALLE2,train,DALLE2_normal_133.jpg
AGIQA-3K-full,DALLE2_normal_134,AGIQA-b098ca961012,DALLE2,train,DALLE2_normal_134.jpg
AGIQA-3K-full,DALLE2_normal_135,AGIQA-32695c5aaca1,DALLE2,train,DALLE2_normal_135.jpg
AGIQA-3K-full,DALLE2_normal_136,AGIQA-791d9b65af34,DALLE2,val,DALLE2_normal_136.jpg
AGIQA-3K-full,DALLE2_normal_137,AGIQA-e18bbae5650c,DALLE2,train,DALLE2_normal_137.jpg
AGIQA-3K-full,DALLE2_normal_138,AGIQA-574b3b311b78,DALLE2,train,DALLE2_normal_138.jpg
AGIQA-3K-full,DALLE2_normal_139,AGIQA-acd72daab110,DALLE2,train,DALLE2_normal_139.jpg
AGIQA-3K-full,DALLE2_normal_140,AGIQA-0b211930e1ec,DALLE2,val,DALLE2_normal_140.jpg
AGIQA-3K-full,DALLE2_normal_141,AGIQA-e9592c752d9b,DALLE2,val,DALLE2_normal_141.jpg
AGIQA-3K-full,DALLE2_normal_142,AGIQA-e7cc1ec65d08,DALLE2,val,DALLE2_normal_142.jpg
AGIQA-3K-full,DALLE2_normal_143,AGIQA-b81f063b0196,DALLE2,train,DALLE2_normal_143.jpg
AGIQA-3K-full,DALLE2_normal_144,AGIQA-cae137e1ee63,DALLE2,train,DALLE2_normal_144.jpg
AGIQA-3K-full,DALLE2_normal_145,AGIQA-dde35eb2e0dc,DALLE2,train,DALLE2_normal_145.jpg
AGIQA-3K-full,DALLE2_normal_146,AGIQA-e669a8afc0c5,DALLE2,train,DALLE2_normal_146.jpg
AGIQA-3K-full,DALLE2_normal_148,AGIQA-e3e64e0b691a,DALLE2,train,DALLE2_normal_148.jpg
AGIQA-3K-full,DALLE2_normal_149,AGIQA-030bb6c4d0f5,DALLE2,train,DALLE2_normal_149.jpg
AGIQA-3K-full,DALLE2_normal_150,AGIQA-8aa1f30180ff,DALLE2,train,DALLE2_normal_150.jpg
AGIQA-3K-full,DALLE2_normal_151,AGIQA-486f4dfa9e30,DALLE2,train,DALLE2_normal_151.jpg
AGIQA-3K-full,DALLE2_normal_152,AGIQA-32c2b941b58b,DALLE2,val,DALLE2_normal_152.jpg
AGIQA-3K-full,DALLE2_normal_153,AGIQA-14a193611262,DALLE2,val,DALLE2_normal_153.jpg
AGIQA-3K-full,DALLE2_normal_154,AGIQA-dc46dc776f6b,DALLE2,train,DALLE2_normal_154.jpg
AGIQA-3K-full,DALLE2_normal_155,AGIQA-fbff6ac32dea,DALLE2,test,DALLE2_normal_155.jpg
AGIQA-3K-full,DALLE2_normal_156,AGIQA-72804a0e6e4a,DALLE2,train,DALLE2_normal_156.jpg
AGIQA-3K-full,DALLE2_normal_157,AGIQA-fecb9ae06c54,DALLE2,train,DALLE2_normal_157.jpg
AGIQA-3K-full,DALLE2_normal_158,AGIQA-e79ea28fe7cf,DALLE2,train,DALLE2_normal_158.jpg
AGIQA-3K-full,DALLE2_normal_159,AGIQA-d8761fa80171,DALLE2,train,DALLE2_normal_159.jpg
AGIQA-3K-full,DALLE2_normal_160,AGIQA-4901d63eed08,DALLE2,train,DALLE2_normal_160.jpg
AGIQA-3K-full,DALLE2_normal_161,AGIQA-472af7225929,DALLE2,val,DALLE2_normal_161.jpg
AGIQA-3K-full,DALLE2_normal_163,AGIQA-bedd004ea063,DALLE2,train,DALLE2_normal_163.jpg
AGIQA-3K-full,DALLE2_normal_164,AGIQA-9ddef994f4d6,DALLE2,train,DALLE2_normal_164.jpg
AGIQA-3K-full,DALLE2_normal_165,AGIQA-45c2f3a4f7aa,DALLE2,train,DALLE2_normal_165.jpg
AGIQA-3K-full,DALLE2_normal_166,AGIQA-cf188c67a9b8,DALLE2,train,DALLE2_normal_166.jpg
AGIQA-3K-full,DALLE2_normal_167,AGIQA-5e7c64fdbc18,DALLE2,test,DALLE2_normal_167.jpg
AGIQA-3K-full,DALLE2_normal_168,AGIQA-b1da0547c2f4,DALLE2,train,DALLE2_normal_168.jpg
AGIQA-3K-full,DALLE2_normal_169,AGIQA-b5383b49e05b,DALLE2,test,DALLE2_normal_169.jpg
AGIQA-3K-full,DALLE2_normal_170,AGIQA-0de51307d9da,DALLE2,test,DALLE2_normal_170.jpg
AGIQA-3K-full,DALLE2_normal_171,AGIQA-2b1c5c5c141b,DALLE2,train,DALLE2_normal_171.jpg
AGIQA-3K-full,DALLE2_normal_172,AGIQA-2823adb86f2f,DALLE2,train,DALLE2_normal_172.jpg
AGIQA-3K-full,DALLE2_normal_173,AGIQA-1635df37570d,DALLE2,test,DALLE2_normal_173.jpg
AGIQA-3K-full,DALLE2_normal_174,AGIQA-ef9db73da947,DALLE2,train,DALLE2_normal_174.jpg
AGIQA-3K-full,DALLE2_normal_175,AGIQA-4ae23c11e1b3,DALLE2,train,DALLE2_normal_175.jpg
AGIQA-3K-full,DALLE2_normal_176,AGIQA-121c83e82f96,DALLE2,test,DALLE2_normal_176.jpg
AGIQA-3K-full,DALLE2_normal_177,AGIQA-e38538486536,DALLE2,train,DALLE2_normal_177.jpg
AGIQA-3K-full,DALLE2_normal_178,AGIQA-bd6e7cde02fc,DALLE2,train,DALLE2_normal_178.jpg
AGIQA-3K-full,DALLE2_normal_179,AGIQA-45e156b05235,DALLE2,train,DALLE2_normal_179.jpg
AGIQA-3K-full,DALLE2_normal_180,AGIQA-8fde933261c4,DALLE2,train,DALLE2_normal_180.jpg
AGIQA-3K-full,DALLE2_normal_181,AGIQA-94051c8456d6,DALLE2,train,DALLE2_normal_181.jpg
AGIQA-3K-full,DALLE2_normal_182,AGIQA-32d75345a5f5,DALLE2,test,DALLE2_normal_182.jpg
AGIQA-3K-full,DALLE2_normal_183,AGIQA-ef98e7e5c9ba,DALLE2,train,DALLE2_normal_183.jpg
AGIQA-3K-full,DALLE2_normal_184,AGIQA-893251c5ba76,DALLE2,train,DALLE2_normal_184.jpg
AGIQA-3K-full,DALLE2_normal_185,AGIQA-a69fb8b78eb9,DALLE2,train,DALLE2_normal_185.jpg
AGIQA-3K-full,DALLE2_normal_186,AGIQA-2317a680b698,DALLE2,train,DALLE2_normal_186.jpg
AGIQA-3K-full,DALLE2_normal_187,AGIQA-20d7672f1b9b,DALLE2,train,DALLE2_normal_187.jpg
AGIQA-3K-full,DALLE2_normal_188,AGIQA-fc61b5f30215,DALLE2,train,DALLE2_normal_188.jpg
AGIQA-3K-full,DALLE2_normal_189,AGIQA-15ab7cb9d98f,DALLE2,test,DALLE2_normal_189.jpg
AGIQA-3K-full,DALLE2_normal_190,AGIQA-c2e37db1ba32,DALLE2,train,DALLE2_normal_190.jpg
AGIQA-3K-full,DALLE2_normal_191,AGIQA-8f47e5ab4c6f,DALLE2,train,DALLE2_normal_191.jpg
AGIQA-3K-full,DALLE2_normal_192,AGIQA-31f795290c17,DALLE2,train,DALLE2_normal_192.jpg
AGIQA-3K-full,DALLE2_normal_193,AGIQA-461ba0767435,DALLE2,test,DALLE2_normal_193.jpg
AGIQA-3K-full,DALLE2_normal_194,AGIQA-9f8f853ca083,DALLE2,train,DALLE2_normal_194.jpg
AGIQA-3K-full,DALLE2_normal_195,AGIQA-34fe7242ad9a,DALLE2,test,DALLE2_normal_195.jpg
AGIQA-3K-full,DALLE2_normal_196,AGIQA-0d8602fb1aca,DALLE2,train,DALLE2_normal_196.jpg
AGIQA-3K-full,DALLE2_normal_197,AGIQA-9be3116418d1,DALLE2,val,DALLE2_normal_197.jpg
AGIQA-3K-full,DALLE2_normal_198,AGIQA-fe6c9142be68,DALLE2,train,DALLE2_normal_198.jpg
AGIQA-3K-full,DALLE2_normal_199,AGIQA-7fac06549c79,DALLE2,test,DALLE2_normal_199.jpg
AGIQA-3K-full,DALLE2_normal_200,AGIQA-d9baf8543c9b,DALLE2,train,DALLE2_normal_200.jpg
AGIQA-3K-full,DALLE2_normal_201,AGIQA-aaaac710f29b,DALLE2,val,DALLE2_normal_201.jpg
AGIQA-3K-full,DALLE2_normal_202,AGIQA-8726f694b7d2,DALLE2,train,DALLE2_normal_202.jpg
AGIQA-3K-full,DALLE2_normal_203,AGIQA-b4078d2138ed,DALLE2,train,DALLE2_normal_203.jpg
AGIQA-3K-full,DALLE2_normal_204,AGIQA-864aec596bd9,DALLE2,val,DALLE2_normal_204.jpg
AGIQA-3K-full,DALLE2_normal_205,AGIQA-7c651e36074f,DALLE2,test,DALLE2_normal_205.jpg
AGIQA-3K-full,DALLE2_normal_206,AGIQA-fb42182e75ed,DALLE2,test,DALLE2_normal_206.jpg
AGIQA-3K-full,DALLE2_normal_207,AGIQA-a973dd8fbe31,DALLE2,val,DALLE2_normal_207.jpg
AGIQA-3K-full,DALLE2_normal_208,AGIQA-845b79ffae4e,DALLE2,train,DALLE2_normal_208.jpg
AGIQA-3K-full,DALLE2_normal_209,AGIQA-b1790fdc33ea,DALLE2,train,DALLE2_normal_209.jpg
AGIQA-3K-full,DALLE2_normal_210,AGIQA-5e3045fb58ae,DALLE2,test,DALLE2_normal_210.jpg
AGIQA-3K-full,DALLE2_normal_211,AGIQA-54583bc9220c,DALLE2,test,DALLE2_normal_211.jpg
AGIQA-3K-full,DALLE2_normal_212,AGIQA-7c3be58f6483,DALLE2,train,DALLE2_normal_212.jpg
AGIQA-3K-full,DALLE2_normal_213,AGIQA-957509340f7c,DALLE2,test,DALLE2_normal_213.jpg
AGIQA-3K-full,DALLE2_normal_214,AGIQA-4e1e536bcea3,DALLE2,train,DALLE2_normal_214.jpg
AGIQA-3K-full,DALLE2_normal_215,AGIQA-9f5e9f552c1f,DALLE2,train,DALLE2_normal_215.jpg
AGIQA-3K-full,DALLE2_normal_216,AGIQA-d13d1e283f4a,DALLE2,train,DALLE2_normal_216.jpg
AGIQA-3K-full,DALLE2_normal_217,AGIQA-134b48baf98c,DALLE2,test,DALLE2_normal_217.jpg
AGIQA-3K-full,DALLE2_normal_218,AGIQA-7fd02b84fda4,DALLE2,train,DALLE2_normal_218.jpg
AGIQA-3K-full,DALLE2_normal_219,AGIQA-6c43873cc393,DALLE2,train,DALLE2_normal_219.jpg
AGIQA-3K-full,DALLE2_normal_220,AGIQA-6984fcb7131c,DALLE2,train,DALLE2_normal_220.jpg
AGIQA-3K-full,DALLE2_normal_221,AGIQA-5a96f6ee9f99,DALLE2,train,DALLE2_normal_221.jpg
AGIQA-3K-full,DALLE2_normal_222,AGIQA-cd76a0b6f05b,DALLE2,train,DALLE2_normal_222.jpg
AGIQA-3K-full,DALLE2_normal_223,AGIQA-a8b31dec1e08,DALLE2,test,DALLE2_normal_223.jpg
AGIQA-3K-full,DALLE2_normal_224,AGIQA-5ff95d19c989,DALLE2,train,DALLE2_normal_224.jpg
AGIQA-3K-full,DALLE2_normal_225,AGIQA-487a4d95b14e,DALLE2,train,DALLE2_normal_225.jpg
AGIQA-3K-full,DALLE2_normal_226,AGIQA-3f4b2678c41e,DALLE2,train,DALLE2_normal_226.jpg
AGIQA-3K-full,DALLE2_normal_227,AGIQA-4a6f7b7171c3,DALLE2,train,DALLE2_normal_227.jpg
AGIQA-3K-full,DALLE2_normal_228,AGIQA-7fbcbc5d2602,DALLE2,train,DALLE2_normal_228.jpg
AGIQA-3K-full,DALLE2_normal_229,AGIQA-e24d681d42fa,DALLE2,val,DALLE2_normal_229.jpg
AGIQA-3K-full,DALLE2_normal_230,AGIQA-241858497b40,DALLE2,train,DALLE2_normal_230.jpg
AGIQA-3K-full,DALLE2_normal_231,AGIQA-26f3387f29d6,DALLE2,train,DALLE2_normal_231.jpg
AGIQA-3K-full,DALLE2_normal_232,AGIQA-aa96d239cb01,DALLE2,test,DALLE2_normal_232.jpg
AGIQA-3K-full,DALLE2_normal_233,AGIQA-91018ec483b8,DALLE2,train,DALLE2_normal_233.jpg
AGIQA-3K-full,DALLE2_normal_234,AGIQA-72adf7554aff,DALLE2,train,DALLE2_normal_234.jpg
AGIQA-3K-full,DALLE2_normal_235,AGIQA-839d3f4d0d53,DALLE2,train,DALLE2_normal_235.jpg
AGIQA-3K-full,DALLE2_normal_236,AGIQA-5274466c7aca,DALLE2,train,DALLE2_normal_236.jpg
AGIQA-3K-full,DALLE2_normal_237,AGIQA-bc6103aabea5,DALLE2,train,DALLE2_normal_237.jpg
AGIQA-3K-full,DALLE2_normal_239,AGIQA-3857fb86efc3,DALLE2,train,DALLE2_normal_239.jpg
AGIQA-3K-full,DALLE2_normal_240,AGIQA-d10db1886c8a,DALLE2,train,DALLE2_normal_240.jpg
AGIQA-3K-full,DALLE2_normal_241,AGIQA-fa91e9db53b1,DALLE2,test,DALLE2_normal_241.jpg
AGIQA-3K-full,DALLE2_normal_242,AGIQA-d42754ac4940,DALLE2,train,DALLE2_normal_242.jpg
AGIQA-3K-full,DALLE2_normal_243,AGIQA-88d44d2b19b7,DALLE2,train,DALLE2_normal_243.jpg
AGIQA-3K-full,DALLE2_normal_244,AGIQA-bc5561a2eb72,DALLE2,test,DALLE2_normal_244.jpg
AGIQA-3K-full,DALLE2_normal_245,AGIQA-da1aef0b6659,DALLE2,train,DALLE2_normal_245.jpg
AGIQA-3K-full,DALLE2_normal_246,AGIQA-187732966a3e,DALLE2,train,DALLE2_normal_246.jpg
AGIQA-3K-full,DALLE2_normal_247,AGIQA-aeeef558303e,DALLE2,train,DALLE2_normal_247.jpg
AGIQA-3K-full,DALLE2_normal_248,AGIQA-87561c35fad9,DALLE2,train,DALLE2_normal_248.jpg
AGIQA-3K-full,DALLE2_normal_249,AGIQA-a0b65ad08740,DALLE2,train,DALLE2_normal_249.jpg
AGIQA-3K-full,DALLE2_normal_250,AGIQA-825246a5adcd,DALLE2,train,DALLE2_normal_250.jpg
AGIQA-3K-full,DALLE2_normal_251,AGIQA-ee5f5afeb342,DALLE2,train,DALLE2_normal_251.jpg
AGIQA-3K-full,DALLE2_normal_252,AGIQA-8c1a38da7994,DALLE2,val,DALLE2_normal_252.jpg
AGIQA-3K-full,DALLE2_normal_253,AGIQA-b04d851afc73,DALLE2,train,DALLE2_normal_253.jpg
AGIQA-3K-full,DALLE2_normal_254,AGIQA-e1565d54217f,DALLE2,train,DALLE2_normal_254.jpg
AGIQA-3K-full,DALLE2_normal_255,AGIQA-9d4135098745,DALLE2,train,DALLE2_normal_255.jpg
AGIQA-3K-full,DALLE2_normal_256,AGIQA-d89e46130a96,DALLE2,train,DALLE2_normal_256.jpg
AGIQA-3K-full,DALLE2_normal_257,AGIQA-2d2bb0095437,DALLE2,train,DALLE2_normal_257.jpg
AGIQA-3K-full,DALLE2_normal_258,AGIQA-0f181149eb2a,DALLE2,test,DALLE2_normal_258.jpg
AGIQA-3K-full,DALLE2_normal_259,AGIQA-6d4fab56dcb7,DALLE2,train,DALLE2_normal_259.jpg
AGIQA-3K-full,DALLE2_normal_260,AGIQA-4fd99e98bfcc,DALLE2,test,DALLE2_normal_260.jpg
AGIQA-3K-full,DALLE2_normal_261,AGIQA-52db3e0e841b,DALLE2,train,DALLE2_normal_261.jpg
AGIQA-3K-full,DALLE2_normal_262,AGIQA-89e1b69268a9,DALLE2,test,DALLE2_normal_262.jpg
AGIQA-3K-full,DALLE2_normal_263,AGIQA-4234732c7ece,DALLE2,train,DALLE2_normal_263.jpg
AGIQA-3K-full,DALLE2_normal_264,AGIQA-60869db09321,DALLE2,test,DALLE2_normal_264.jpg
AGIQA-3K-full,DALLE2_normal_265,AGIQA-c832635dd360,DALLE2,val,DALLE2_normal_265.jpg
AGIQA-3K-full,DALLE2_normal_266,AGIQA-47f01f744d95,DALLE2,test,DALLE2_normal_266.jpg
AGIQA-3K-full,DALLE2_normal_267,AGIQA-48249fb46134,DALLE2,train,DALLE2_normal_267.jpg
AGIQA-3K-full,DALLE2_normal_268,AGIQA-4f5b8417ba27,DALLE2,test,DALLE2_normal_268.jpg
AGIQA-3K-full,DALLE2_normal_269,AGIQA-c0979fe5af15,DALLE2,train,DALLE2_normal_269.jpg
AGIQA-3K-full,DALLE2_normal_270,AGIQA-9f4df369c33d,DALLE2,test,DALLE2_normal_270.jpg
AGIQA-3K-full,DALLE2_normal_271,AGIQA-c501dfbf43d4,DALLE2,test,DALLE2_normal_271.jpg
AGIQA-3K-full,DALLE2_normal_273,AGIQA-eeca63819cae,DALLE2,train,DALLE2_normal_273.jpg
AGIQA-3K-full,DALLE2_normal_274,AGIQA-373eecf8fe79,DALLE2,val,DALLE2_normal_274.jpg
AGIQA-3K-full,DALLE2_normal_275,AGIQA-ec8970400b03,DALLE2,train,DALLE2_normal_275.jpg
AGIQA-3K-full,DALLE2_normal_276,AGIQA-700f85e93cd9,DALLE2,train,DALLE2_normal_276.jpg
AGIQA-3K-full,DALLE2_normal_277,AGIQA-285ccdf13939,DALLE2,val,DALLE2_normal_277.jpg
AGIQA-3K-full,DALLE2_normal_278,AGIQA-1cf041a27e5a,DALLE2,train,DALLE2_normal_278.jpg
AGIQA-3K-full,DALLE2_normal_279,AGIQA-c6c3a07b14f5,DALLE2,train,DALLE2_normal_279.jpg
AGIQA-3K-full,DALLE2_normal_280,AGIQA-a366638220c2,DALLE2,train,DALLE2_normal_280.jpg
AGIQA-3K-full,DALLE2_normal_281,AGIQA-9ca8817fa0d7,DALLE2,test,DALLE2_normal_281.jpg
AGIQA-3K-full,DALLE2_normal_282,AGIQA-f1e866c8ce87,DALLE2,train,DALLE2_normal_282.jpg
AGIQA-3K-full,DALLE2_normal_283,AGIQA-3ddae4e47c34,DALLE2,test,DALLE2_normal_283.jpg
AGIQA-3K-full,DALLE2_normal_284,AGIQA-514b19bebc24,DALLE2,train,DALLE2_normal_284.jpg
AGIQA-3K-full,DALLE2_normal_285,AGIQA-46145207aed7,DALLE2,train,DALLE2_normal_285.jpg
AGIQA-3K-full,DALLE2_normal_286,AGIQA-574bc6573ac1,DALLE2,train,DALLE2_normal_286.jpg
AGIQA-3K-full,DALLE2_normal_287,AGIQA-a506eb9141fd,DALLE2,train,DALLE2_normal_287.jpg
AGIQA-3K-full,DALLE2_normal_288,AGIQA-17d81fa16810,DALLE2,test,DALLE2_normal_288.jpg
AGIQA-3K-full,DALLE2_normal_289,AGIQA-fef3bc0ee319,DALLE2,train,DALLE2_normal_289.jpg
AGIQA-3K-full,DALLE2_normal_290,AGIQA-ce56cd7a084b,DALLE2,val,DALLE2_normal_290.jpg
AGIQA-3K-full,DALLE2_normal_291,AGIQA-5e81c05a2b19,DALLE2,train,DALLE2_normal_291.jpg
AGIQA-3K-full,DALLE2_normal_292,AGIQA-b93675144038,DALLE2,test,DALLE2_normal_292.jpg
AGIQA-3K-full,DALLE2_normal_293,AGIQA-a8aeedd21648,DALLE2,test,DALLE2_normal_293.jpg
AGIQA-3K-full,DALLE2_normal_294,AGIQA-73445cd4e31d,DALLE2,train,DALLE2_normal_294.jpg
AGIQA-3K-full,DALLE2_normal_295,AGIQA-d6cfbcb0b65b,DALLE2,val,DALLE2_normal_295.jpg
AGIQA-3K-full,DALLE2_normal_296,AGIQA-cda73163d4e7,DALLE2,train,DALLE2_normal_296.jpg
AGIQA-3K-full,DALLE2_normal_297,AGIQA-017d4ba8d955,DALLE2,train,DALLE2_normal_297.jpg
AGIQA-3K-full,DALLE2_normal_298,AGIQA-7e20efbb16ae,DALLE2,train,DALLE2_normal_298.jpg
AGIQA-3K-full,DALLE2_normal_299,AGIQA-53a40ffc7b8e,DALLE2,train,DALLE2_normal_299.jpg
AGIQA-3K-full,glide_normal_000,AGIQA-6450500ef537,glide,train,glide_normal_000.jpg
AGIQA-3K-full,glide_normal_001,AGIQA-7a6a19473264,glide,train,glide_normal_001.jpg
AGIQA-3K-full,glide_normal_002,AGIQA-e7cac214d6e9,glide,train,glide_normal_002.jpg
AGIQA-3K-full,glide_normal_003,AGIQA-e9a8981cd29f,glide,train,glide_normal_003.jpg
AGIQA-3K-full,glide_normal_004,AGIQA-483967d836ca,glide,val,glide_normal_004.jpg
AGIQA-3K-full,glide_normal_005,AGIQA-e217ce39c73f,glide,train,glide_normal_005.jpg
AGIQA-3K-full,glide_normal_006,AGIQA-eaf6e4c20ea4,glide,test,glide_normal_006.jpg
AGIQA-3K-full,glide_normal_007,AGIQA-d7a1414ab859,glide,train,glide_normal_007.jpg
AGIQA-3K-full,glide_normal_008,AGIQA-15be354bb96e,glide,train,glide_normal_008.jpg
AGIQA-3K-full,glide_normal_009,AGIQA-9821efa7c5f4,glide,test,glide_normal_009.jpg
AGIQA-3K-full,glide_normal_010,AGIQA-1140c78e0ae6,glide,test,glide_normal_010.jpg
AGIQA-3K-full,glide_normal_011,AGIQA-5ef6165535cc,glide,test,glide_normal_011.jpg
AGIQA-3K-full,glide_normal_012,AGIQA-e334be82922d,glide,train,glide_normal_012.jpg
AGIQA-3K-full,glide_normal_013,AGIQA-a1025dda6741,glide,test,glide_normal_013.jpg
AGIQA-3K-full,glide_normal_014,AGIQA-5157585510fa,glide,test,glide_normal_014.jpg
AGIQA-3K-full,glide_normal_015,AGIQA-a140832780f0,glide,val,glide_normal_015.jpg
AGIQA-3K-full,glide_normal_016,AGIQA-29db9d3c3030,glide,test,glide_normal_016.jpg
AGIQA-3K-full,glide_normal_017,AGIQA-735ffd33c35d,glide,train,glide_normal_017.jpg
AGIQA-3K-full,glide_normal_018,AGIQA-3fbe71b5e645,glide,test,glide_normal_018.jpg
AGIQA-3K-full,glide_normal_019,AGIQA-24062dcfadad,glide,train,glide_normal_019.jpg
AGIQA-3K-full,glide_normal_020,AGIQA-9eeb9b8e3f8e,glide,test,glide_normal_020.jpg
AGIQA-3K-full,glide_normal_021,AGIQA-1371abf2f93d,glide,test,glide_normal_021.jpg
AGIQA-3K-full,glide_normal_022,AGIQA-6c6164597781,glide,test,glide_normal_022.jpg
AGIQA-3K-full,glide_normal_023,AGIQA-0af5d168f24a,glide,train,glide_normal_023.jpg
AGIQA-3K-full,glide_normal_024,AGIQA-889cbd060604,glide,train,glide_normal_024.jpg
AGIQA-3K-full,glide_normal_025,AGIQA-30e86978cc84,glide,test,glide_normal_025.jpg
AGIQA-3K-full,glide_normal_026,AGIQA-345eec9dd421,glide,test,glide_normal_026.jpg
AGIQA-3K-full,glide_normal_027,AGIQA-37dfb2ab2ae5,glide,test,glide_normal_027.jpg
AGIQA-3K-full,glide_normal_028,AGIQA-1bff9303dbad,glide,train,glide_normal_028.jpg
AGIQA-3K-full,glide_normal_029,AGIQA-a6ab88e8fd89,glide,train,glide_normal_029.jpg
AGIQA-3K-full,glide_normal_030,AGIQA-d2336a69fe20,glide,train,glide_normal_030.jpg
AGIQA-3K-full,glide_normal_031,AGIQA-8a1982e9c4e2,glide,val,glide_normal_031.jpg
AGIQA-3K-full,glide_normal_032,AGIQA-c8866246ba2d,glide,test,glide_normal_032.jpg
AGIQA-3K-full,glide_normal_033,AGIQA-f587e366ca8f,glide,train,glide_normal_033.jpg
AGIQA-3K-full,glide_normal_034,AGIQA-d91a18f3f62c,glide,train,glide_normal_034.jpg
AGIQA-3K-full,glide_normal_035,AGIQA-a408155fcc7c,glide,train,glide_normal_035.jpg
AGIQA-3K-full,glide_normal_036,AGIQA-a8e2e7bf98bc,glide,train,glide_normal_036.jpg
AGIQA-3K-full,glide_normal_037,AGIQA-2ff96029d612,glide,train,glide_normal_037.jpg
AGIQA-3K-full,glide_normal_038,AGIQA-699c069d0958,glide,train,glide_normal_038.jpg
AGIQA-3K-full,glide_normal_039,AGIQA-bb9a47ae293e,glide,train,glide_normal_039.jpg
AGIQA-3K-full,glide_normal_040,AGIQA-1bdd03baf926,glide,train,glide_normal_040.jpg
AGIQA-3K-full,glide_normal_041,AGIQA-b5139fecf4ac,glide,test,glide_normal_041.jpg
AGIQA-3K-full,glide_normal_042,AGIQA-b93c19ff75f8,glide,train,glide_normal_042.jpg
AGIQA-3K-full,glide_normal_043,AGIQA-aeb19603c48e,glide,train,glide_normal_043.jpg
AGIQA-3K-full,glide_normal_044,AGIQA-02bef5c360e8,glide,train,glide_normal_044.jpg
AGIQA-3K-full,glide_normal_045,AGIQA-352213e9322c,glide,train,glide_normal_045.jpg
AGIQA-3K-full,glide_normal_046,AGIQA-3d5b4a0897ba,glide,train,glide_normal_046.jpg
AGIQA-3K-full,glide_normal_047,AGIQA-02d4f0376aa1,glide,test,glide_normal_047.jpg
AGIQA-3K-full,glide_normal_048,AGIQA-cba821e04d7f,glide,val,glide_normal_048.jpg
AGIQA-3K-full,glide_normal_049,AGIQA-2156f8055773,glide,train,glide_normal_049.jpg
AGIQA-3K-full,glide_normal_050,AGIQA-15a87eed536a,glide,train,glide_normal_050.jpg
AGIQA-3K-full,glide_normal_051,AGIQA-bc7e65d64dc1,glide,train,glide_normal_051.jpg
AGIQA-3K-full,glide_normal_052,AGIQA-b2ca21ea25ce,glide,train,glide_normal_052.jpg
AGIQA-3K-full,glide_normal_053,AGIQA-305317b84702,glide,test,glide_normal_053.jpg
AGIQA-3K-full,glide_normal_054,AGIQA-94c6cce5b494,glide,test,glide_normal_054.jpg
AGIQA-3K-full,glide_normal_055,AGIQA-270ab27b4cc3,glide,test,glide_normal_055.jpg
AGIQA-3K-full,glide_normal_056,AGIQA-ee79cf3a1533,glide,train,glide_normal_056.jpg
AGIQA-3K-full,glide_normal_057,AGIQA-3e01a171ef14,glide,train,glide_normal_057.jpg
AGIQA-3K-full,glide_normal_058,AGIQA-7a4d12587948,glide,train,glide_normal_058.jpg
AGIQA-3K-full,glide_normal_059,AGIQA-93fc7fc78148,glide,test,glide_normal_059.jpg
AGIQA-3K-full,glide_normal_060,AGIQA-b3af04d6b4f7,glide,train,glide_normal_060.jpg
AGIQA-3K-full,glide_normal_061,AGIQA-3afb49bd87b2,glide,test,glide_normal_061.jpg
AGIQA-3K-full,glide_normal_062,AGIQA-4bd827546f3c,glide,train,glide_normal_062.jpg
AGIQA-3K-full,glide_normal_063,AGIQA-4bfc1ce9717d,glide,test,glide_normal_063.jpg
AGIQA-3K-full,glide_normal_064,AGIQA-0a62a7327a97,glide,train,glide_normal_064.jpg
AGIQA-3K-full,glide_normal_065,AGIQA-1884d73ea603,glide,train,glide_normal_065.jpg
AGIQA-3K-full,glide_normal_066,AGIQA-4d874861883d,glide,train,glide_normal_066.jpg
AGIQA-3K-full,glide_normal_067,AGIQA-36c7ff486bf4,glide,train,glide_normal_067.jpg
AGIQA-3K-full,glide_normal_068,AGIQA-219765781124,glide,train,glide_normal_068.jpg
AGIQA-3K-full,glide_normal_069,AGIQA-f2c705d91de0,glide,train,glide_normal_069.jpg
AGIQA-3K-full,glide_normal_070,AGIQA-7a34b7800c8c,glide,train,glide_normal_070.jpg
AGIQA-3K-full,glide_normal_071,AGIQA-26e9b65319ac,glide,train,glide_normal_071.jpg
AGIQA-3K-full,glide_normal_072,AGIQA-83501ba9c92d,glide,train,glide_normal_072.jpg
AGIQA-3K-full,glide_normal_073,AGIQA-39896a46302d,glide,train,glide_normal_073.jpg
AGIQA-3K-full,glide_normal_074,AGIQA-5da8e22af7e1,glide,test,glide_normal_074.jpg
AGIQA-3K-full,glide_normal_075,AGIQA-e9d4dffbb822,glide,train,glide_normal_075.jpg
AGIQA-3K-full,glide_normal_076,AGIQA-afb2cac1ef8f,glide,train,glide_normal_076.jpg
AGIQA-3K-full,glide_normal_077,AGIQA-b363c8123684,glide,train,glide_normal_077.jpg
AGIQA-3K-full,glide_normal_078,AGIQA-b46354dc17d7,glide,train,glide_normal_078.jpg
AGIQA-3K-full,glide_normal_079,AGIQA-54f1d577611b,glide,train,glide_normal_079.jpg
AGIQA-3K-full,glide_normal_080,AGIQA-62039ebf9238,glide,val,glide_normal_080.jpg
AGIQA-3K-full,glide_normal_081,AGIQA-d3def83b5966,glide,train,glide_normal_081.jpg
AGIQA-3K-full,glide_normal_082,AGIQA-cf265de7c37e,glide,train,glide_normal_082.jpg
AGIQA-3K-full,glide_normal_083,AGIQA-2a787fbb8c5d,glide,train,glide_normal_083.jpg
AGIQA-3K-full,glide_normal_084,AGIQA-74f4e06b1a42,glide,train,glide_normal_084.jpg
AGIQA-3K-full,glide_normal_085,AGIQA-2abccfad8fc0,glide,test,glide_normal_085.jpg
AGIQA-3K-full,glide_normal_086,AGIQA-1747f1a2a6af,glide,train,glide_normal_086.jpg
AGIQA-3K-full,glide_normal_087,AGIQA-7ebd987a0c9d,glide,train,glide_normal_087.jpg
AGIQA-3K-full,glide_normal_088,AGIQA-e34e3aaae310,glide,test,glide_normal_088.jpg
AGIQA-3K-full,glide_normal_089,AGIQA-816e47e299de,glide,test,glide_normal_089.jpg
AGIQA-3K-full,glide_normal_090,AGIQA-1197c8ae3ee4,glide,val,glide_normal_090.jpg
AGIQA-3K-full,glide_normal_091,AGIQA-feb2058c681e,glide,train,glide_normal_091.jpg
AGIQA-3K-full,glide_normal_092,AGIQA-c71137b2c51a,glide,train,glide_normal_092.jpg
AGIQA-3K-full,glide_normal_093,AGIQA-ee97a207c282,glide,train,glide_normal_093.jpg
AGIQA-3K-full,glide_normal_094,AGIQA-7f624ef10c68,glide,train,glide_normal_094.jpg
AGIQA-3K-full,glide_normal_095,AGIQA-7b69fd0727e0,glide,test,glide_normal_095.jpg
AGIQA-3K-full,glide_normal_096,AGIQA-2c5ac90ad3a2,glide,test,glide_normal_096.jpg
AGIQA-3K-full,glide_normal_097,AGIQA-014fd2ea1608,glide,train,glide_normal_097.jpg
AGIQA-3K-full,glide_normal_098,AGIQA-b54a8612f6ee,glide,train,glide_normal_098.jpg
AGIQA-3K-full,glide_normal_099,AGIQA-f235fa2da3be,glide,test,glide_normal_099.jpg
AGIQA-3K-full,glide_normal_100,AGIQA-abc1c7e34703,glide,train,glide_normal_100.jpg
AGIQA-3K-full,glide_normal_101,AGIQA-0c9dbafc59fd,glide,train,glide_normal_101.jpg
AGIQA-3K-full,glide_normal_102,AGIQA-b81bc55a8c04,glide,test,glide_normal_102.jpg
AGIQA-3K-full,glide_normal_103,AGIQA-78a9d596c8e2,glide,train,glide_normal_103.jpg
AGIQA-3K-full,glide_normal_104,AGIQA-3928f0e8749e,glide,train,glide_normal_104.jpg
AGIQA-3K-full,glide_normal_105,AGIQA-2a821ca75a7f,glide,train,glide_normal_105.jpg
AGIQA-3K-full,glide_normal_106,AGIQA-59dc946e81a2,glide,train,glide_normal_106.jpg
AGIQA-3K-full,glide_normal_107,AGIQA-03c8e945e5e6,glide,train,glide_normal_107.jpg
AGIQA-3K-full,glide_normal_108,AGIQA-644129240816,glide,test,glide_normal_108.jpg
AGIQA-3K-full,glide_normal_109,AGIQA-ea81604fe371,glide,train,glide_normal_109.jpg
AGIQA-3K-full,glide_normal_110,AGIQA-f43114d1ab3a,glide,test,glide_normal_110.jpg
AGIQA-3K-full,glide_normal_111,AGIQA-eda6cf20fa3c,glide,test,glide_normal_111.jpg
AGIQA-3K-full,glide_normal_112,AGIQA-59dcddbad987,glide,train,glide_normal_112.jpg
AGIQA-3K-full,glide_normal_113,AGIQA-1796a3b42bb8,glide,train,glide_normal_113.jpg
AGIQA-3K-full,glide_normal_114,AGIQA-a023778c0dea,glide,test,glide_normal_114.jpg
AGIQA-3K-full,glide_normal_115,AGIQA-27a786146efe,glide,test,glide_normal_115.jpg
AGIQA-3K-full,glide_normal_116,AGIQA-77e327fe685d,glide,train,glide_normal_116.jpg
AGIQA-3K-full,glide_normal_117,AGIQA-3b493022153b,glide,val,glide_normal_117.jpg
AGIQA-3K-full,glide_normal_118,AGIQA-5a56ef85786d,glide,train,glide_normal_118.jpg
AGIQA-3K-full,glide_normal_119,AGIQA-9738ea13169e,glide,train,glide_normal_119.jpg
AGIQA-3K-full,glide_normal_120,AGIQA-a17cac72240f,glide,train,glide_normal_120.jpg
AGIQA-3K-full,glide_normal_121,AGIQA-4feb70c847f4,glide,train,glide_normal_121.jpg
AGIQA-3K-full,glide_normal_122,AGIQA-be3331e07988,glide,train,glide_normal_122.jpg
AGIQA-3K-full,glide_normal_123,AGIQA-d85820862dc4,glide,train,glide_normal_123.jpg
AGIQA-3K-full,glide_normal_124,AGIQA-c63fdfc307d3,glide,train,glide_normal_124.jpg
AGIQA-3K-full,glide_normal_125,AGIQA-e741bfb60d9b,glide,train,glide_normal_125.jpg
AGIQA-3K-full,glide_normal_126,AGIQA-595b239959ca,glide,train,glide_normal_126.jpg
AGIQA-3K-full,glide_normal_127,AGIQA-e1aaa6732d97,glide,train,glide_normal_127.jpg
AGIQA-3K-full,glide_normal_128,AGIQA-7d9bd08d7a8f,glide,train,glide_normal_128.jpg
AGIQA-3K-full,glide_normal_129,AGIQA-deadc33d802a,glide,test,glide_normal_129.jpg
AGIQA-3K-full,glide_normal_130,AGIQA-7902e7eb768c,glide,test,glide_normal_130.jpg
AGIQA-3K-full,glide_normal_131,AGIQA-f2bad7e493a9,glide,train,glide_normal_131.jpg
AGIQA-3K-full,glide_normal_132,AGIQA-60ca7af68f09,glide,train,glide_normal_132.jpg
AGIQA-3K-full,glide_normal_133,AGIQA-1fe09d7fece1,glide,train,glide_normal_133.jpg
AGIQA-3K-full,glide_normal_134,AGIQA-b098ca961012,glide,train,glide_normal_134.jpg
AGIQA-3K-full,glide_normal_135,AGIQA-32695c5aaca1,glide,train,glide_normal_135.jpg
AGIQA-3K-full,glide_normal_136,AGIQA-791d9b65af34,glide,val,glide_normal_136.jpg
AGIQA-3K-full,glide_normal_137,AGIQA-e18bbae5650c,glide,train,glide_normal_137.jpg
AGIQA-3K-full,glide_normal_138,AGIQA-574b3b311b78,glide,train,glide_normal_138.jpg
AGIQA-3K-full,glide_normal_139,AGIQA-acd72daab110,glide,train,glide_normal_139.jpg
AGIQA-3K-full,glide_normal_140,AGIQA-0b211930e1ec,glide,val,glide_normal_140.jpg
AGIQA-3K-full,glide_normal_141,AGIQA-e9592c752d9b,glide,val,glide_normal_141.jpg
AGIQA-3K-full,glide_normal_142,AGIQA-e7cc1ec65d08,glide,val,glide_normal_142.jpg
AGIQA-3K-full,glide_normal_143,AGIQA-b81f063b0196,glide,train,glide_normal_143.jpg
AGIQA-3K-full,glide_normal_144,AGIQA-cae137e1ee63,glide,train,glide_normal_144.jpg
AGIQA-3K-full,glide_normal_145,AGIQA-dde35eb2e0dc,glide,train,glide_normal_145.jpg
AGIQA-3K-full,glide_normal_146,AGIQA-e669a8afc0c5,glide,train,glide_normal_146.jpg
AGIQA-3K-full,glide_normal_147,AGIQA-65dcda74e31d,glide,train,glide_normal_147.jpg
AGIQA-3K-full,glide_normal_148,AGIQA-e3e64e0b691a,glide,train,glide_normal_148.jpg
AGIQA-3K-full,glide_normal_149,AGIQA-030bb6c4d0f5,glide,train,glide_normal_149.jpg
AGIQA-3K-full,glide_normal_150,AGIQA-8aa1f30180ff,glide,train,glide_normal_150.jpg
AGIQA-3K-full,glide_normal_151,AGIQA-486f4dfa9e30,glide,train,glide_normal_151.jpg
AGIQA-3K-full,glide_normal_152,AGIQA-32c2b941b58b,glide,val,glide_normal_152.jpg
AGIQA-3K-full,glide_normal_153,AGIQA-14a193611262,glide,val,glide_normal_153.jpg
AGIQA-3K-full,glide_normal_154,AGIQA-dc46dc776f6b,glide,train,glide_normal_154.jpg
AGIQA-3K-full,glide_normal_155,AGIQA-fbff6ac32dea,glide,test,glide_normal_155.jpg
AGIQA-3K-full,glide_normal_156,AGIQA-72804a0e6e4a,glide,train,glide_normal_156.jpg
AGIQA-3K-full,glide_normal_157,AGIQA-fecb9ae06c54,glide,train,glide_normal_157.jpg
AGIQA-3K-full,glide_normal_158,AGIQA-e79ea28fe7cf,glide,train,glide_normal_158.jpg
AGIQA-3K-full,glide_normal_159,AGIQA-d8761fa80171,glide,train,glide_normal_159.jpg
AGIQA-3K-full,glide_normal_160,AGIQA-4901d63eed08,glide,train,glide_normal_160.jpg
AGIQA-3K-full,glide_normal_161,AGIQA-472af7225929,glide,val,glide_normal_161.jpg
AGIQA-3K-full,glide_normal_162,AGIQA-3a92ca053cc1,glide,train,glide_normal_162.jpg
AGIQA-3K-full,glide_normal_163,AGIQA-bedd004ea063,glide,train,glide_normal_163.jpg
AGIQA-3K-full,glide_normal_164,AGIQA-9ddef994f4d6,glide,train,glide_normal_164.jpg
AGIQA-3K-full,glide_normal_165,AGIQA-45c2f3a4f7aa,glide,train,glide_normal_165.jpg
AGIQA-3K-full,glide_normal_166,AGIQA-cf188c67a9b8,glide,train,glide_normal_166.jpg
AGIQA-3K-full,glide_normal_167,AGIQA-5e7c64fdbc18,glide,test,glide_normal_167.jpg
AGIQA-3K-full,glide_normal_168,AGIQA-b1da0547c2f4,glide,train,glide_normal_168.jpg
AGIQA-3K-full,glide_normal_169,AGIQA-b5383b49e05b,glide,test,glide_normal_169.jpg
AGIQA-3K-full,glide_normal_170,AGIQA-0de51307d9da,glide,test,glide_normal_170.jpg
AGIQA-3K-full,glide_normal_171,AGIQA-2b1c5c5c141b,glide,train,glide_normal_171.jpg
AGIQA-3K-full,glide_normal_172,AGIQA-2823adb86f2f,glide,train,glide_normal_172.jpg
AGIQA-3K-full,glide_normal_173,AGIQA-1635df37570d,glide,test,glide_normal_173.jpg
AGIQA-3K-full,glide_normal_174,AGIQA-ef9db73da947,glide,train,glide_normal_174.jpg
AGIQA-3K-full,glide_normal_175,AGIQA-4ae23c11e1b3,glide,train,glide_normal_175.jpg
AGIQA-3K-full,glide_normal_176,AGIQA-121c83e82f96,glide,test,glide_normal_176.jpg
AGIQA-3K-full,glide_normal_177,AGIQA-e38538486536,glide,train,glide_normal_177.jpg
AGIQA-3K-full,glide_normal_178,AGIQA-bd6e7cde02fc,glide,train,glide_normal_178.jpg
AGIQA-3K-full,glide_normal_179,AGIQA-45e156b05235,glide,train,glide_normal_179.jpg
AGIQA-3K-full,glide_normal_180,AGIQA-8fde933261c4,glide,train,glide_normal_180.jpg
AGIQA-3K-full,glide_normal_181,AGIQA-94051c8456d6,glide,train,glide_normal_181.jpg
AGIQA-3K-full,glide_normal_182,AGIQA-32d75345a5f5,glide,test,glide_normal_182.jpg
AGIQA-3K-full,glide_normal_183,AGIQA-ef98e7e5c9ba,glide,train,glide_normal_183.jpg
AGIQA-3K-full,glide_normal_184,AGIQA-893251c5ba76,glide,train,glide_normal_184.jpg
AGIQA-3K-full,glide_normal_185,AGIQA-a69fb8b78eb9,glide,train,glide_normal_185.jpg
AGIQA-3K-full,glide_normal_186,AGIQA-2317a680b698,glide,train,glide_normal_186.jpg
AGIQA-3K-full,glide_normal_187,AGIQA-20d7672f1b9b,glide,train,glide_normal_187.jpg
AGIQA-3K-full,glide_normal_188,AGIQA-fc61b5f30215,glide,train,glide_normal_188.jpg
AGIQA-3K-full,glide_normal_189,AGIQA-15ab7cb9d98f,glide,test,glide_normal_189.jpg
AGIQA-3K-full,glide_normal_190,AGIQA-c2e37db1ba32,glide,train,glide_normal_190.jpg
AGIQA-3K-full,glide_normal_191,AGIQA-8f47e5ab4c6f,glide,train,glide_normal_191.jpg
AGIQA-3K-full,glide_normal_192,AGIQA-31f795290c17,glide,train,glide_normal_192.jpg
AGIQA-3K-full,glide_normal_193,AGIQA-461ba0767435,glide,test,glide_normal_193.jpg
AGIQA-3K-full,glide_normal_194,AGIQA-9f8f853ca083,glide,train,glide_normal_194.jpg
AGIQA-3K-full,glide_normal_195,AGIQA-34fe7242ad9a,glide,test,glide_normal_195.jpg
AGIQA-3K-full,glide_normal_196,AGIQA-0d8602fb1aca,glide,train,glide_normal_196.jpg
AGIQA-3K-full,glide_normal_197,AGIQA-9be3116418d1,glide,val,glide_normal_197.jpg
AGIQA-3K-full,glide_normal_198,AGIQA-fe6c9142be68,glide,train,glide_normal_198.jpg
AGIQA-3K-full,glide_normal_199,AGIQA-7fac06549c79,glide,test,glide_normal_199.jpg
AGIQA-3K-full,glide_normal_200,AGIQA-d9baf8543c9b,glide,train,glide_normal_200.jpg
AGIQA-3K-full,glide_normal_201,AGIQA-aaaac710f29b,glide,val,glide_normal_201.jpg
AGIQA-3K-full,glide_normal_202,AGIQA-8726f694b7d2,glide,train,glide_normal_202.jpg
AGIQA-3K-full,glide_normal_203,AGIQA-b4078d2138ed,glide,train,glide_normal_203.jpg
AGIQA-3K-full,glide_normal_204,AGIQA-864aec596bd9,glide,val,glide_normal_204.jpg
AGIQA-3K-full,glide_normal_205,AGIQA-7c651e36074f,glide,test,glide_normal_205.jpg
AGIQA-3K-full,glide_normal_206,AGIQA-fb42182e75ed,glide,test,glide_normal_206.jpg
AGIQA-3K-full,glide_normal_207,AGIQA-a973dd8fbe31,glide,val,glide_normal_207.jpg
AGIQA-3K-full,glide_normal_208,AGIQA-845b79ffae4e,glide,train,glide_normal_208.jpg
AGIQA-3K-full,glide_normal_209,AGIQA-b1790fdc33ea,glide,train,glide_normal_209.jpg
AGIQA-3K-full,glide_normal_210,AGIQA-5e3045fb58ae,glide,test,glide_normal_210.jpg
AGIQA-3K-full,glide_normal_211,AGIQA-54583bc9220c,glide,test,glide_normal_211.jpg
AGIQA-3K-full,glide_normal_212,AGIQA-7c3be58f6483,glide,train,glide_normal_212.jpg
AGIQA-3K-full,glide_normal_213,AGIQA-957509340f7c,glide,test,glide_normal_213.jpg
AGIQA-3K-full,glide_normal_214,AGIQA-4e1e536bcea3,glide,train,glide_normal_214.jpg
AGIQA-3K-full,glide_normal_215,AGIQA-9f5e9f552c1f,glide,train,glide_normal_215.jpg
AGIQA-3K-full,glide_normal_216,AGIQA-d13d1e283f4a,glide,train,glide_normal_216.jpg
AGIQA-3K-full,glide_normal_217,AGIQA-134b48baf98c,glide,test,glide_normal_217.jpg
AGIQA-3K-full,glide_normal_218,AGIQA-7fd02b84fda4,glide,train,glide_normal_218.jpg
AGIQA-3K-full,glide_normal_219,AGIQA-6c43873cc393,glide,train,glide_normal_219.jpg
AGIQA-3K-full,glide_normal_220,AGIQA-6984fcb7131c,glide,train,glide_normal_220.jpg
AGIQA-3K-full,glide_normal_221,AGIQA-5a96f6ee9f99,glide,train,glide_normal_221.jpg
AGIQA-3K-full,glide_normal_222,AGIQA-cd76a0b6f05b,glide,train,glide_normal_222.jpg
AGIQA-3K-full,glide_normal_223,AGIQA-a8b31dec1e08,glide,test,glide_normal_223.jpg
AGIQA-3K-full,glide_normal_224,AGIQA-5ff95d19c989,glide,train,glide_normal_224.jpg
AGIQA-3K-full,glide_normal_225,AGIQA-487a4d95b14e,glide,train,glide_normal_225.jpg
AGIQA-3K-full,glide_normal_226,AGIQA-3f4b2678c41e,glide,train,glide_normal_226.jpg
AGIQA-3K-full,glide_normal_227,AGIQA-4a6f7b7171c3,glide,train,glide_normal_227.jpg
AGIQA-3K-full,glide_normal_228,AGIQA-7fbcbc5d2602,glide,train,glide_normal_228.jpg
AGIQA-3K-full,glide_normal_229,AGIQA-e24d681d42fa,glide,val,glide_normal_229.jpg
AGIQA-3K-full,glide_normal_230,AGIQA-241858497b40,glide,train,glide_normal_230.jpg
AGIQA-3K-full,glide_normal_231,AGIQA-26f3387f29d6,glide,train,glide_normal_231.jpg
AGIQA-3K-full,glide_normal_232,AGIQA-aa96d239cb01,glide,test,glide_normal_232.jpg
AGIQA-3K-full,glide_normal_233,AGIQA-91018ec483b8,glide,train,glide_normal_233.jpg
AGIQA-3K-full,glide_normal_234,AGIQA-72adf7554aff,glide,train,glide_normal_234.jpg
AGIQA-3K-full,glide_normal_235,AGIQA-839d3f4d0d53,glide,train,glide_normal_235.jpg
AGIQA-3K-full,glide_normal_236,AGIQA-5274466c7aca,glide,train,glide_normal_236.jpg
AGIQA-3K-full,glide_normal_237,AGIQA-bc6103aabea5,glide,train,glide_normal_237.jpg
AGIQA-3K-full,glide_normal_238,AGIQA-88225797d231,glide,train,glide_normal_238.jpg
AGIQA-3K-full,glide_normal_239,AGIQA-3857fb86efc3,glide,train,glide_normal_239.jpg
AGIQA-3K-full,glide_normal_240,AGIQA-d10db1886c8a,glide,train,glide_normal_240.jpg
AGIQA-3K-full,glide_normal_241,AGIQA-fa91e9db53b1,glide,test,glide_normal_241.jpg
AGIQA-3K-full,glide_normal_242,AGIQA-d42754ac4940,glide,train,glide_normal_242.jpg
AGIQA-3K-full,glide_normal_243,AGIQA-88d44d2b19b7,glide,train,glide_normal_243.jpg
AGIQA-3K-full,glide_normal_244,AGIQA-bc5561a2eb72,glide,test,glide_normal_244.jpg
AGIQA-3K-full,glide_normal_245,AGIQA-da1aef0b6659,glide,train,glide_normal_245.jpg
AGIQA-3K-full,glide_normal_246,AGIQA-187732966a3e,glide,train,glide_normal_246.jpg
AGIQA-3K-full,glide_normal_247,AGIQA-aeeef558303e,glide,train,glide_normal_247.jpg
AGIQA-3K-full,glide_normal_248,AGIQA-87561c35fad9,glide,train,glide_normal_248.jpg
AGIQA-3K-full,glide_normal_249,AGIQA-a0b65ad08740,glide,train,glide_normal_249.jpg
AGIQA-3K-full,glide_normal_250,AGIQA-825246a5adcd,glide,train,glide_normal_250.jpg
AGIQA-3K-full,glide_normal_251,AGIQA-ee5f5afeb342,glide,train,glide_normal_251.jpg
AGIQA-3K-full,glide_normal_252,AGIQA-8c1a38da7994,glide,val,glide_normal_252.jpg
AGIQA-3K-full,glide_normal_253,AGIQA-b04d851afc73,glide,train,glide_normal_253.jpg
AGIQA-3K-full,glide_normal_254,AGIQA-e1565d54217f,glide,train,glide_normal_254.jpg
AGIQA-3K-full,glide_normal_255,AGIQA-9d4135098745,glide,train,glide_normal_255.jpg
AGIQA-3K-full,glide_normal_256,AGIQA-d89e46130a96,glide,train,glide_normal_256.jpg
AGIQA-3K-full,glide_normal_257,AGIQA-2d2bb0095437,glide,train,glide_normal_257.jpg
AGIQA-3K-full,glide_normal_258,AGIQA-0f181149eb2a,glide,test,glide_normal_258.jpg
AGIQA-3K-full,glide_normal_259,AGIQA-6d4fab56dcb7,glide,train,glide_normal_259.jpg
AGIQA-3K-full,glide_normal_260,AGIQA-4fd99e98bfcc,glide,test,glide_normal_260.jpg
AGIQA-3K-full,glide_normal_261,AGIQA-52db3e0e841b,glide,train,glide_normal_261.jpg
AGIQA-3K-full,glide_normal_262,AGIQA-89e1b69268a9,glide,test,glide_normal_262.jpg
AGIQA-3K-full,glide_normal_263,AGIQA-4234732c7ece,glide,train,glide_normal_263.jpg
AGIQA-3K-full,glide_normal_264,AGIQA-60869db09321,glide,test,glide_normal_264.jpg
AGIQA-3K-full,glide_normal_265,AGIQA-c832635dd360,glide,val,glide_normal_265.jpg
AGIQA-3K-full,glide_normal_266,AGIQA-47f01f744d95,glide,test,glide_normal_266.jpg
AGIQA-3K-full,glide_normal_267,AGIQA-48249fb46134,glide,train,glide_normal_267.jpg
AGIQA-3K-full,glide_normal_268,AGIQA-4f5b8417ba27,glide,test,glide_normal_268.jpg
AGIQA-3K-full,glide_normal_269,AGIQA-c0979fe5af15,glide,train,glide_normal_269.jpg
AGIQA-3K-full,glide_normal_270,AGIQA-9f4df369c33d,glide,test,glide_normal_270.jpg
AGIQA-3K-full,glide_normal_271,AGIQA-c501dfbf43d4,glide,test,glide_normal_271.jpg
AGIQA-3K-full,glide_normal_272,AGIQA-c6ede13840bf,glide,train,glide_normal_272.jpg
AGIQA-3K-full,glide_normal_273,AGIQA-eeca63819cae,glide,train,glide_normal_273.jpg
AGIQA-3K-full,glide_normal_274,AGIQA-373eecf8fe79,glide,val,glide_normal_274.jpg
AGIQA-3K-full,glide_normal_275,AGIQA-ec8970400b03,glide,train,glide_normal_275.jpg
AGIQA-3K-full,glide_normal_276,AGIQA-700f85e93cd9,glide,train,glide_normal_276.jpg
AGIQA-3K-full,glide_normal_277,AGIQA-285ccdf13939,glide,val,glide_normal_277.jpg
AGIQA-3K-full,glide_normal_278,AGIQA-1cf041a27e5a,glide,train,glide_normal_278.jpg
AGIQA-3K-full,glide_normal_279,AGIQA-c6c3a07b14f5,glide,train,glide_normal_279.jpg
AGIQA-3K-full,glide_normal_280,AGIQA-a366638220c2,glide,train,glide_normal_280.jpg
AGIQA-3K-full,glide_normal_281,AGIQA-9ca8817fa0d7,glide,test,glide_normal_281.jpg
AGIQA-3K-full,glide_normal_282,AGIQA-f1e866c8ce87,glide,train,glide_normal_282.jpg
AGIQA-3K-full,glide_normal_283,AGIQA-3ddae4e47c34,glide,test,glide_normal_283.jpg
AGIQA-3K-full,glide_normal_284,AGIQA-514b19bebc24,glide,train,glide_normal_284.jpg
AGIQA-3K-full,glide_normal_285,AGIQA-46145207aed7,glide,train,glide_normal_285.jpg
AGIQA-3K-full,glide_normal_286,AGIQA-574bc6573ac1,glide,train,glide_normal_286.jpg
AGIQA-3K-full,glide_normal_287,AGIQA-a506eb9141fd,glide,train,glide_normal_287.jpg
AGIQA-3K-full,glide_normal_288,AGIQA-17d81fa16810,glide,test,glide_normal_288.jpg
AGIQA-3K-full,glide_normal_289,AGIQA-fef3bc0ee319,glide,train,glide_normal_289.jpg
AGIQA-3K-full,glide_normal_290,AGIQA-ce56cd7a084b,glide,val,glide_normal_290.jpg
AGIQA-3K-full,glide_normal_291,AGIQA-5e81c05a2b19,glide,train,glide_normal_291.jpg
AGIQA-3K-full,glide_normal_292,AGIQA-b93675144038,glide,test,glide_normal_292.jpg
AGIQA-3K-full,glide_normal_293,AGIQA-a8aeedd21648,glide,test,glide_normal_293.jpg
AGIQA-3K-full,glide_normal_294,AGIQA-73445cd4e31d,glide,train,glide_normal_294.jpg
AGIQA-3K-full,glide_normal_295,AGIQA-d6cfbcb0b65b,glide,val,glide_normal_295.jpg
AGIQA-3K-full,glide_normal_296,AGIQA-cda73163d4e7,glide,train,glide_normal_296.jpg
AGIQA-3K-full,glide_normal_297,AGIQA-017d4ba8d955,glide,train,glide_normal_297.jpg
AGIQA-3K-full,glide_normal_298,AGIQA-7e20efbb16ae,glide,train,glide_normal_298.jpg
AGIQA-3K-full,glide_normal_299,AGIQA-53a40ffc7b8e,glide,train,glide_normal_299.jpg
AGIQA-3K-full,midjourney_lowstep_000,AGIQA-6450500ef537,midjourney,train,midjourney_lowstep_000.jpg
AGIQA-3K-full,midjourney_lowstep_001,AGIQA-7a6a19473264,midjourney,train,midjourney_lowstep_001.jpg
AGIQA-3K-full,midjourney_lowstep_002,AGIQA-e7cac214d6e9,midjourney,train,midjourney_lowstep_002.jpg
AGIQA-3K-full,midjourney_lowstep_003,AGIQA-e9a8981cd29f,midjourney,train,midjourney_lowstep_003.jpg
AGIQA-3K-full,midjourney_lowstep_004,AGIQA-483967d836ca,midjourney,val,midjourney_lowstep_004.jpg
AGIQA-3K-full,midjourney_lowstep_005,AGIQA-e217ce39c73f,midjourney,train,midjourney_lowstep_005.jpg
AGIQA-3K-full,midjourney_lowstep_006,AGIQA-eaf6e4c20ea4,midjourney,test,midjourney_lowstep_006.jpg
AGIQA-3K-full,midjourney_lowstep_007,AGIQA-d7a1414ab859,midjourney,train,midjourney_lowstep_007.jpg
AGIQA-3K-full,midjourney_lowstep_008,AGIQA-15be354bb96e,midjourney,train,midjourney_lowstep_008.jpg
AGIQA-3K-full,midjourney_lowstep_009,AGIQA-9821efa7c5f4,midjourney,test,midjourney_lowstep_009.jpg
AGIQA-3K-full,midjourney_lowstep_010,AGIQA-1140c78e0ae6,midjourney,test,midjourney_lowstep_010.jpg
AGIQA-3K-full,midjourney_lowstep_011,AGIQA-5ef6165535cc,midjourney,test,midjourney_lowstep_011.jpg
AGIQA-3K-full,midjourney_lowstep_012,AGIQA-e334be82922d,midjourney,train,midjourney_lowstep_012.jpg
AGIQA-3K-full,midjourney_lowstep_013,AGIQA-a1025dda6741,midjourney,test,midjourney_lowstep_013.jpg
AGIQA-3K-full,midjourney_lowstep_014,AGIQA-5157585510fa,midjourney,test,midjourney_lowstep_014.jpg
AGIQA-3K-full,midjourney_lowstep_015,AGIQA-a140832780f0,midjourney,val,midjourney_lowstep_015.jpg
AGIQA-3K-full,midjourney_lowstep_016,AGIQA-29db9d3c3030,midjourney,test,midjourney_lowstep_016.jpg
AGIQA-3K-full,midjourney_lowstep_017,AGIQA-735ffd33c35d,midjourney,train,midjourney_lowstep_017.jpg
AGIQA-3K-full,midjourney_lowstep_018,AGIQA-3fbe71b5e645,midjourney,test,midjourney_lowstep_018.jpg
AGIQA-3K-full,midjourney_lowstep_019,AGIQA-24062dcfadad,midjourney,train,midjourney_lowstep_019.jpg
AGIQA-3K-full,midjourney_lowstep_020,AGIQA-9eeb9b8e3f8e,midjourney,test,midjourney_lowstep_020.jpg
AGIQA-3K-full,midjourney_lowstep_021,AGIQA-1371abf2f93d,midjourney,test,midjourney_lowstep_021.jpg
AGIQA-3K-full,midjourney_lowstep_022,AGIQA-6c6164597781,midjourney,test,midjourney_lowstep_022.jpg
AGIQA-3K-full,midjourney_lowstep_023,AGIQA-0af5d168f24a,midjourney,train,midjourney_lowstep_023.jpg
AGIQA-3K-full,midjourney_lowstep_024,AGIQA-889cbd060604,midjourney,train,midjourney_lowstep_024.jpg
AGIQA-3K-full,midjourney_lowstep_025,AGIQA-30e86978cc84,midjourney,test,midjourney_lowstep_025.jpg
AGIQA-3K-full,midjourney_lowstep_026,AGIQA-345eec9dd421,midjourney,test,midjourney_lowstep_026.jpg
AGIQA-3K-full,midjourney_lowstep_027,AGIQA-37dfb2ab2ae5,midjourney,test,midjourney_lowstep_027.jpg
AGIQA-3K-full,midjourney_lowstep_028,AGIQA-1bff9303dbad,midjourney,train,midjourney_lowstep_028.jpg
AGIQA-3K-full,midjourney_lowstep_029,AGIQA-a6ab88e8fd89,midjourney,train,midjourney_lowstep_029.jpg
AGIQA-3K-full,midjourney_lowstep_030,AGIQA-d2336a69fe20,midjourney,train,midjourney_lowstep_030.jpg
AGIQA-3K-full,midjourney_lowstep_031,AGIQA-8a1982e9c4e2,midjourney,val,midjourney_lowstep_031.jpg
AGIQA-3K-full,midjourney_lowstep_032,AGIQA-c8866246ba2d,midjourney,test,midjourney_lowstep_032.jpg
AGIQA-3K-full,midjourney_lowstep_033,AGIQA-f587e366ca8f,midjourney,train,midjourney_lowstep_033.jpg
AGIQA-3K-full,midjourney_lowstep_034,AGIQA-d91a18f3f62c,midjourney,train,midjourney_lowstep_034.jpg
AGIQA-3K-full,midjourney_lowstep_035,AGIQA-a408155fcc7c,midjourney,train,midjourney_lowstep_035.jpg
AGIQA-3K-full,midjourney_lowstep_036,AGIQA-a8e2e7bf98bc,midjourney,train,midjourney_lowstep_036.jpg
AGIQA-3K-full,midjourney_lowstep_037,AGIQA-2ff96029d612,midjourney,train,midjourney_lowstep_037.jpg
AGIQA-3K-full,midjourney_lowstep_038,AGIQA-699c069d0958,midjourney,train,midjourney_lowstep_038.jpg
AGIQA-3K-full,midjourney_lowstep_039,AGIQA-bb9a47ae293e,midjourney,train,midjourney_lowstep_039.jpg
AGIQA-3K-full,midjourney_lowstep_040,AGIQA-1bdd03baf926,midjourney,train,midjourney_lowstep_040.jpg
AGIQA-3K-full,midjourney_lowstep_041,AGIQA-b5139fecf4ac,midjourney,test,midjourney_lowstep_041.jpg
AGIQA-3K-full,midjourney_lowstep_042,AGIQA-b93c19ff75f8,midjourney,train,midjourney_lowstep_042.jpg
AGIQA-3K-full,midjourney_lowstep_043,AGIQA-aeb19603c48e,midjourney,train,midjourney_lowstep_043.jpg
AGIQA-3K-full,midjourney_lowstep_044,AGIQA-02bef5c360e8,midjourney,train,midjourney_lowstep_044.jpg
AGIQA-3K-full,midjourney_lowstep_046,AGIQA-3d5b4a0897ba,midjourney,train,midjourney_lowstep_046.jpg
AGIQA-3K-full,midjourney_lowstep_047,AGIQA-02d4f0376aa1,midjourney,test,midjourney_lowstep_047.jpg
AGIQA-3K-full,midjourney_lowstep_048,AGIQA-cba821e04d7f,midjourney,val,midjourney_lowstep_048.jpg
AGIQA-3K-full,midjourney_lowstep_049,AGIQA-2156f8055773,midjourney,train,midjourney_lowstep_049.jpg
AGIQA-3K-full,midjourney_lowstep_050,AGIQA-15a87eed536a,midjourney,train,midjourney_lowstep_050.jpg
AGIQA-3K-full,midjourney_lowstep_051,AGIQA-bc7e65d64dc1,midjourney,train,midjourney_lowstep_051.jpg
AGIQA-3K-full,midjourney_lowstep_052,AGIQA-b2ca21ea25ce,midjourney,train,midjourney_lowstep_052.jpg
AGIQA-3K-full,midjourney_lowstep_053,AGIQA-305317b84702,midjourney,test,midjourney_lowstep_053.jpg
AGIQA-3K-full,midjourney_lowstep_054,AGIQA-94c6cce5b494,midjourney,test,midjourney_lowstep_054.jpg
AGIQA-3K-full,midjourney_lowstep_055,AGIQA-270ab27b4cc3,midjourney,test,midjourney_lowstep_055.jpg
AGIQA-3K-full,midjourney_lowstep_056,AGIQA-ee79cf3a1533,midjourney,train,midjourney_lowstep_056.jpg
AGIQA-3K-full,midjourney_lowstep_057,AGIQA-3e01a171ef14,midjourney,train,midjourney_lowstep_057.jpg
AGIQA-3K-full,midjourney_lowstep_058,AGIQA-7a4d12587948,midjourney,train,midjourney_lowstep_058.jpg
AGIQA-3K-full,midjourney_lowstep_059,AGIQA-93fc7fc78148,midjourney,test,midjourney_lowstep_059.jpg
AGIQA-3K-full,midjourney_lowstep_060,AGIQA-b3af04d6b4f7,midjourney,train,midjourney_lowstep_060.jpg
AGIQA-3K-full,midjourney_lowstep_061,AGIQA-3afb49bd87b2,midjourney,test,midjourney_lowstep_061.jpg
AGIQA-3K-full,midjourney_lowstep_062,AGIQA-4bd827546f3c,midjourney,train,midjourney_lowstep_062.jpg
AGIQA-3K-full,midjourney_lowstep_063,AGIQA-4bfc1ce9717d,midjourney,test,midjourney_lowstep_063.jpg
AGIQA-3K-full,midjourney_lowstep_064,AGIQA-0a62a7327a97,midjourney,train,midjourney_lowstep_064.jpg
AGIQA-3K-full,midjourney_lowstep_065,AGIQA-1884d73ea603,midjourney,train,midjourney_lowstep_065.jpg
AGIQA-3K-full,midjourney_lowstep_066,AGIQA-4d874861883d,midjourney,train,midjourney_lowstep_066.jpg
AGIQA-3K-full,midjourney_lowstep_067,AGIQA-36c7ff486bf4,midjourney,train,midjourney_lowstep_067.jpg
AGIQA-3K-full,midjourney_lowstep_068,AGIQA-219765781124,midjourney,train,midjourney_lowstep_068.jpg
AGIQA-3K-full,midjourney_lowstep_069,AGIQA-f2c705d91de0,midjourney,train,midjourney_lowstep_069.jpg
AGIQA-3K-full,midjourney_lowstep_070,AGIQA-7a34b7800c8c,midjourney,train,midjourney_lowstep_070.jpg
AGIQA-3K-full,midjourney_lowstep_071,AGIQA-26e9b65319ac,midjourney,train,midjourney_lowstep_071.jpg
AGIQA-3K-full,midjourney_lowstep_072,AGIQA-83501ba9c92d,midjourney,train,midjourney_lowstep_072.jpg
AGIQA-3K-full,midjourney_lowstep_073,AGIQA-39896a46302d,midjourney,train,midjourney_lowstep_073.jpg
AGIQA-3K-full,midjourney_lowstep_074,AGIQA-5da8e22af7e1,midjourney,test,midjourney_lowstep_074.jpg
AGIQA-3K-full,midjourney_lowstep_075,AGIQA-e9d4dffbb822,midjourney,train,midjourney_lowstep_075.jpg
AGIQA-3K-full,midjourney_lowstep_076,AGIQA-afb2cac1ef8f,midjourney,train,midjourney_lowstep_076.jpg
AGIQA-3K-full,midjourney_lowstep_077,AGIQA-b363c8123684,midjourney,train,midjourney_lowstep_077.jpg
AGIQA-3K-full,midjourney_lowstep_078,AGIQA-b46354dc17d7,midjourney,train,midjourney_lowstep_078.jpg
AGIQA-3K-full,midjourney_lowstep_079,AGIQA-54f1d577611b,midjourney,train,midjourney_lowstep_079.jpg
AGIQA-3K-full,midjourney_lowstep_080,AGIQA-62039ebf9238,midjourney,val,midjourney_lowstep_080.jpg
AGIQA-3K-full,midjourney_lowstep_081,AGIQA-d3def83b5966,midjourney,train,midjourney_lowstep_081.jpg
AGIQA-3K-full,midjourney_lowstep_082,AGIQA-cf265de7c37e,midjourney,train,midjourney_lowstep_082.jpg
AGIQA-3K-full,midjourney_lowstep_084,AGIQA-74f4e06b1a42,midjourney,train,midjourney_lowstep_084.jpg
AGIQA-3K-full,midjourney_lowstep_085,AGIQA-2abccfad8fc0,midjourney,test,midjourney_lowstep_085.jpg
AGIQA-3K-full,midjourney_lowstep_086,AGIQA-1747f1a2a6af,midjourney,train,midjourney_lowstep_086.jpg
AGIQA-3K-full,midjourney_lowstep_087,AGIQA-7ebd987a0c9d,midjourney,train,midjourney_lowstep_087.jpg
AGIQA-3K-full,midjourney_lowstep_088,AGIQA-e34e3aaae310,midjourney,test,midjourney_lowstep_088.jpg
AGIQA-3K-full,midjourney_lowstep_089,AGIQA-816e47e299de,midjourney,test,midjourney_lowstep_089.jpg
AGIQA-3K-full,midjourney_lowstep_090,AGIQA-1197c8ae3ee4,midjourney,val,midjourney_lowstep_090.jpg
AGIQA-3K-full,midjourney_lowstep_091,AGIQA-feb2058c681e,midjourney,train,midjourney_lowstep_091.jpg
AGIQA-3K-full,midjourney_lowstep_092,AGIQA-c71137b2c51a,midjourney,train,midjourney_lowstep_092.jpg
AGIQA-3K-full,midjourney_lowstep_093,AGIQA-ee97a207c282,midjourney,train,midjourney_lowstep_093.jpg
AGIQA-3K-full,midjourney_lowstep_094,AGIQA-7f624ef10c68,midjourney,train,midjourney_lowstep_094.jpg
AGIQA-3K-full,midjourney_lowstep_095,AGIQA-7b69fd0727e0,midjourney,test,midjourney_lowstep_095.jpg
AGIQA-3K-full,midjourney_lowstep_096,AGIQA-2c5ac90ad3a2,midjourney,test,midjourney_lowstep_096.jpg
AGIQA-3K-full,midjourney_lowstep_097,AGIQA-014fd2ea1608,midjourney,train,midjourney_lowstep_097.jpg
AGIQA-3K-full,midjourney_lowstep_098,AGIQA-b54a8612f6ee,midjourney,train,midjourney_lowstep_098.jpg
AGIQA-3K-full,midjourney_lowstep_099,AGIQA-f235fa2da3be,midjourney,test,midjourney_lowstep_099.jpg
AGIQA-3K-full,midjourney_lowstep_100,AGIQA-abc1c7e34703,midjourney,train,midjourney_lowstep_100.jpg
AGIQA-3K-full,midjourney_lowstep_101,AGIQA-0c9dbafc59fd,midjourney,train,midjourney_lowstep_101.jpg
AGIQA-3K-full,midjourney_lowstep_102,AGIQA-b81bc55a8c04,midjourney,test,midjourney_lowstep_102.jpg
AGIQA-3K-full,midjourney_lowstep_103,AGIQA-78a9d596c8e2,midjourney,train,midjourney_lowstep_103.jpg
AGIQA-3K-full,midjourney_lowstep_104,AGIQA-3928f0e8749e,midjourney,train,midjourney_lowstep_104.jpg
AGIQA-3K-full,midjourney_lowstep_105,AGIQA-2a821ca75a7f,midjourney,train,midjourney_lowstep_105.jpg
AGIQA-3K-full,midjourney_lowstep_106,AGIQA-59dc946e81a2,midjourney,train,midjourney_lowstep_106.jpg
AGIQA-3K-full,midjourney_lowstep_107,AGIQA-03c8e945e5e6,midjourney,train,midjourney_lowstep_107.jpg
AGIQA-3K-full,midjourney_lowstep_108,AGIQA-644129240816,midjourney,test,midjourney_lowstep_108.jpg
AGIQA-3K-full,midjourney_lowstep_109,AGIQA-ea81604fe371,midjourney,train,midjourney_lowstep_109.jpg
AGIQA-3K-full,midjourney_lowstep_110,AGIQA-f43114d1ab3a,midjourney,test,midjourney_lowstep_110.jpg
AGIQA-3K-full,midjourney_lowstep_111,AGIQA-eda6cf20fa3c,midjourney,test,midjourney_lowstep_111.jpg
AGIQA-3K-full,midjourney_lowstep_112,AGIQA-59dcddbad987,midjourney,train,midjourney_lowstep_112.jpg
AGIQA-3K-full,midjourney_lowstep_113,AGIQA-1796a3b42bb8,midjourney,train,midjourney_lowstep_113.jpg
AGIQA-3K-full,midjourney_lowstep_114,AGIQA-a023778c0dea,midjourney,test,midjourney_lowstep_114.jpg
AGIQA-3K-full,midjourney_lowstep_115,AGIQA-27a786146efe,midjourney,test,midjourney_lowstep_115.jpg
AGIQA-3K-full,midjourney_lowstep_116,AGIQA-77e327fe685d,midjourney,train,midjourney_lowstep_116.jpg
AGIQA-3K-full,midjourney_lowstep_117,AGIQA-3b493022153b,midjourney,val,midjourney_lowstep_117.jpg
AGIQA-3K-full,midjourney_lowstep_118,AGIQA-5a56ef85786d,midjourney,train,midjourney_lowstep_118.jpg
AGIQA-3K-full,midjourney_lowstep_119,AGIQA-9738ea13169e,midjourney,train,midjourney_lowstep_119.jpg
AGIQA-3K-full,midjourney_lowstep_120,AGIQA-a17cac72240f,midjourney,train,midjourney_lowstep_120.jpg
AGIQA-3K-full,midjourney_lowstep_121,AGIQA-4feb70c847f4,midjourney,train,midjourney_lowstep_121.jpg
AGIQA-3K-full,midjourney_lowstep_122,AGIQA-be3331e07988,midjourney,train,midjourney_lowstep_122.jpg
AGIQA-3K-full,midjourney_lowstep_123,AGIQA-d85820862dc4,midjourney,train,midjourney_lowstep_123.jpg
AGIQA-3K-full,midjourney_lowstep_124,AGIQA-c63fdfc307d3,midjourney,train,midjourney_lowstep_124.jpg
AGIQA-3K-full,midjourney_lowstep_125,AGIQA-e741bfb60d9b,midjourney,train,midjourney_lowstep_125.jpg
AGIQA-3K-full,midjourney_lowstep_126,AGIQA-595b239959ca,midjourney,train,midjourney_lowstep_126.jpg
AGIQA-3K-full,midjourney_lowstep_127,AGIQA-e1aaa6732d97,midjourney,train,midjourney_lowstep_127.jpg
AGIQA-3K-full,midjourney_lowstep_128,AGIQA-7d9bd08d7a8f,midjourney,train,midjourney_lowstep_128.jpg
AGIQA-3K-full,midjourney_lowstep_129,AGIQA-deadc33d802a,midjourney,test,midjourney_lowstep_129.jpg
AGIQA-3K-full,midjourney_lowstep_130,AGIQA-7902e7eb768c,midjourney,test,midjourney_lowstep_130.jpg
AGIQA-3K-full,midjourney_lowstep_131,AGIQA-f2bad7e493a9,midjourney,train,midjourney_lowstep_131.jpg
AGIQA-3K-full,midjourney_lowstep_132,AGIQA-60ca7af68f09,midjourney,train,midjourney_lowstep_132.jpg
AGIQA-3K-full,midjourney_lowstep_133,AGIQA-1fe09d7fece1,midjourney,train,midjourney_lowstep_133.jpg
AGIQA-3K-full,midjourney_lowstep_134,AGIQA-b098ca961012,midjourney,train,midjourney_lowstep_134.jpg
AGIQA-3K-full,midjourney_lowstep_135,AGIQA-32695c5aaca1,midjourney,train,midjourney_lowstep_135.jpg
AGIQA-3K-full,midjourney_lowstep_136,AGIQA-791d9b65af34,midjourney,val,midjourney_lowstep_136.jpg
AGIQA-3K-full,midjourney_lowstep_137,AGIQA-e18bbae5650c,midjourney,train,midjourney_lowstep_137.jpg
AGIQA-3K-full,midjourney_lowstep_138,AGIQA-574b3b311b78,midjourney,train,midjourney_lowstep_138.jpg
AGIQA-3K-full,midjourney_lowstep_139,AGIQA-acd72daab110,midjourney,train,midjourney_lowstep_139.jpg
AGIQA-3K-full,midjourney_lowstep_140,AGIQA-0b211930e1ec,midjourney,val,midjourney_lowstep_140.jpg
AGIQA-3K-full,midjourney_lowstep_141,AGIQA-e9592c752d9b,midjourney,val,midjourney_lowstep_141.jpg
AGIQA-3K-full,midjourney_lowstep_142,AGIQA-e7cc1ec65d08,midjourney,val,midjourney_lowstep_142.jpg
AGIQA-3K-full,midjourney_lowstep_143,AGIQA-b81f063b0196,midjourney,train,midjourney_lowstep_143.jpg
AGIQA-3K-full,midjourney_lowstep_144,AGIQA-cae137e1ee63,midjourney,train,midjourney_lowstep_144.jpg
AGIQA-3K-full,midjourney_lowstep_145,AGIQA-dde35eb2e0dc,midjourney,train,midjourney_lowstep_145.jpg
AGIQA-3K-full,midjourney_lowstep_146,AGIQA-e669a8afc0c5,midjourney,train,midjourney_lowstep_146.jpg
AGIQA-3K-full,midjourney_lowstep_147,AGIQA-65dcda74e31d,midjourney,train,midjourney_lowstep_147.jpg
AGIQA-3K-full,midjourney_lowstep_148,AGIQA-e3e64e0b691a,midjourney,train,midjourney_lowstep_148.jpg
AGIQA-3K-full,midjourney_lowstep_149,AGIQA-030bb6c4d0f5,midjourney,train,midjourney_lowstep_149.jpg
AGIQA-3K-full,midjourney_lowstep_150,AGIQA-8aa1f30180ff,midjourney,train,midjourney_lowstep_150.jpg
AGIQA-3K-full,midjourney_lowstep_151,AGIQA-486f4dfa9e30,midjourney,train,midjourney_lowstep_151.jpg
AGIQA-3K-full,midjourney_lowstep_152,AGIQA-32c2b941b58b,midjourney,val,midjourney_lowstep_152.jpg
AGIQA-3K-full,midjourney_lowstep_153,AGIQA-14a193611262,midjourney,val,midjourney_lowstep_153.jpg
AGIQA-3K-full,midjourney_lowstep_154,AGIQA-dc46dc776f6b,midjourney,train,midjourney_lowstep_154.jpg
AGIQA-3K-full,midjourney_lowstep_155,AGIQA-fbff6ac32dea,midjourney,test,midjourney_lowstep_155.jpg
AGIQA-3K-full,midjourney_lowstep_156,AGIQA-72804a0e6e4a,midjourney,train,midjourney_lowstep_156.jpg
AGIQA-3K-full,midjourney_lowstep_157,AGIQA-fecb9ae06c54,midjourney,train,midjourney_lowstep_157.jpg
AGIQA-3K-full,midjourney_lowstep_158,AGIQA-e79ea28fe7cf,midjourney,train,midjourney_lowstep_158.jpg
AGIQA-3K-full,midjourney_lowstep_159,AGIQA-d8761fa80171,midjourney,train,midjourney_lowstep_159.jpg
AGIQA-3K-full,midjourney_lowstep_160,AGIQA-4901d63eed08,midjourney,train,midjourney_lowstep_160.jpg
AGIQA-3K-full,midjourney_lowstep_161,AGIQA-472af7225929,midjourney,val,midjourney_lowstep_161.jpg
AGIQA-3K-full,midjourney_lowstep_162,AGIQA-3a92ca053cc1,midjourney,train,midjourney_lowstep_162.jpg
AGIQA-3K-full,midjourney_lowstep_163,AGIQA-bedd004ea063,midjourney,train,midjourney_lowstep_163.jpg
AGIQA-3K-full,midjourney_lowstep_164,AGIQA-9ddef994f4d6,midjourney,train,midjourney_lowstep_164.jpg
AGIQA-3K-full,midjourney_lowstep_165,AGIQA-45c2f3a4f7aa,midjourney,train,midjourney_lowstep_165.jpg
AGIQA-3K-full,midjourney_lowstep_166,AGIQA-cf188c67a9b8,midjourney,train,midjourney_lowstep_166.jpg
AGIQA-3K-full,midjourney_lowstep_167,AGIQA-5e7c64fdbc18,midjourney,test,midjourney_lowstep_167.jpg
AGIQA-3K-full,midjourney_lowstep_168,AGIQA-b1da0547c2f4,midjourney,train,midjourney_lowstep_168.jpg
AGIQA-3K-full,midjourney_lowstep_169,AGIQA-b5383b49e05b,midjourney,test,midjourney_lowstep_169.jpg
AGIQA-3K-full,midjourney_lowstep_170,AGIQA-0de51307d9da,midjourney,test,midjourney_lowstep_170.jpg
AGIQA-3K-full,midjourney_lowstep_171,AGIQA-2b1c5c5c141b,midjourney,train,midjourney_lowstep_171.jpg
AGIQA-3K-full,midjourney_lowstep_172,AGIQA-2823adb86f2f,midjourney,train,midjourney_lowstep_172.jpg
AGIQA-3K-full,midjourney_lowstep_173,AGIQA-1635df37570d,midjourney,test,midjourney_lowstep_173.jpg
AGIQA-3K-full,midjourney_lowstep_174,AGIQA-ef9db73da947,midjourney,train,midjourney_lowstep_174.jpg
AGIQA-3K-full,midjourney_lowstep_175,AGIQA-4ae23c11e1b3,midjourney,train,midjourney_lowstep_175.jpg
AGIQA-3K-full,midjourney_lowstep_176,AGIQA-121c83e82f96,midjourney,test,midjourney_lowstep_176.jpg
AGIQA-3K-full,midjourney_lowstep_177,AGIQA-e38538486536,midjourney,train,midjourney_lowstep_177.jpg
AGIQA-3K-full,midjourney_lowstep_178,AGIQA-bd6e7cde02fc,midjourney,train,midjourney_lowstep_178.jpg
AGIQA-3K-full,midjourney_lowstep_179,AGIQA-45e156b05235,midjourney,train,midjourney_lowstep_179.jpg
AGIQA-3K-full,midjourney_lowstep_180,AGIQA-8fde933261c4,midjourney,train,midjourney_lowstep_180.jpg
AGIQA-3K-full,midjourney_lowstep_181,AGIQA-94051c8456d6,midjourney,train,midjourney_lowstep_181.jpg
AGIQA-3K-full,midjourney_lowstep_182,AGIQA-32d75345a5f5,midjourney,test,midjourney_lowstep_182.jpg
AGIQA-3K-full,midjourney_lowstep_183,AGIQA-ef98e7e5c9ba,midjourney,train,midjourney_lowstep_183.jpg
AGIQA-3K-full,midjourney_lowstep_184,AGIQA-893251c5ba76,midjourney,train,midjourney_lowstep_184.jpg
AGIQA-3K-full,midjourney_lowstep_185,AGIQA-a69fb8b78eb9,midjourney,train,midjourney_lowstep_185.jpg
AGIQA-3K-full,midjourney_lowstep_186,AGIQA-2317a680b698,midjourney,train,midjourney_lowstep_186.jpg
AGIQA-3K-full,midjourney_lowstep_187,AGIQA-20d7672f1b9b,midjourney,train,midjourney_lowstep_187.jpg
AGIQA-3K-full,midjourney_lowstep_188,AGIQA-fc61b5f30215,midjourney,train,midjourney_lowstep_188.jpg
AGIQA-3K-full,midjourney_lowstep_189,AGIQA-15ab7cb9d98f,midjourney,test,midjourney_lowstep_189.jpg
AGIQA-3K-full,midjourney_lowstep_190,AGIQA-c2e37db1ba32,midjourney,train,midjourney_lowstep_190.jpg
AGIQA-3K-full,midjourney_lowstep_191,AGIQA-8f47e5ab4c6f,midjourney,train,midjourney_lowstep_191.jpg
AGIQA-3K-full,midjourney_lowstep_192,AGIQA-31f795290c17,midjourney,train,midjourney_lowstep_192.jpg
AGIQA-3K-full,midjourney_lowstep_193,AGIQA-461ba0767435,midjourney,test,midjourney_lowstep_193.jpg
AGIQA-3K-full,midjourney_lowstep_194,AGIQA-9f8f853ca083,midjourney,train,midjourney_lowstep_194.jpg
AGIQA-3K-full,midjourney_lowstep_195,AGIQA-34fe7242ad9a,midjourney,test,midjourney_lowstep_195.jpg
AGIQA-3K-full,midjourney_lowstep_196,AGIQA-0d8602fb1aca,midjourney,train,midjourney_lowstep_196.jpg
AGIQA-3K-full,midjourney_lowstep_197,AGIQA-9be3116418d1,midjourney,val,midjourney_lowstep_197.jpg
AGIQA-3K-full,midjourney_lowstep_198,AGIQA-fe6c9142be68,midjourney,train,midjourney_lowstep_198.jpg
AGIQA-3K-full,midjourney_lowstep_199,AGIQA-7fac06549c79,midjourney,test,midjourney_lowstep_199.jpg
AGIQA-3K-full,midjourney_lowstep_200,AGIQA-d9baf8543c9b,midjourney,train,midjourney_lowstep_200.jpg
AGIQA-3K-full,midjourney_lowstep_201,AGIQA-aaaac710f29b,midjourney,val,midjourney_lowstep_201.jpg
AGIQA-3K-full,midjourney_lowstep_202,AGIQA-8726f694b7d2,midjourney,train,midjourney_lowstep_202.jpg
AGIQA-3K-full,midjourney_lowstep_203,AGIQA-b4078d2138ed,midjourney,train,midjourney_lowstep_203.jpg
AGIQA-3K-full,midjourney_lowstep_204,AGIQA-864aec596bd9,midjourney,val,midjourney_lowstep_204.jpg
AGIQA-3K-full,midjourney_lowstep_205,AGIQA-7c651e36074f,midjourney,test,midjourney_lowstep_205.jpg
AGIQA-3K-full,midjourney_lowstep_206,AGIQA-fb42182e75ed,midjourney,test,midjourney_lowstep_206.jpg
AGIQA-3K-full,midjourney_lowstep_207,AGIQA-a973dd8fbe31,midjourney,val,midjourney_lowstep_207.jpg
AGIQA-3K-full,midjourney_lowstep_208,AGIQA-845b79ffae4e,midjourney,train,midjourney_lowstep_208.jpg
AGIQA-3K-full,midjourney_lowstep_209,AGIQA-b1790fdc33ea,midjourney,train,midjourney_lowstep_209.jpg
AGIQA-3K-full,midjourney_lowstep_210,AGIQA-5e3045fb58ae,midjourney,test,midjourney_lowstep_210.jpg
AGIQA-3K-full,midjourney_lowstep_211,AGIQA-54583bc9220c,midjourney,test,midjourney_lowstep_211.jpg
AGIQA-3K-full,midjourney_lowstep_212,AGIQA-7c3be58f6483,midjourney,train,midjourney_lowstep_212.jpg
AGIQA-3K-full,midjourney_lowstep_213,AGIQA-957509340f7c,midjourney,test,midjourney_lowstep_213.jpg
AGIQA-3K-full,midjourney_lowstep_214,AGIQA-4e1e536bcea3,midjourney,train,midjourney_lowstep_214.jpg
AGIQA-3K-full,midjourney_lowstep_215,AGIQA-9f5e9f552c1f,midjourney,train,midjourney_lowstep_215.jpg
AGIQA-3K-full,midjourney_lowstep_216,AGIQA-d13d1e283f4a,midjourney,train,midjourney_lowstep_216.jpg
AGIQA-3K-full,midjourney_lowstep_217,AGIQA-134b48baf98c,midjourney,test,midjourney_lowstep_217.jpg
AGIQA-3K-full,midjourney_lowstep_218,AGIQA-7fd02b84fda4,midjourney,train,midjourney_lowstep_218.jpg
AGIQA-3K-full,midjourney_lowstep_219,AGIQA-6c43873cc393,midjourney,train,midjourney_lowstep_219.jpg
AGIQA-3K-full,midjourney_lowstep_220,AGIQA-6984fcb7131c,midjourney,train,midjourney_lowstep_220.jpg
AGIQA-3K-full,midjourney_lowstep_221,AGIQA-5a96f6ee9f99,midjourney,train,midjourney_lowstep_221.jpg
AGIQA-3K-full,midjourney_lowstep_222,AGIQA-cd76a0b6f05b,midjourney,train,midjourney_lowstep_222.jpg
AGIQA-3K-full,midjourney_lowstep_223,AGIQA-a8b31dec1e08,midjourney,test,midjourney_lowstep_223.jpg
AGIQA-3K-full,midjourney_lowstep_224,AGIQA-5ff95d19c989,midjourney,train,midjourney_lowstep_224.jpg
AGIQA-3K-full,midjourney_lowstep_225,AGIQA-487a4d95b14e,midjourney,train,midjourney_lowstep_225.jpg
AGIQA-3K-full,midjourney_lowstep_226,AGIQA-3f4b2678c41e,midjourney,train,midjourney_lowstep_226.jpg
AGIQA-3K-full,midjourney_lowstep_227,AGIQA-4a6f7b7171c3,midjourney,train,midjourney_lowstep_227.jpg
AGIQA-3K-full,midjourney_lowstep_228,AGIQA-7fbcbc5d2602,midjourney,train,midjourney_lowstep_228.jpg
AGIQA-3K-full,midjourney_lowstep_230,AGIQA-241858497b40,midjourney,train,midjourney_lowstep_230.jpg
AGIQA-3K-full,midjourney_lowstep_231,AGIQA-26f3387f29d6,midjourney,train,midjourney_lowstep_231.jpg
AGIQA-3K-full,midjourney_lowstep_232,AGIQA-aa96d239cb01,midjourney,test,midjourney_lowstep_232.jpg
AGIQA-3K-full,midjourney_lowstep_233,AGIQA-91018ec483b8,midjourney,train,midjourney_lowstep_233.jpg
AGIQA-3K-full,midjourney_lowstep_234,AGIQA-72adf7554aff,midjourney,train,midjourney_lowstep_234.jpg
AGIQA-3K-full,midjourney_lowstep_235,AGIQA-839d3f4d0d53,midjourney,train,midjourney_lowstep_235.jpg
AGIQA-3K-full,midjourney_lowstep_236,AGIQA-5274466c7aca,midjourney,train,midjourney_lowstep_236.jpg
AGIQA-3K-full,midjourney_lowstep_237,AGIQA-bc6103aabea5,midjourney,train,midjourney_lowstep_237.jpg
AGIQA-3K-full,midjourney_lowstep_239,AGIQA-3857fb86efc3,midjourney,train,midjourney_lowstep_239.jpg
AGIQA-3K-full,midjourney_lowstep_240,AGIQA-d10db1886c8a,midjourney,train,midjourney_lowstep_240.jpg
AGIQA-3K-full,midjourney_lowstep_241,AGIQA-fa91e9db53b1,midjourney,test,midjourney_lowstep_241.jpg
AGIQA-3K-full,midjourney_lowstep_242,AGIQA-d42754ac4940,midjourney,train,midjourney_lowstep_242.jpg
AGIQA-3K-full,midjourney_lowstep_243,AGIQA-88d44d2b19b7,midjourney,train,midjourney_lowstep_243.jpg
AGIQA-3K-full,midjourney_lowstep_244,AGIQA-bc5561a2eb72,midjourney,test,midjourney_lowstep_244.jpg
AGIQA-3K-full,midjourney_lowstep_245,AGIQA-da1aef0b6659,midjourney,train,midjourney_lowstep_245.jpg
AGIQA-3K-full,midjourney_lowstep_246,AGIQA-187732966a3e,midjourney,train,midjourney_lowstep_246.jpg
AGIQA-3K-full,midjourney_lowstep_247,AGIQA-aeeef558303e,midjourney,train,midjourney_lowstep_247.jpg
AGIQA-3K-full,midjourney_lowstep_248,AGIQA-87561c35fad9,midjourney,train,midjourney_lowstep_248.jpg
AGIQA-3K-full,midjourney_lowstep_249,AGIQA-a0b65ad08740,midjourney,train,midjourney_lowstep_249.jpg
AGIQA-3K-full,midjourney_lowstep_250,AGIQA-825246a5adcd,midjourney,train,midjourney_lowstep_250.jpg
AGIQA-3K-full,midjourney_lowstep_251,AGIQA-ee5f5afeb342,midjourney,train,midjourney_lowstep_251.jpg
AGIQA-3K-full,midjourney_lowstep_252,AGIQA-8c1a38da7994,midjourney,val,midjourney_lowstep_252.jpg
AGIQA-3K-full,midjourney_lowstep_253,AGIQA-b04d851afc73,midjourney,train,midjourney_lowstep_253.jpg
AGIQA-3K-full,midjourney_lowstep_254,AGIQA-e1565d54217f,midjourney,train,midjourney_lowstep_254.jpg
AGIQA-3K-full,midjourney_lowstep_255,AGIQA-9d4135098745,midjourney,train,midjourney_lowstep_255.jpg
AGIQA-3K-full,midjourney_lowstep_256,AGIQA-d89e46130a96,midjourney,train,midjourney_lowstep_256.jpg
AGIQA-3K-full,midjourney_lowstep_257,AGIQA-2d2bb0095437,midjourney,train,midjourney_lowstep_257.jpg
AGIQA-3K-full,midjourney_lowstep_258,AGIQA-0f181149eb2a,midjourney,test,midjourney_lowstep_258.jpg
AGIQA-3K-full,midjourney_lowstep_259,AGIQA-6d4fab56dcb7,midjourney,train,midjourney_lowstep_259.jpg
AGIQA-3K-full,midjourney_lowstep_260,AGIQA-4fd99e98bfcc,midjourney,test,midjourney_lowstep_260.jpg
AGIQA-3K-full,midjourney_lowstep_261,AGIQA-52db3e0e841b,midjourney,train,midjourney_lowstep_261.jpg
AGIQA-3K-full,midjourney_lowstep_262,AGIQA-89e1b69268a9,midjourney,test,midjourney_lowstep_262.jpg
AGIQA-3K-full,midjourney_lowstep_263,AGIQA-4234732c7ece,midjourney,train,midjourney_lowstep_263.jpg
AGIQA-3K-full,midjourney_lowstep_264,AGIQA-60869db09321,midjourney,test,midjourney_lowstep_264.jpg
AGIQA-3K-full,midjourney_lowstep_265,AGIQA-c832635dd360,midjourney,val,midjourney_lowstep_265.jpg
AGIQA-3K-full,midjourney_lowstep_266,AGIQA-47f01f744d95,midjourney,test,midjourney_lowstep_266.jpg
AGIQA-3K-full,midjourney_lowstep_267,AGIQA-48249fb46134,midjourney,train,midjourney_lowstep_267.jpg
AGIQA-3K-full,midjourney_lowstep_268,AGIQA-4f5b8417ba27,midjourney,test,midjourney_lowstep_268.jpg
AGIQA-3K-full,midjourney_lowstep_269,AGIQA-c0979fe5af15,midjourney,train,midjourney_lowstep_269.jpg
AGIQA-3K-full,midjourney_lowstep_270,AGIQA-9f4df369c33d,midjourney,test,midjourney_lowstep_270.jpg
AGIQA-3K-full,midjourney_lowstep_271,AGIQA-c501dfbf43d4,midjourney,test,midjourney_lowstep_271.jpg
AGIQA-3K-full,midjourney_lowstep_272,AGIQA-c6ede13840bf,midjourney,train,midjourney_lowstep_272.jpg
AGIQA-3K-full,midjourney_lowstep_273,AGIQA-eeca63819cae,midjourney,train,midjourney_lowstep_273.jpg
AGIQA-3K-full,midjourney_lowstep_274,AGIQA-373eecf8fe79,midjourney,val,midjourney_lowstep_274.jpg
AGIQA-3K-full,midjourney_lowstep_275,AGIQA-ec8970400b03,midjourney,train,midjourney_lowstep_275.jpg
AGIQA-3K-full,midjourney_lowstep_276,AGIQA-700f85e93cd9,midjourney,train,midjourney_lowstep_276.jpg
AGIQA-3K-full,midjourney_lowstep_277,AGIQA-285ccdf13939,midjourney,val,midjourney_lowstep_277.jpg
AGIQA-3K-full,midjourney_lowstep_278,AGIQA-1cf041a27e5a,midjourney,train,midjourney_lowstep_278.jpg
AGIQA-3K-full,midjourney_lowstep_279,AGIQA-c6c3a07b14f5,midjourney,train,midjourney_lowstep_279.jpg
AGIQA-3K-full,midjourney_lowstep_280,AGIQA-a366638220c2,midjourney,train,midjourney_lowstep_280.jpg
AGIQA-3K-full,midjourney_lowstep_281,AGIQA-9ca8817fa0d7,midjourney,test,midjourney_lowstep_281.jpg
AGIQA-3K-full,midjourney_lowstep_282,AGIQA-f1e866c8ce87,midjourney,train,midjourney_lowstep_282.jpg
AGIQA-3K-full,midjourney_lowstep_283,AGIQA-3ddae4e47c34,midjourney,test,midjourney_lowstep_283.jpg
AGIQA-3K-full,midjourney_lowstep_284,AGIQA-514b19bebc24,midjourney,train,midjourney_lowstep_284.jpg
AGIQA-3K-full,midjourney_lowstep_285,AGIQA-46145207aed7,midjourney,train,midjourney_lowstep_285.jpg
AGIQA-3K-full,midjourney_lowstep_286,AGIQA-574bc6573ac1,midjourney,train,midjourney_lowstep_286.jpg
AGIQA-3K-full,midjourney_lowstep_287,AGIQA-a506eb9141fd,midjourney,train,midjourney_lowstep_287.jpg
AGIQA-3K-full,midjourney_lowstep_288,AGIQA-17d81fa16810,midjourney,test,midjourney_lowstep_288.jpg
AGIQA-3K-full,midjourney_lowstep_289,AGIQA-fef3bc0ee319,midjourney,train,midjourney_lowstep_289.jpg
AGIQA-3K-full,midjourney_lowstep_290,AGIQA-ce56cd7a084b,midjourney,val,midjourney_lowstep_290.jpg
AGIQA-3K-full,midjourney_lowstep_291,AGIQA-5e81c05a2b19,midjourney,train,midjourney_lowstep_291.jpg
AGIQA-3K-full,midjourney_lowstep_292,AGIQA-b93675144038,midjourney,test,midjourney_lowstep_292.jpg
AGIQA-3K-full,midjourney_lowstep_293,AGIQA-a8aeedd21648,midjourney,test,midjourney_lowstep_293.jpg
AGIQA-3K-full,midjourney_lowstep_294,AGIQA-73445cd4e31d,midjourney,train,midjourney_lowstep_294.jpg
AGIQA-3K-full,midjourney_lowstep_295,AGIQA-d6cfbcb0b65b,midjourney,val,midjourney_lowstep_295.jpg
AGIQA-3K-full,midjourney_lowstep_296,AGIQA-cda73163d4e7,midjourney,train,midjourney_lowstep_296.jpg
AGIQA-3K-full,midjourney_lowstep_297,AGIQA-017d4ba8d955,midjourney,train,midjourney_lowstep_297.jpg
AGIQA-3K-full,midjourney_lowstep_298,AGIQA-7e20efbb16ae,midjourney,train,midjourney_lowstep_298.jpg
AGIQA-3K-full,midjourney_lowstep_299,AGIQA-53a40ffc7b8e,midjourney,train,midjourney_lowstep_299.jpg
AGIQA-3K-full,midjourney_normal_000,AGIQA-6450500ef537,midjourney,train,midjourney_normal_000.jpg
AGIQA-3K-full,midjourney_normal_001,AGIQA-7a6a19473264,midjourney,train,midjourney_normal_001.jpg
AGIQA-3K-full,midjourney_normal_002,AGIQA-e7cac214d6e9,midjourney,train,midjourney_normal_002.jpg
AGIQA-3K-full,midjourney_normal_003,AGIQA-e9a8981cd29f,midjourney,train,midjourney_normal_003.jpg
AGIQA-3K-full,midjourney_normal_004,AGIQA-483967d836ca,midjourney,val,midjourney_normal_004.jpg
AGIQA-3K-full,midjourney_normal_005,AGIQA-e217ce39c73f,midjourney,train,midjourney_normal_005.jpg
AGIQA-3K-full,midjourney_normal_006,AGIQA-eaf6e4c20ea4,midjourney,test,midjourney_normal_006.jpg
AGIQA-3K-full,midjourney_normal_007,AGIQA-d7a1414ab859,midjourney,train,midjourney_normal_007.jpg
AGIQA-3K-full,midjourney_normal_008,AGIQA-15be354bb96e,midjourney,train,midjourney_normal_008.jpg
AGIQA-3K-full,midjourney_normal_009,AGIQA-9821efa7c5f4,midjourney,test,midjourney_normal_009.jpg
AGIQA-3K-full,midjourney_normal_010,AGIQA-1140c78e0ae6,midjourney,test,midjourney_normal_010.jpg
AGIQA-3K-full,midjourney_normal_011,AGIQA-5ef6165535cc,midjourney,test,midjourney_normal_011.jpg
AGIQA-3K-full,midjourney_normal_012,AGIQA-e334be82922d,midjourney,train,midjourney_normal_012.jpg
AGIQA-3K-full,midjourney_normal_013,AGIQA-a1025dda6741,midjourney,test,midjourney_normal_013.jpg
AGIQA-3K-full,midjourney_normal_014,AGIQA-5157585510fa,midjourney,test,midjourney_normal_014.jpg
AGIQA-3K-full,midjourney_normal_015,AGIQA-a140832780f0,midjourney,val,midjourney_normal_015.jpg
AGIQA-3K-full,midjourney_normal_016,AGIQA-29db9d3c3030,midjourney,test,midjourney_normal_016.jpg
AGIQA-3K-full,midjourney_normal_017,AGIQA-735ffd33c35d,midjourney,train,midjourney_normal_017.jpg
AGIQA-3K-full,midjourney_normal_018,AGIQA-3fbe71b5e645,midjourney,test,midjourney_normal_018.jpg
AGIQA-3K-full,midjourney_normal_019,AGIQA-24062dcfadad,midjourney,train,midjourney_normal_019.jpg
AGIQA-3K-full,midjourney_normal_020,AGIQA-9eeb9b8e3f8e,midjourney,test,midjourney_normal_020.jpg
AGIQA-3K-full,midjourney_normal_021,AGIQA-1371abf2f93d,midjourney,test,midjourney_normal_021.jpg
AGIQA-3K-full,midjourney_normal_022,AGIQA-6c6164597781,midjourney,test,midjourney_normal_022.jpg
AGIQA-3K-full,midjourney_normal_023,AGIQA-0af5d168f24a,midjourney,train,midjourney_normal_023.jpg
AGIQA-3K-full,midjourney_normal_024,AGIQA-889cbd060604,midjourney,train,midjourney_normal_024.jpg
AGIQA-3K-full,midjourney_normal_025,AGIQA-30e86978cc84,midjourney,test,midjourney_normal_025.jpg
AGIQA-3K-full,midjourney_normal_026,AGIQA-345eec9dd421,midjourney,test,midjourney_normal_026.jpg
AGIQA-3K-full,midjourney_normal_027,AGIQA-37dfb2ab2ae5,midjourney,test,midjourney_normal_027.jpg
AGIQA-3K-full,midjourney_normal_028,AGIQA-1bff9303dbad,midjourney,train,midjourney_normal_028.jpg
AGIQA-3K-full,midjourney_normal_029,AGIQA-a6ab88e8fd89,midjourney,train,midjourney_normal_029.jpg
AGIQA-3K-full,midjourney_normal_030,AGIQA-d2336a69fe20,midjourney,train,midjourney_normal_030.jpg
AGIQA-3K-full,midjourney_normal_031,AGIQA-8a1982e9c4e2,midjourney,val,midjourney_normal_031.jpg
AGIQA-3K-full,midjourney_normal_032,AGIQA-c8866246ba2d,midjourney,test,midjourney_normal_032.jpg
AGIQA-3K-full,midjourney_normal_033,AGIQA-f587e366ca8f,midjourney,train,midjourney_normal_033.jpg
AGIQA-3K-full,midjourney_normal_034,AGIQA-d91a18f3f62c,midjourney,train,midjourney_normal_034.jpg
AGIQA-3K-full,midjourney_normal_035,AGIQA-a408155fcc7c,midjourney,train,midjourney_normal_035.jpg
AGIQA-3K-full,midjourney_normal_036,AGIQA-a8e2e7bf98bc,midjourney,train,midjourney_normal_036.jpg
AGIQA-3K-full,midjourney_normal_037,AGIQA-2ff96029d612,midjourney,train,midjourney_normal_037.jpg
AGIQA-3K-full,midjourney_normal_038,AGIQA-699c069d0958,midjourney,train,midjourney_normal_038.jpg
AGIQA-3K-full,midjourney_normal_039,AGIQA-bb9a47ae293e,midjourney,train,midjourney_normal_039.jpg
AGIQA-3K-full,midjourney_normal_040,AGIQA-1bdd03baf926,midjourney,train,midjourney_normal_040.jpg
AGIQA-3K-full,midjourney_normal_041,AGIQA-b5139fecf4ac,midjourney,test,midjourney_normal_041.jpg
AGIQA-3K-full,midjourney_normal_042,AGIQA-b93c19ff75f8,midjourney,train,midjourney_normal_042.jpg
AGIQA-3K-full,midjourney_normal_043,AGIQA-aeb19603c48e,midjourney,train,midjourney_normal_043.jpg
AGIQA-3K-full,midjourney_normal_044,AGIQA-02bef5c360e8,midjourney,train,midjourney_normal_044.jpg
AGIQA-3K-full,midjourney_normal_046,AGIQA-3d5b4a0897ba,midjourney,train,midjourney_normal_046.jpg
AGIQA-3K-full,midjourney_normal_047,AGIQA-02d4f0376aa1,midjourney,test,midjourney_normal_047.jpg
AGIQA-3K-full,midjourney_normal_048,AGIQA-cba821e04d7f,midjourney,val,midjourney_normal_048.jpg
AGIQA-3K-full,midjourney_normal_049,AGIQA-2156f8055773,midjourney,train,midjourney_normal_049.jpg
AGIQA-3K-full,midjourney_normal_050,AGIQA-15a87eed536a,midjourney,train,midjourney_normal_050.jpg
AGIQA-3K-full,midjourney_normal_051,AGIQA-bc7e65d64dc1,midjourney,train,midjourney_normal_051.jpg
AGIQA-3K-full,midjourney_normal_052,AGIQA-b2ca21ea25ce,midjourney,train,midjourney_normal_052.jpg
AGIQA-3K-full,midjourney_normal_053,AGIQA-305317b84702,midjourney,test,midjourney_normal_053.jpg
AGIQA-3K-full,midjourney_normal_054,AGIQA-94c6cce5b494,midjourney,test,midjourney_normal_054.jpg
AGIQA-3K-full,midjourney_normal_055,AGIQA-270ab27b4cc3,midjourney,test,midjourney_normal_055.jpg
AGIQA-3K-full,midjourney_normal_056,AGIQA-ee79cf3a1533,midjourney,train,midjourney_normal_056.jpg
AGIQA-3K-full,midjourney_normal_057,AGIQA-3e01a171ef14,midjourney,train,midjourney_normal_057.jpg
AGIQA-3K-full,midjourney_normal_058,AGIQA-7a4d12587948,midjourney,train,midjourney_normal_058.jpg
AGIQA-3K-full,midjourney_normal_059,AGIQA-93fc7fc78148,midjourney,test,midjourney_normal_059.jpg
AGIQA-3K-full,midjourney_normal_060,AGIQA-b3af04d6b4f7,midjourney,train,midjourney_normal_060.jpg
AGIQA-3K-full,midjourney_normal_061,AGIQA-3afb49bd87b2,midjourney,test,midjourney_normal_061.jpg
AGIQA-3K-full,midjourney_normal_062,AGIQA-4bd827546f3c,midjourney,train,midjourney_normal_062.jpg
AGIQA-3K-full,midjourney_normal_063,AGIQA-4bfc1ce9717d,midjourney,test,midjourney_normal_063.jpg
AGIQA-3K-full,midjourney_normal_064,AGIQA-0a62a7327a97,midjourney,train,midjourney_normal_064.jpg
AGIQA-3K-full,midjourney_normal_065,AGIQA-1884d73ea603,midjourney,train,midjourney_normal_065.jpg
AGIQA-3K-full,midjourney_normal_066,AGIQA-4d874861883d,midjourney,train,midjourney_normal_066.jpg
AGIQA-3K-full,midjourney_normal_067,AGIQA-36c7ff486bf4,midjourney,train,midjourney_normal_067.jpg
AGIQA-3K-full,midjourney_normal_068,AGIQA-219765781124,midjourney,train,midjourney_normal_068.jpg
AGIQA-3K-full,midjourney_normal_069,AGIQA-f2c705d91de0,midjourney,train,midjourney_normal_069.jpg
AGIQA-3K-full,midjourney_normal_070,AGIQA-7a34b7800c8c,midjourney,train,midjourney_normal_070.jpg
AGIQA-3K-full,midjourney_normal_071,AGIQA-26e9b65319ac,midjourney,train,midjourney_normal_071.jpg
AGIQA-3K-full,midjourney_normal_072,AGIQA-83501ba9c92d,midjourney,train,midjourney_normal_072.jpg
AGIQA-3K-full,midjourney_normal_073,AGIQA-39896a46302d,midjourney,train,midjourney_normal_073.jpg
AGIQA-3K-full,midjourney_normal_074,AGIQA-5da8e22af7e1,midjourney,test,midjourney_normal_074.jpg
AGIQA-3K-full,midjourney_normal_075,AGIQA-e9d4dffbb822,midjourney,train,midjourney_normal_075.jpg
AGIQA-3K-full,midjourney_normal_076,AGIQA-afb2cac1ef8f,midjourney,train,midjourney_normal_076.jpg
AGIQA-3K-full,midjourney_normal_077,AGIQA-b363c8123684,midjourney,train,midjourney_normal_077.jpg
AGIQA-3K-full,midjourney_normal_078,AGIQA-b46354dc17d7,midjourney,train,midjourney_normal_078.jpg
AGIQA-3K-full,midjourney_normal_079,AGIQA-54f1d577611b,midjourney,train,midjourney_normal_079.jpg
AGIQA-3K-full,midjourney_normal_080,AGIQA-62039ebf9238,midjourney,val,midjourney_normal_080.jpg
AGIQA-3K-full,midjourney_normal_081,AGIQA-d3def83b5966,midjourney,train,midjourney_normal_081.jpg
AGIQA-3K-full,midjourney_normal_082,AGIQA-cf265de7c37e,midjourney,train,midjourney_normal_082.jpg
AGIQA-3K-full,midjourney_normal_084,AGIQA-74f4e06b1a42,midjourney,train,midjourney_normal_084.jpg
AGIQA-3K-full,midjourney_normal_085,AGIQA-2abccfad8fc0,midjourney,test,midjourney_normal_085.jpg
AGIQA-3K-full,midjourney_normal_086,AGIQA-1747f1a2a6af,midjourney,train,midjourney_normal_086.jpg
AGIQA-3K-full,midjourney_normal_087,AGIQA-7ebd987a0c9d,midjourney,train,midjourney_normal_087.jpg
AGIQA-3K-full,midjourney_normal_088,AGIQA-e34e3aaae310,midjourney,test,midjourney_normal_088.jpg
AGIQA-3K-full,midjourney_normal_089,AGIQA-816e47e299de,midjourney,test,midjourney_normal_089.jpg
AGIQA-3K-full,midjourney_normal_090,AGIQA-1197c8ae3ee4,midjourney,val,midjourney_normal_090.jpg
AGIQA-3K-full,midjourney_normal_091,AGIQA-feb2058c681e,midjourney,train,midjourney_normal_091.jpg
AGIQA-3K-full,midjourney_normal_092,AGIQA-c71137b2c51a,midjourney,train,midjourney_normal_092.jpg
AGIQA-3K-full,midjourney_normal_093,AGIQA-ee97a207c282,midjourney,train,midjourney_normal_093.jpg
AGIQA-3K-full,midjourney_normal_094,AGIQA-7f624ef10c68,midjourney,train,midjourney_normal_094.jpg
AGIQA-3K-full,midjourney_normal_095,AGIQA-7b69fd0727e0,midjourney,test,midjourney_normal_095.jpg
AGIQA-3K-full,midjourney_normal_096,AGIQA-2c5ac90ad3a2,midjourney,test,midjourney_normal_096.jpg
AGIQA-3K-full,midjourney_normal_097,AGIQA-014fd2ea1608,midjourney,train,midjourney_normal_097.jpg
AGIQA-3K-full,midjourney_normal_098,AGIQA-b54a8612f6ee,midjourney,train,midjourney_normal_098.jpg
AGIQA-3K-full,midjourney_normal_099,AGIQA-f235fa2da3be,midjourney,test,midjourney_normal_099.jpg
AGIQA-3K-full,midjourney_normal_100,AGIQA-abc1c7e34703,midjourney,train,midjourney_normal_100.jpg
AGIQA-3K-full,midjourney_normal_101,AGIQA-0c9dbafc59fd,midjourney,train,midjourney_normal_101.jpg
AGIQA-3K-full,midjourney_normal_102,AGIQA-b81bc55a8c04,midjourney,test,midjourney_normal_102.jpg
AGIQA-3K-full,midjourney_normal_103,AGIQA-78a9d596c8e2,midjourney,train,midjourney_normal_103.jpg
AGIQA-3K-full,midjourney_normal_104,AGIQA-3928f0e8749e,midjourney,train,midjourney_normal_104.jpg
AGIQA-3K-full,midjourney_normal_105,AGIQA-2a821ca75a7f,midjourney,train,midjourney_normal_105.jpg
AGIQA-3K-full,midjourney_normal_106,AGIQA-59dc946e81a2,midjourney,train,midjourney_normal_106.jpg
AGIQA-3K-full,midjourney_normal_107,AGIQA-03c8e945e5e6,midjourney,train,midjourney_normal_107.jpg
AGIQA-3K-full,midjourney_normal_108,AGIQA-644129240816,midjourney,test,midjourney_normal_108.jpg
AGIQA-3K-full,midjourney_normal_109,AGIQA-ea81604fe371,midjourney,train,midjourney_normal_109.jpg
AGIQA-3K-full,midjourney_normal_110,AGIQA-f43114d1ab3a,midjourney,test,midjourney_normal_110.jpg
AGIQA-3K-full,midjourney_normal_111,AGIQA-eda6cf20fa3c,midjourney,test,midjourney_normal_111.jpg
AGIQA-3K-full,midjourney_normal_112,AGIQA-59dcddbad987,midjourney,train,midjourney_normal_112.jpg
AGIQA-3K-full,midjourney_normal_113,AGIQA-1796a3b42bb8,midjourney,train,midjourney_normal_113.jpg
AGIQA-3K-full,midjourney_normal_114,AGIQA-a023778c0dea,midjourney,test,midjourney_normal_114.jpg
AGIQA-3K-full,midjourney_normal_115,AGIQA-27a786146efe,midjourney,test,midjourney_normal_115.jpg
AGIQA-3K-full,midjourney_normal_116,AGIQA-77e327fe685d,midjourney,train,midjourney_normal_116.jpg
AGIQA-3K-full,midjourney_normal_117,AGIQA-3b493022153b,midjourney,val,midjourney_normal_117.jpg
AGIQA-3K-full,midjourney_normal_118,AGIQA-5a56ef85786d,midjourney,train,midjourney_normal_118.jpg
AGIQA-3K-full,midjourney_normal_119,AGIQA-9738ea13169e,midjourney,train,midjourney_normal_119.jpg
AGIQA-3K-full,midjourney_normal_120,AGIQA-a17cac72240f,midjourney,train,midjourney_normal_120.jpg
AGIQA-3K-full,midjourney_normal_121,AGIQA-4feb70c847f4,midjourney,train,midjourney_normal_121.jpg
AGIQA-3K-full,midjourney_normal_122,AGIQA-be3331e07988,midjourney,train,midjourney_normal_122.jpg
AGIQA-3K-full,midjourney_normal_123,AGIQA-d85820862dc4,midjourney,train,midjourney_normal_123.jpg
AGIQA-3K-full,midjourney_normal_124,AGIQA-c63fdfc307d3,midjourney,train,midjourney_normal_124.jpg
AGIQA-3K-full,midjourney_normal_125,AGIQA-e741bfb60d9b,midjourney,train,midjourney_normal_125.jpg
AGIQA-3K-full,midjourney_normal_126,AGIQA-595b239959ca,midjourney,train,midjourney_normal_126.jpg
AGIQA-3K-full,midjourney_normal_127,AGIQA-e1aaa6732d97,midjourney,train,midjourney_normal_127.jpg
AGIQA-3K-full,midjourney_normal_128,AGIQA-7d9bd08d7a8f,midjourney,train,midjourney_normal_128.jpg
AGIQA-3K-full,midjourney_normal_129,AGIQA-deadc33d802a,midjourney,test,midjourney_normal_129.jpg
AGIQA-3K-full,midjourney_normal_130,AGIQA-7902e7eb768c,midjourney,test,midjourney_normal_130.jpg
AGIQA-3K-full,midjourney_normal_131,AGIQA-f2bad7e493a9,midjourney,train,midjourney_normal_131.jpg
AGIQA-3K-full,midjourney_normal_132,AGIQA-60ca7af68f09,midjourney,train,midjourney_normal_132.jpg
AGIQA-3K-full,midjourney_normal_133,AGIQA-1fe09d7fece1,midjourney,train,midjourney_normal_133.jpg
AGIQA-3K-full,midjourney_normal_134,AGIQA-b098ca961012,midjourney,train,midjourney_normal_134.jpg
AGIQA-3K-full,midjourney_normal_135,AGIQA-32695c5aaca1,midjourney,train,midjourney_normal_135.jpg
AGIQA-3K-full,midjourney_normal_136,AGIQA-791d9b65af34,midjourney,val,midjourney_normal_136.jpg
AGIQA-3K-full,midjourney_normal_137,AGIQA-e18bbae5650c,midjourney,train,midjourney_normal_137.jpg
AGIQA-3K-full,midjourney_normal_138,AGIQA-574b3b311b78,midjourney,train,midjourney_normal_138.jpg
AGIQA-3K-full,midjourney_normal_139,AGIQA-acd72daab110,midjourney,train,midjourney_normal_139.jpg
AGIQA-3K-full,midjourney_normal_140,AGIQA-0b211930e1ec,midjourney,val,midjourney_normal_140.jpg
AGIQA-3K-full,midjourney_normal_141,AGIQA-e9592c752d9b,midjourney,val,midjourney_normal_141.jpg
AGIQA-3K-full,midjourney_normal_142,AGIQA-e7cc1ec65d08,midjourney,val,midjourney_normal_142.jpg
AGIQA-3K-full,midjourney_normal_143,AGIQA-b81f063b0196,midjourney,train,midjourney_normal_143.jpg
AGIQA-3K-full,midjourney_normal_144,AGIQA-cae137e1ee63,midjourney,train,midjourney_normal_144.jpg
AGIQA-3K-full,midjourney_normal_145,AGIQA-dde35eb2e0dc,midjourney,train,midjourney_normal_145.jpg
AGIQA-3K-full,midjourney_normal_146,AGIQA-e669a8afc0c5,midjourney,train,midjourney_normal_146.jpg
AGIQA-3K-full,midjourney_normal_147,AGIQA-65dcda74e31d,midjourney,train,midjourney_normal_147.jpg
AGIQA-3K-full,midjourney_normal_148,AGIQA-e3e64e0b691a,midjourney,train,midjourney_normal_148.jpg
AGIQA-3K-full,midjourney_normal_149,AGIQA-030bb6c4d0f5,midjourney,train,midjourney_normal_149.jpg
AGIQA-3K-full,midjourney_normal_150,AGIQA-8aa1f30180ff,midjourney,train,midjourney_normal_150.jpg
AGIQA-3K-full,midjourney_normal_151,AGIQA-486f4dfa9e30,midjourney,train,midjourney_normal_151.jpg
AGIQA-3K-full,midjourney_normal_152,AGIQA-32c2b941b58b,midjourney,val,midjourney_normal_152.jpg
AGIQA-3K-full,midjourney_normal_153,AGIQA-14a193611262,midjourney,val,midjourney_normal_153.jpg
AGIQA-3K-full,midjourney_normal_154,AGIQA-dc46dc776f6b,midjourney,train,midjourney_normal_154.jpg
AGIQA-3K-full,midjourney_normal_155,AGIQA-fbff6ac32dea,midjourney,test,midjourney_normal_155.jpg
AGIQA-3K-full,midjourney_normal_156,AGIQA-72804a0e6e4a,midjourney,train,midjourney_normal_156.jpg
AGIQA-3K-full,midjourney_normal_157,AGIQA-fecb9ae06c54,midjourney,train,midjourney_normal_157.jpg
AGIQA-3K-full,midjourney_normal_158,AGIQA-e79ea28fe7cf,midjourney,train,midjourney_normal_158.jpg
AGIQA-3K-full,midjourney_normal_159,AGIQA-d8761fa80171,midjourney,train,midjourney_normal_159.jpg
AGIQA-3K-full,midjourney_normal_160,AGIQA-4901d63eed08,midjourney,train,midjourney_normal_160.jpg
AGIQA-3K-full,midjourney_normal_161,AGIQA-472af7225929,midjourney,val,midjourney_normal_161.jpg
AGIQA-3K-full,midjourney_normal_162,AGIQA-3a92ca053cc1,midjourney,train,midjourney_normal_162.jpg
AGIQA-3K-full,midjourney_normal_163,AGIQA-bedd004ea063,midjourney,train,midjourney_normal_163.jpg
AGIQA-3K-full,midjourney_normal_164,AGIQA-9ddef994f4d6,midjourney,train,midjourney_normal_164.jpg
AGIQA-3K-full,midjourney_normal_165,AGIQA-45c2f3a4f7aa,midjourney,train,midjourney_normal_165.jpg
AGIQA-3K-full,midjourney_normal_166,AGIQA-cf188c67a9b8,midjourney,train,midjourney_normal_166.jpg
AGIQA-3K-full,midjourney_normal_167,AGIQA-5e7c64fdbc18,midjourney,test,midjourney_normal_167.jpg
AGIQA-3K-full,midjourney_normal_168,AGIQA-b1da0547c2f4,midjourney,train,midjourney_normal_168.jpg
AGIQA-3K-full,midjourney_normal_169,AGIQA-b5383b49e05b,midjourney,test,midjourney_normal_169.jpg
AGIQA-3K-full,midjourney_normal_170,AGIQA-0de51307d9da,midjourney,test,midjourney_normal_170.jpg
AGIQA-3K-full,midjourney_normal_171,AGIQA-2b1c5c5c141b,midjourney,train,midjourney_normal_171.jpg
AGIQA-3K-full,midjourney_normal_172,AGIQA-2823adb86f2f,midjourney,train,midjourney_normal_172.jpg
AGIQA-3K-full,midjourney_normal_173,AGIQA-1635df37570d,midjourney,test,midjourney_normal_173.jpg
AGIQA-3K-full,midjourney_normal_174,AGIQA-ef9db73da947,midjourney,train,midjourney_normal_174.jpg
AGIQA-3K-full,midjourney_normal_175,AGIQA-4ae23c11e1b3,midjourney,train,midjourney_normal_175.jpg
AGIQA-3K-full,midjourney_normal_176,AGIQA-121c83e82f96,midjourney,test,midjourney_normal_176.jpg
AGIQA-3K-full,midjourney_normal_177,AGIQA-e38538486536,midjourney,train,midjourney_normal_177.jpg
AGIQA-3K-full,midjourney_normal_178,AGIQA-bd6e7cde02fc,midjourney,train,midjourney_normal_178.jpg
AGIQA-3K-full,midjourney_normal_179,AGIQA-45e156b05235,midjourney,train,midjourney_normal_179.jpg
AGIQA-3K-full,midjourney_normal_180,AGIQA-8fde933261c4,midjourney,train,midjourney_normal_180.jpg
AGIQA-3K-full,midjourney_normal_181,AGIQA-94051c8456d6,midjourney,train,midjourney_normal_181.jpg
AGIQA-3K-full,midjourney_normal_182,AGIQA-32d75345a5f5,midjourney,test,midjourney_normal_182.jpg
AGIQA-3K-full,midjourney_normal_183,AGIQA-ef98e7e5c9ba,midjourney,train,midjourney_normal_183.jpg
AGIQA-3K-full,midjourney_normal_184,AGIQA-893251c5ba76,midjourney,train,midjourney_normal_184.jpg
AGIQA-3K-full,midjourney_normal_185,AGIQA-a69fb8b78eb9,midjourney,train,midjourney_normal_185.jpg
AGIQA-3K-full,midjourney_normal_186,AGIQA-2317a680b698,midjourney,train,midjourney_normal_186.jpg
AGIQA-3K-full,midjourney_normal_187,AGIQA-20d7672f1b9b,midjourney,train,midjourney_normal_187.jpg
AGIQA-3K-full,midjourney_normal_188,AGIQA-fc61b5f30215,midjourney,train,midjourney_normal_188.jpg
AGIQA-3K-full,midjourney_normal_189,AGIQA-15ab7cb9d98f,midjourney,test,midjourney_normal_189.jpg
AGIQA-3K-full,midjourney_normal_190,AGIQA-c2e37db1ba32,midjourney,train,midjourney_normal_190.jpg
AGIQA-3K-full,midjourney_normal_191,AGIQA-8f47e5ab4c6f,midjourney,train,midjourney_normal_191.jpg
AGIQA-3K-full,midjourney_normal_192,AGIQA-31f795290c17,midjourney,train,midjourney_normal_192.jpg
AGIQA-3K-full,midjourney_normal_193,AGIQA-461ba0767435,midjourney,test,midjourney_normal_193.jpg
AGIQA-3K-full,midjourney_normal_194,AGIQA-9f8f853ca083,midjourney,train,midjourney_normal_194.jpg
AGIQA-3K-full,midjourney_normal_195,AGIQA-34fe7242ad9a,midjourney,test,midjourney_normal_195.jpg
AGIQA-3K-full,midjourney_normal_196,AGIQA-0d8602fb1aca,midjourney,train,midjourney_normal_196.jpg
AGIQA-3K-full,midjourney_normal_197,AGIQA-9be3116418d1,midjourney,val,midjourney_normal_197.jpg
AGIQA-3K-full,midjourney_normal_198,AGIQA-fe6c9142be68,midjourney,train,midjourney_normal_198.jpg
AGIQA-3K-full,midjourney_normal_199,AGIQA-7fac06549c79,midjourney,test,midjourney_normal_199.jpg
AGIQA-3K-full,midjourney_normal_200,AGIQA-d9baf8543c9b,midjourney,train,midjourney_normal_200.jpg
AGIQA-3K-full,midjourney_normal_201,AGIQA-aaaac710f29b,midjourney,val,midjourney_normal_201.jpg
AGIQA-3K-full,midjourney_normal_202,AGIQA-8726f694b7d2,midjourney,train,midjourney_normal_202.jpg
AGIQA-3K-full,midjourney_normal_203,AGIQA-b4078d2138ed,midjourney,train,midjourney_normal_203.jpg
AGIQA-3K-full,midjourney_normal_204,AGIQA-864aec596bd9,midjourney,val,midjourney_normal_204.jpg
AGIQA-3K-full,midjourney_normal_205,AGIQA-7c651e36074f,midjourney,test,midjourney_normal_205.jpg
AGIQA-3K-full,midjourney_normal_206,AGIQA-fb42182e75ed,midjourney,test,midjourney_normal_206.jpg
AGIQA-3K-full,midjourney_normal_207,AGIQA-a973dd8fbe31,midjourney,val,midjourney_normal_207.jpg
AGIQA-3K-full,midjourney_normal_208,AGIQA-845b79ffae4e,midjourney,train,midjourney_normal_208.jpg
AGIQA-3K-full,midjourney_normal_209,AGIQA-b1790fdc33ea,midjourney,train,midjourney_normal_209.jpg
AGIQA-3K-full,midjourney_normal_210,AGIQA-5e3045fb58ae,midjourney,test,midjourney_normal_210.jpg
AGIQA-3K-full,midjourney_normal_211,AGIQA-54583bc9220c,midjourney,test,midjourney_normal_211.jpg
AGIQA-3K-full,midjourney_normal_212,AGIQA-7c3be58f6483,midjourney,train,midjourney_normal_212.jpg
AGIQA-3K-full,midjourney_normal_213,AGIQA-957509340f7c,midjourney,test,midjourney_normal_213.jpg
AGIQA-3K-full,midjourney_normal_214,AGIQA-4e1e536bcea3,midjourney,train,midjourney_normal_214.jpg
AGIQA-3K-full,midjourney_normal_215,AGIQA-9f5e9f552c1f,midjourney,train,midjourney_normal_215.jpg
AGIQA-3K-full,midjourney_normal_216,AGIQA-d13d1e283f4a,midjourney,train,midjourney_normal_216.jpg
AGIQA-3K-full,midjourney_normal_217,AGIQA-134b48baf98c,midjourney,test,midjourney_normal_217.jpg
AGIQA-3K-full,midjourney_normal_218,AGIQA-7fd02b84fda4,midjourney,train,midjourney_normal_218.jpg
AGIQA-3K-full,midjourney_normal_219,AGIQA-6c43873cc393,midjourney,train,midjourney_normal_219.jpg
AGIQA-3K-full,midjourney_normal_220,AGIQA-6984fcb7131c,midjourney,train,midjourney_normal_220.jpg
AGIQA-3K-full,midjourney_normal_221,AGIQA-5a96f6ee9f99,midjourney,train,midjourney_normal_221.jpg
AGIQA-3K-full,midjourney_normal_222,AGIQA-cd76a0b6f05b,midjourney,train,midjourney_normal_222.jpg
AGIQA-3K-full,midjourney_normal_223,AGIQA-a8b31dec1e08,midjourney,test,midjourney_normal_223.jpg
AGIQA-3K-full,midjourney_normal_224,AGIQA-5ff95d19c989,midjourney,train,midjourney_normal_224.jpg
AGIQA-3K-full,midjourney_normal_225,AGIQA-487a4d95b14e,midjourney,train,midjourney_normal_225.jpg
AGIQA-3K-full,midjourney_normal_226,AGIQA-3f4b2678c41e,midjourney,train,midjourney_normal_226.jpg
AGIQA-3K-full,midjourney_normal_227,AGIQA-4a6f7b7171c3,midjourney,train,midjourney_normal_227.jpg
AGIQA-3K-full,midjourney_normal_228,AGIQA-7fbcbc5d2602,midjourney,train,midjourney_normal_228.jpg
AGIQA-3K-full,midjourney_normal_230,AGIQA-241858497b40,midjourney,train,midjourney_normal_230.jpg
AGIQA-3K-full,midjourney_normal_231,AGIQA-26f3387f29d6,midjourney,train,midjourney_normal_231.jpg
AGIQA-3K-full,midjourney_normal_232,AGIQA-aa96d239cb01,midjourney,test,midjourney_normal_232.jpg
AGIQA-3K-full,midjourney_normal_233,AGIQA-91018ec483b8,midjourney,train,midjourney_normal_233.jpg
AGIQA-3K-full,midjourney_normal_234,AGIQA-72adf7554aff,midjourney,train,midjourney_normal_234.jpg
AGIQA-3K-full,midjourney_normal_235,AGIQA-839d3f4d0d53,midjourney,train,midjourney_normal_235.jpg
AGIQA-3K-full,midjourney_normal_236,AGIQA-5274466c7aca,midjourney,train,midjourney_normal_236.jpg
AGIQA-3K-full,midjourney_normal_237,AGIQA-bc6103aabea5,midjourney,train,midjourney_normal_237.jpg
AGIQA-3K-full,midjourney_normal_239,AGIQA-3857fb86efc3,midjourney,train,midjourney_normal_239.jpg
AGIQA-3K-full,midjourney_normal_240,AGIQA-d10db1886c8a,midjourney,train,midjourney_normal_240.jpg
AGIQA-3K-full,midjourney_normal_241,AGIQA-fa91e9db53b1,midjourney,test,midjourney_normal_241.jpg
AGIQA-3K-full,midjourney_normal_242,AGIQA-d42754ac4940,midjourney,train,midjourney_normal_242.jpg
AGIQA-3K-full,midjourney_normal_243,AGIQA-88d44d2b19b7,midjourney,train,midjourney_normal_243.jpg
AGIQA-3K-full,midjourney_normal_244,AGIQA-bc5561a2eb72,midjourney,test,midjourney_normal_244.jpg
AGIQA-3K-full,midjourney_normal_245,AGIQA-da1aef0b6659,midjourney,train,midjourney_normal_245.jpg
AGIQA-3K-full,midjourney_normal_246,AGIQA-187732966a3e,midjourney,train,midjourney_normal_246.jpg
AGIQA-3K-full,midjourney_normal_247,AGIQA-aeeef558303e,midjourney,train,midjourney_normal_247.jpg
AGIQA-3K-full,midjourney_normal_248,AGIQA-87561c35fad9,midjourney,train,midjourney_normal_248.jpg
AGIQA-3K-full,midjourney_normal_249,AGIQA-a0b65ad08740,midjourney,train,midjourney_normal_249.jpg
AGIQA-3K-full,midjourney_normal_250,AGIQA-825246a5adcd,midjourney,train,midjourney_normal_250.jpg
AGIQA-3K-full,midjourney_normal_251,AGIQA-ee5f5afeb342,midjourney,train,midjourney_normal_251.jpg
AGIQA-3K-full,midjourney_normal_252,AGIQA-8c1a38da7994,midjourney,val,midjourney_normal_252.jpg
AGIQA-3K-full,midjourney_normal_253,AGIQA-b04d851afc73,midjourney,train,midjourney_normal_253.jpg
AGIQA-3K-full,midjourney_normal_254,AGIQA-e1565d54217f,midjourney,train,midjourney_normal_254.jpg
AGIQA-3K-full,midjourney_normal_255,AGIQA-9d4135098745,midjourney,train,midjourney_normal_255.jpg
AGIQA-3K-full,midjourney_normal_256,AGIQA-d89e46130a96,midjourney,train,midjourney_normal_256.jpg
AGIQA-3K-full,midjourney_normal_257,AGIQA-2d2bb0095437,midjourney,train,midjourney_normal_257.jpg
AGIQA-3K-full,midjourney_normal_258,AGIQA-0f181149eb2a,midjourney,test,midjourney_normal_258.jpg
AGIQA-3K-full,midjourney_normal_259,AGIQA-6d4fab56dcb7,midjourney,train,midjourney_normal_259.jpg
AGIQA-3K-full,midjourney_normal_260,AGIQA-4fd99e98bfcc,midjourney,test,midjourney_normal_260.jpg
AGIQA-3K-full,midjourney_normal_261,AGIQA-52db3e0e841b,midjourney,train,midjourney_normal_261.jpg
AGIQA-3K-full,midjourney_normal_262,AGIQA-89e1b69268a9,midjourney,test,midjourney_normal_262.jpg
AGIQA-3K-full,midjourney_normal_263,AGIQA-4234732c7ece,midjourney,train,midjourney_normal_263.jpg
AGIQA-3K-full,midjourney_normal_264,AGIQA-60869db09321,midjourney,test,midjourney_normal_264.jpg
AGIQA-3K-full,midjourney_normal_265,AGIQA-c832635dd360,midjourney,val,midjourney_normal_265.jpg
AGIQA-3K-full,midjourney_normal_266,AGIQA-47f01f744d95,midjourney,test,midjourney_normal_266.jpg
AGIQA-3K-full,midjourney_normal_267,AGIQA-48249fb46134,midjourney,train,midjourney_normal_267.jpg
AGIQA-3K-full,midjourney_normal_268,AGIQA-4f5b8417ba27,midjourney,test,midjourney_normal_268.jpg
AGIQA-3K-full,midjourney_normal_269,AGIQA-c0979fe5af15,midjourney,train,midjourney_normal_269.jpg
AGIQA-3K-full,midjourney_normal_270,AGIQA-9f4df369c33d,midjourney,test,midjourney_normal_270.jpg
AGIQA-3K-full,midjourney_normal_271,AGIQA-c501dfbf43d4,midjourney,test,midjourney_normal_271.jpg
AGIQA-3K-full,midjourney_normal_272,AGIQA-c6ede13840bf,midjourney,train,midjourney_normal_272.jpg
AGIQA-3K-full,midjourney_normal_273,AGIQA-eeca63819cae,midjourney,train,midjourney_normal_273.jpg
AGIQA-3K-full,midjourney_normal_274,AGIQA-373eecf8fe79,midjourney,val,midjourney_normal_274.jpg
AGIQA-3K-full,midjourney_normal_275,AGIQA-ec8970400b03,midjourney,train,midjourney_normal_275.jpg
AGIQA-3K-full,midjourney_normal_276,AGIQA-700f85e93cd9,midjourney,train,midjourney_normal_276.jpg
AGIQA-3K-full,midjourney_normal_277,AGIQA-285ccdf13939,midjourney,val,midjourney_normal_277.jpg
AGIQA-3K-full,midjourney_normal_278,AGIQA-1cf041a27e5a,midjourney,train,midjourney_normal_278.jpg
AGIQA-3K-full,midjourney_normal_279,AGIQA-c6c3a07b14f5,midjourney,train,midjourney_normal_279.jpg
AGIQA-3K-full,midjourney_normal_280,AGIQA-a366638220c2,midjourney,train,midjourney_normal_280.jpg
AGIQA-3K-full,midjourney_normal_281,AGIQA-9ca8817fa0d7,midjourney,test,midjourney_normal_281.jpg
AGIQA-3K-full,midjourney_normal_282,AGIQA-f1e866c8ce87,midjourney,train,midjourney_normal_282.jpg
AGIQA-3K-full,midjourney_normal_283,AGIQA-3ddae4e47c34,midjourney,test,midjourney_normal_283.jpg
AGIQA-3K-full,midjourney_normal_284,AGIQA-514b19bebc24,midjourney,train,midjourney_normal_284.jpg
AGIQA-3K-full,midjourney_normal_285,AGIQA-46145207aed7,midjourney,train,midjourney_normal_285.jpg
AGIQA-3K-full,midjourney_normal_286,AGIQA-574bc6573ac1,midjourney,train,midjourney_normal_286.jpg
AGIQA-3K-full,midjourney_normal_287,AGIQA-a506eb9141fd,midjourney,train,midjourney_normal_287.jpg
AGIQA-3K-full,midjourney_normal_288,AGIQA-17d81fa16810,midjourney,test,midjourney_normal_288.jpg
AGIQA-3K-full,midjourney_normal_289,AGIQA-fef3bc0ee319,midjourney,train,midjourney_normal_289.jpg
AGIQA-3K-full,midjourney_normal_290,AGIQA-ce56cd7a084b,midjourney,val,midjourney_normal_290.jpg
AGIQA-3K-full,midjourney_normal_291,AGIQA-5e81c05a2b19,midjourney,train,midjourney_normal_291.jpg
AGIQA-3K-full,midjourney_normal_292,AGIQA-b93675144038,midjourney,test,midjourney_normal_292.jpg
AGIQA-3K-full,midjourney_normal_293,AGIQA-a8aeedd21648,midjourney,test,midjourney_normal_293.jpg
AGIQA-3K-full,midjourney_normal_294,AGIQA-73445cd4e31d,midjourney,train,midjourney_normal_294.jpg
AGIQA-3K-full,midjourney_normal_295,AGIQA-d6cfbcb0b65b,midjourney,val,midjourney_normal_295.jpg
AGIQA-3K-full,midjourney_normal_296,AGIQA-cda73163d4e7,midjourney,train,midjourney_normal_296.jpg
AGIQA-3K-full,midjourney_normal_297,AGIQA-017d4ba8d955,midjourney,train,midjourney_normal_297.jpg
AGIQA-3K-full,midjourney_normal_298,AGIQA-7e20efbb16ae,midjourney,train,midjourney_normal_298.jpg
AGIQA-3K-full,midjourney_normal_299,AGIQA-53a40ffc7b8e,midjourney,train,midjourney_normal_299.jpg
AGIQA-3K-full,sd1.5_highcorr_000,AGIQA-6450500ef537,sd1.5,train,sd1.5_highcorr_000.jpg
AGIQA-3K-full,sd1.5_highcorr_001,AGIQA-7a6a19473264,sd1.5,train,sd1.5_highcorr_001.jpg
AGIQA-3K-full,sd1.5_highcorr_002,AGIQA-e7cac214d6e9,sd1.5,train,sd1.5_highcorr_002.jpg
AGIQA-3K-full,sd1.5_highcorr_003,AGIQA-e9a8981cd29f,sd1.5,train,sd1.5_highcorr_003.jpg
AGIQA-3K-full,sd1.5_highcorr_004,AGIQA-483967d836ca,sd1.5,val,sd1.5_highcorr_004.jpg
AGIQA-3K-full,sd1.5_highcorr_005,AGIQA-e217ce39c73f,sd1.5,train,sd1.5_highcorr_005.jpg
AGIQA-3K-full,sd1.5_highcorr_006,AGIQA-eaf6e4c20ea4,sd1.5,test,sd1.5_highcorr_006.jpg
AGIQA-3K-full,sd1.5_highcorr_007,AGIQA-d7a1414ab859,sd1.5,train,sd1.5_highcorr_007.jpg
AGIQA-3K-full,sd1.5_highcorr_008,AGIQA-15be354bb96e,sd1.5,train,sd1.5_highcorr_008.jpg
AGIQA-3K-full,sd1.5_highcorr_009,AGIQA-9821efa7c5f4,sd1.5,test,sd1.5_highcorr_009.jpg
AGIQA-3K-full,sd1.5_highcorr_010,AGIQA-1140c78e0ae6,sd1.5,test,sd1.5_highcorr_010.jpg
AGIQA-3K-full,sd1.5_highcorr_011,AGIQA-5ef6165535cc,sd1.5,test,sd1.5_highcorr_011.jpg
AGIQA-3K-full,sd1.5_highcorr_012,AGIQA-e334be82922d,sd1.5,train,sd1.5_highcorr_012.jpg
AGIQA-3K-full,sd1.5_highcorr_013,AGIQA-a1025dda6741,sd1.5,test,sd1.5_highcorr_013.jpg
AGIQA-3K-full,sd1.5_highcorr_014,AGIQA-5157585510fa,sd1.5,test,sd1.5_highcorr_014.jpg
AGIQA-3K-full,sd1.5_highcorr_015,AGIQA-a140832780f0,sd1.5,val,sd1.5_highcorr_015.jpg
AGIQA-3K-full,sd1.5_highcorr_016,AGIQA-29db9d3c3030,sd1.5,test,sd1.5_highcorr_016.jpg
AGIQA-3K-full,sd1.5_highcorr_017,AGIQA-735ffd33c35d,sd1.5,train,sd1.5_highcorr_017.jpg
AGIQA-3K-full,sd1.5_highcorr_018,AGIQA-3fbe71b5e645,sd1.5,test,sd1.5_highcorr_018.jpg
AGIQA-3K-full,sd1.5_highcorr_019,AGIQA-24062dcfadad,sd1.5,train,sd1.5_highcorr_019.jpg
AGIQA-3K-full,sd1.5_highcorr_020,AGIQA-9eeb9b8e3f8e,sd1.5,test,sd1.5_highcorr_020.jpg
AGIQA-3K-full,sd1.5_highcorr_021,AGIQA-1371abf2f93d,sd1.5,test,sd1.5_highcorr_021.jpg
AGIQA-3K-full,sd1.5_highcorr_022,AGIQA-6c6164597781,sd1.5,test,sd1.5_highcorr_022.jpg
AGIQA-3K-full,sd1.5_highcorr_023,AGIQA-0af5d168f24a,sd1.5,train,sd1.5_highcorr_023.jpg
AGIQA-3K-full,sd1.5_highcorr_024,AGIQA-889cbd060604,sd1.5,train,sd1.5_highcorr_024.jpg
AGIQA-3K-full,sd1.5_highcorr_025,AGIQA-30e86978cc84,sd1.5,test,sd1.5_highcorr_025.jpg
AGIQA-3K-full,sd1.5_highcorr_026,AGIQA-345eec9dd421,sd1.5,test,sd1.5_highcorr_026.jpg
AGIQA-3K-full,sd1.5_highcorr_027,AGIQA-37dfb2ab2ae5,sd1.5,test,sd1.5_highcorr_027.jpg
AGIQA-3K-full,sd1.5_highcorr_028,AGIQA-1bff9303dbad,sd1.5,train,sd1.5_highcorr_028.jpg
AGIQA-3K-full,sd1.5_highcorr_029,AGIQA-a6ab88e8fd89,sd1.5,train,sd1.5_highcorr_029.jpg
AGIQA-3K-full,sd1.5_highcorr_030,AGIQA-d2336a69fe20,sd1.5,train,sd1.5_highcorr_030.jpg
AGIQA-3K-full,sd1.5_highcorr_031,AGIQA-8a1982e9c4e2,sd1.5,val,sd1.5_highcorr_031.jpg
AGIQA-3K-full,sd1.5_highcorr_032,AGIQA-c8866246ba2d,sd1.5,test,sd1.5_highcorr_032.jpg
AGIQA-3K-full,sd1.5_highcorr_033,AGIQA-f587e366ca8f,sd1.5,train,sd1.5_highcorr_033.jpg
AGIQA-3K-full,sd1.5_highcorr_034,AGIQA-d91a18f3f62c,sd1.5,train,sd1.5_highcorr_034.jpg
AGIQA-3K-full,sd1.5_highcorr_035,AGIQA-a408155fcc7c,sd1.5,train,sd1.5_highcorr_035.jpg
AGIQA-3K-full,sd1.5_highcorr_036,AGIQA-a8e2e7bf98bc,sd1.5,train,sd1.5_highcorr_036.jpg
AGIQA-3K-full,sd1.5_highcorr_037,AGIQA-2ff96029d612,sd1.5,train,sd1.5_highcorr_037.jpg
AGIQA-3K-full,sd1.5_highcorr_038,AGIQA-699c069d0958,sd1.5,train,sd1.5_highcorr_038.jpg
AGIQA-3K-full,sd1.5_highcorr_039,AGIQA-bb9a47ae293e,sd1.5,train,sd1.5_highcorr_039.jpg
AGIQA-3K-full,sd1.5_highcorr_040,AGIQA-1bdd03baf926,sd1.5,train,sd1.5_highcorr_040.jpg
AGIQA-3K-full,sd1.5_highcorr_041,AGIQA-b5139fecf4ac,sd1.5,test,sd1.5_highcorr_041.jpg
AGIQA-3K-full,sd1.5_highcorr_042,AGIQA-b93c19ff75f8,sd1.5,train,sd1.5_highcorr_042.jpg
AGIQA-3K-full,sd1.5_highcorr_043,AGIQA-aeb19603c48e,sd1.5,train,sd1.5_highcorr_043.jpg
AGIQA-3K-full,sd1.5_highcorr_044,AGIQA-02bef5c360e8,sd1.5,train,sd1.5_highcorr_044.jpg
AGIQA-3K-full,sd1.5_highcorr_045,AGIQA-352213e9322c,sd1.5,train,sd1.5_highcorr_045.jpg
AGIQA-3K-full,sd1.5_highcorr_046,AGIQA-3d5b4a0897ba,sd1.5,train,sd1.5_highcorr_046.jpg
AGIQA-3K-full,sd1.5_highcorr_047,AGIQA-02d4f0376aa1,sd1.5,test,sd1.5_highcorr_047.jpg
AGIQA-3K-full,sd1.5_highcorr_048,AGIQA-cba821e04d7f,sd1.5,val,sd1.5_highcorr_048.jpg
AGIQA-3K-full,sd1.5_highcorr_049,AGIQA-2156f8055773,sd1.5,train,sd1.5_highcorr_049.jpg
AGIQA-3K-full,sd1.5_highcorr_050,AGIQA-15a87eed536a,sd1.5,train,sd1.5_highcorr_050.jpg
AGIQA-3K-full,sd1.5_highcorr_051,AGIQA-bc7e65d64dc1,sd1.5,train,sd1.5_highcorr_051.jpg
AGIQA-3K-full,sd1.5_highcorr_052,AGIQA-b2ca21ea25ce,sd1.5,train,sd1.5_highcorr_052.jpg
AGIQA-3K-full,sd1.5_highcorr_053,AGIQA-305317b84702,sd1.5,test,sd1.5_highcorr_053.jpg
AGIQA-3K-full,sd1.5_highcorr_054,AGIQA-94c6cce5b494,sd1.5,test,sd1.5_highcorr_054.jpg
AGIQA-3K-full,sd1.5_highcorr_055,AGIQA-270ab27b4cc3,sd1.5,test,sd1.5_highcorr_055.jpg
AGIQA-3K-full,sd1.5_highcorr_056,AGIQA-ee79cf3a1533,sd1.5,train,sd1.5_highcorr_056.jpg
AGIQA-3K-full,sd1.5_highcorr_057,AGIQA-3e01a171ef14,sd1.5,train,sd1.5_highcorr_057.jpg
AGIQA-3K-full,sd1.5_highcorr_058,AGIQA-7a4d12587948,sd1.5,train,sd1.5_highcorr_058.jpg
AGIQA-3K-full,sd1.5_highcorr_059,AGIQA-93fc7fc78148,sd1.5,test,sd1.5_highcorr_059.jpg
AGIQA-3K-full,sd1.5_highcorr_060,AGIQA-b3af04d6b4f7,sd1.5,train,sd1.5_highcorr_060.jpg
AGIQA-3K-full,sd1.5_highcorr_061,AGIQA-3afb49bd87b2,sd1.5,test,sd1.5_highcorr_061.jpg
AGIQA-3K-full,sd1.5_highcorr_062,AGIQA-4bd827546f3c,sd1.5,train,sd1.5_highcorr_062.jpg
AGIQA-3K-full,sd1.5_highcorr_063,AGIQA-4bfc1ce9717d,sd1.5,test,sd1.5_highcorr_063.jpg
AGIQA-3K-full,sd1.5_highcorr_064,AGIQA-0a62a7327a97,sd1.5,train,sd1.5_highcorr_064.jpg
AGIQA-3K-full,sd1.5_highcorr_065,AGIQA-1884d73ea603,sd1.5,train,sd1.5_highcorr_065.jpg
AGIQA-3K-full,sd1.5_highcorr_066,AGIQA-4d874861883d,sd1.5,train,sd1.5_highcorr_066.jpg
AGIQA-3K-full,sd1.5_highcorr_067,AGIQA-36c7ff486bf4,sd1.5,train,sd1.5_highcorr_067.jpg
AGIQA-3K-full,sd1.5_highcorr_068,AGIQA-219765781124,sd1.5,train,sd1.5_highcorr_068.jpg
AGIQA-3K-full,sd1.5_highcorr_069,AGIQA-f2c705d91de0,sd1.5,train,sd1.5_highcorr_069.jpg
AGIQA-3K-full,sd1.5_highcorr_070,AGIQA-7a34b7800c8c,sd1.5,train,sd1.5_highcorr_070.jpg
AGIQA-3K-full,sd1.5_highcorr_071,AGIQA-26e9b65319ac,sd1.5,train,sd1.5_highcorr_071.jpg
AGIQA-3K-full,sd1.5_highcorr_072,AGIQA-83501ba9c92d,sd1.5,train,sd1.5_highcorr_072.jpg
AGIQA-3K-full,sd1.5_highcorr_073,AGIQA-39896a46302d,sd1.5,train,sd1.5_highcorr_073.jpg
AGIQA-3K-full,sd1.5_highcorr_074,AGIQA-5da8e22af7e1,sd1.5,test,sd1.5_highcorr_074.jpg
AGIQA-3K-full,sd1.5_highcorr_075,AGIQA-e9d4dffbb822,sd1.5,train,sd1.5_highcorr_075.jpg
AGIQA-3K-full,sd1.5_highcorr_076,AGIQA-afb2cac1ef8f,sd1.5,train,sd1.5_highcorr_076.jpg
AGIQA-3K-full,sd1.5_highcorr_077,AGIQA-b363c8123684,sd1.5,train,sd1.5_highcorr_077.jpg
AGIQA-3K-full,sd1.5_highcorr_078,AGIQA-b46354dc17d7,sd1.5,train,sd1.5_highcorr_078.jpg
AGIQA-3K-full,sd1.5_highcorr_079,AGIQA-54f1d577611b,sd1.5,train,sd1.5_highcorr_079.jpg
AGIQA-3K-full,sd1.5_highcorr_080,AGIQA-62039ebf9238,sd1.5,val,sd1.5_highcorr_080.jpg
AGIQA-3K-full,sd1.5_highcorr_081,AGIQA-d3def83b5966,sd1.5,train,sd1.5_highcorr_081.jpg
AGIQA-3K-full,sd1.5_highcorr_082,AGIQA-cf265de7c37e,sd1.5,train,sd1.5_highcorr_082.jpg
AGIQA-3K-full,sd1.5_highcorr_083,AGIQA-2a787fbb8c5d,sd1.5,train,sd1.5_highcorr_083.jpg
AGIQA-3K-full,sd1.5_highcorr_084,AGIQA-74f4e06b1a42,sd1.5,train,sd1.5_highcorr_084.jpg
AGIQA-3K-full,sd1.5_highcorr_085,AGIQA-2abccfad8fc0,sd1.5,test,sd1.5_highcorr_085.jpg
AGIQA-3K-full,sd1.5_highcorr_086,AGIQA-1747f1a2a6af,sd1.5,train,sd1.5_highcorr_086.jpg
AGIQA-3K-full,sd1.5_highcorr_087,AGIQA-7ebd987a0c9d,sd1.5,train,sd1.5_highcorr_087.jpg
AGIQA-3K-full,sd1.5_highcorr_088,AGIQA-e34e3aaae310,sd1.5,test,sd1.5_highcorr_088.jpg
AGIQA-3K-full,sd1.5_highcorr_089,AGIQA-816e47e299de,sd1.5,test,sd1.5_highcorr_089.jpg
AGIQA-3K-full,sd1.5_highcorr_090,AGIQA-1197c8ae3ee4,sd1.5,val,sd1.5_highcorr_090.jpg
AGIQA-3K-full,sd1.5_highcorr_091,AGIQA-feb2058c681e,sd1.5,train,sd1.5_highcorr_091.jpg
AGIQA-3K-full,sd1.5_highcorr_092,AGIQA-c71137b2c51a,sd1.5,train,sd1.5_highcorr_092.jpg
AGIQA-3K-full,sd1.5_highcorr_093,AGIQA-ee97a207c282,sd1.5,train,sd1.5_highcorr_093.jpg
AGIQA-3K-full,sd1.5_highcorr_094,AGIQA-7f624ef10c68,sd1.5,train,sd1.5_highcorr_094.jpg
AGIQA-3K-full,sd1.5_highcorr_095,AGIQA-7b69fd0727e0,sd1.5,test,sd1.5_highcorr_095.jpg
AGIQA-3K-full,sd1.5_highcorr_096,AGIQA-2c5ac90ad3a2,sd1.5,test,sd1.5_highcorr_096.jpg
AGIQA-3K-full,sd1.5_highcorr_097,AGIQA-014fd2ea1608,sd1.5,train,sd1.5_highcorr_097.jpg
AGIQA-3K-full,sd1.5_highcorr_098,AGIQA-b54a8612f6ee,sd1.5,train,sd1.5_highcorr_098.jpg
AGIQA-3K-full,sd1.5_highcorr_099,AGIQA-f235fa2da3be,sd1.5,test,sd1.5_highcorr_099.jpg
AGIQA-3K-full,sd1.5_highcorr_100,AGIQA-abc1c7e34703,sd1.5,train,sd1.5_highcorr_100.jpg
AGIQA-3K-full,sd1.5_highcorr_101,AGIQA-0c9dbafc59fd,sd1.5,train,sd1.5_highcorr_101.jpg
AGIQA-3K-full,sd1.5_highcorr_102,AGIQA-b81bc55a8c04,sd1.5,test,sd1.5_highcorr_102.jpg
AGIQA-3K-full,sd1.5_highcorr_103,AGIQA-78a9d596c8e2,sd1.5,train,sd1.5_highcorr_103.jpg
AGIQA-3K-full,sd1.5_highcorr_104,AGIQA-3928f0e8749e,sd1.5,train,sd1.5_highcorr_104.jpg
AGIQA-3K-full,sd1.5_highcorr_105,AGIQA-2a821ca75a7f,sd1.5,train,sd1.5_highcorr_105.jpg
AGIQA-3K-full,sd1.5_highcorr_106,AGIQA-59dc946e81a2,sd1.5,train,sd1.5_highcorr_106.jpg
AGIQA-3K-full,sd1.5_highcorr_107,AGIQA-03c8e945e5e6,sd1.5,train,sd1.5_highcorr_107.jpg
AGIQA-3K-full,sd1.5_highcorr_108,AGIQA-644129240816,sd1.5,test,sd1.5_highcorr_108.jpg
AGIQA-3K-full,sd1.5_highcorr_109,AGIQA-ea81604fe371,sd1.5,train,sd1.5_highcorr_109.jpg
AGIQA-3K-full,sd1.5_highcorr_110,AGIQA-f43114d1ab3a,sd1.5,test,sd1.5_highcorr_110.jpg
AGIQA-3K-full,sd1.5_highcorr_111,AGIQA-eda6cf20fa3c,sd1.5,test,sd1.5_highcorr_111.jpg
AGIQA-3K-full,sd1.5_highcorr_112,AGIQA-59dcddbad987,sd1.5,train,sd1.5_highcorr_112.jpg
AGIQA-3K-full,sd1.5_highcorr_113,AGIQA-1796a3b42bb8,sd1.5,train,sd1.5_highcorr_113.jpg
AGIQA-3K-full,sd1.5_highcorr_114,AGIQA-a023778c0dea,sd1.5,test,sd1.5_highcorr_114.jpg
AGIQA-3K-full,sd1.5_highcorr_115,AGIQA-27a786146efe,sd1.5,test,sd1.5_highcorr_115.jpg
AGIQA-3K-full,sd1.5_highcorr_116,AGIQA-77e327fe685d,sd1.5,train,sd1.5_highcorr_116.jpg
AGIQA-3K-full,sd1.5_highcorr_117,AGIQA-3b493022153b,sd1.5,val,sd1.5_highcorr_117.jpg
AGIQA-3K-full,sd1.5_highcorr_118,AGIQA-5a56ef85786d,sd1.5,train,sd1.5_highcorr_118.jpg
AGIQA-3K-full,sd1.5_highcorr_119,AGIQA-9738ea13169e,sd1.5,train,sd1.5_highcorr_119.jpg
AGIQA-3K-full,sd1.5_highcorr_120,AGIQA-a17cac72240f,sd1.5,train,sd1.5_highcorr_120.jpg
AGIQA-3K-full,sd1.5_highcorr_121,AGIQA-4feb70c847f4,sd1.5,train,sd1.5_highcorr_121.jpg
AGIQA-3K-full,sd1.5_highcorr_122,AGIQA-be3331e07988,sd1.5,train,sd1.5_highcorr_122.jpg
AGIQA-3K-full,sd1.5_highcorr_123,AGIQA-d85820862dc4,sd1.5,train,sd1.5_highcorr_123.jpg
AGIQA-3K-full,sd1.5_highcorr_124,AGIQA-c63fdfc307d3,sd1.5,train,sd1.5_highcorr_124.jpg
AGIQA-3K-full,sd1.5_highcorr_125,AGIQA-e741bfb60d9b,sd1.5,train,sd1.5_highcorr_125.jpg
AGIQA-3K-full,sd1.5_highcorr_126,AGIQA-595b239959ca,sd1.5,train,sd1.5_highcorr_126.jpg
AGIQA-3K-full,sd1.5_highcorr_127,AGIQA-e1aaa6732d97,sd1.5,train,sd1.5_highcorr_127.jpg
AGIQA-3K-full,sd1.5_highcorr_128,AGIQA-7d9bd08d7a8f,sd1.5,train,sd1.5_highcorr_128.jpg
AGIQA-3K-full,sd1.5_highcorr_129,AGIQA-deadc33d802a,sd1.5,test,sd1.5_highcorr_129.jpg
AGIQA-3K-full,sd1.5_highcorr_130,AGIQA-7902e7eb768c,sd1.5,test,sd1.5_highcorr_130.jpg
AGIQA-3K-full,sd1.5_highcorr_131,AGIQA-f2bad7e493a9,sd1.5,train,sd1.5_highcorr_131.jpg
AGIQA-3K-full,sd1.5_highcorr_132,AGIQA-60ca7af68f09,sd1.5,train,sd1.5_highcorr_132.jpg
AGIQA-3K-full,sd1.5_highcorr_133,AGIQA-1fe09d7fece1,sd1.5,train,sd1.5_highcorr_133.jpg
AGIQA-3K-full,sd1.5_highcorr_134,AGIQA-b098ca961012,sd1.5,train,sd1.5_highcorr_134.jpg
AGIQA-3K-full,sd1.5_highcorr_135,AGIQA-32695c5aaca1,sd1.5,train,sd1.5_highcorr_135.jpg
AGIQA-3K-full,sd1.5_highcorr_136,AGIQA-791d9b65af34,sd1.5,val,sd1.5_highcorr_136.jpg
AGIQA-3K-full,sd1.5_highcorr_137,AGIQA-e18bbae5650c,sd1.5,train,sd1.5_highcorr_137.jpg
AGIQA-3K-full,sd1.5_highcorr_138,AGIQA-574b3b311b78,sd1.5,train,sd1.5_highcorr_138.jpg
AGIQA-3K-full,sd1.5_highcorr_139,AGIQA-acd72daab110,sd1.5,train,sd1.5_highcorr_139.jpg
AGIQA-3K-full,sd1.5_highcorr_140,AGIQA-0b211930e1ec,sd1.5,val,sd1.5_highcorr_140.jpg
AGIQA-3K-full,sd1.5_highcorr_141,AGIQA-e9592c752d9b,sd1.5,val,sd1.5_highcorr_141.jpg
AGIQA-3K-full,sd1.5_highcorr_142,AGIQA-e7cc1ec65d08,sd1.5,val,sd1.5_highcorr_142.jpg
AGIQA-3K-full,sd1.5_highcorr_143,AGIQA-b81f063b0196,sd1.5,train,sd1.5_highcorr_143.jpg
AGIQA-3K-full,sd1.5_highcorr_144,AGIQA-cae137e1ee63,sd1.5,train,sd1.5_highcorr_144.jpg
AGIQA-3K-full,sd1.5_highcorr_145,AGIQA-dde35eb2e0dc,sd1.5,train,sd1.5_highcorr_145.jpg
AGIQA-3K-full,sd1.5_highcorr_146,AGIQA-e669a8afc0c5,sd1.5,train,sd1.5_highcorr_146.jpg
AGIQA-3K-full,sd1.5_highcorr_147,AGIQA-65dcda74e31d,sd1.5,train,sd1.5_highcorr_147.jpg
AGIQA-3K-full,sd1.5_highcorr_148,AGIQA-e3e64e0b691a,sd1.5,train,sd1.5_highcorr_148.jpg
AGIQA-3K-full,sd1.5_highcorr_149,AGIQA-030bb6c4d0f5,sd1.5,train,sd1.5_highcorr_149.jpg
AGIQA-3K-full,sd1.5_highcorr_150,AGIQA-8aa1f30180ff,sd1.5,train,sd1.5_highcorr_150.jpg
AGIQA-3K-full,sd1.5_highcorr_151,AGIQA-486f4dfa9e30,sd1.5,train,sd1.5_highcorr_151.jpg
AGIQA-3K-full,sd1.5_highcorr_152,AGIQA-32c2b941b58b,sd1.5,val,sd1.5_highcorr_152.jpg
AGIQA-3K-full,sd1.5_highcorr_153,AGIQA-14a193611262,sd1.5,val,sd1.5_highcorr_153.jpg
AGIQA-3K-full,sd1.5_highcorr_154,AGIQA-dc46dc776f6b,sd1.5,train,sd1.5_highcorr_154.jpg
AGIQA-3K-full,sd1.5_highcorr_155,AGIQA-fbff6ac32dea,sd1.5,test,sd1.5_highcorr_155.jpg
AGIQA-3K-full,sd1.5_highcorr_156,AGIQA-72804a0e6e4a,sd1.5,train,sd1.5_highcorr_156.jpg
AGIQA-3K-full,sd1.5_highcorr_157,AGIQA-fecb9ae06c54,sd1.5,train,sd1.5_highcorr_157.jpg
AGIQA-3K-full,sd1.5_highcorr_158,AGIQA-e79ea28fe7cf,sd1.5,train,sd1.5_highcorr_158.jpg
AGIQA-3K-full,sd1.5_highcorr_159,AGIQA-d8761fa80171,sd1.5,train,sd1.5_highcorr_159.jpg
AGIQA-3K-full,sd1.5_highcorr_160,AGIQA-4901d63eed08,sd1.5,train,sd1.5_highcorr_160.jpg
AGIQA-3K-full,sd1.5_highcorr_161,AGIQA-472af7225929,sd1.5,val,sd1.5_highcorr_161.jpg
AGIQA-3K-full,sd1.5_highcorr_162,AGIQA-3a92ca053cc1,sd1.5,train,sd1.5_highcorr_162.jpg
AGIQA-3K-full,sd1.5_highcorr_163,AGIQA-bedd004ea063,sd1.5,train,sd1.5_highcorr_163.jpg
AGIQA-3K-full,sd1.5_highcorr_164,AGIQA-9ddef994f4d6,sd1.5,train,sd1.5_highcorr_164.jpg
AGIQA-3K-full,sd1.5_highcorr_165,AGIQA-45c2f3a4f7aa,sd1.5,train,sd1.5_highcorr_165.jpg
AGIQA-3K-full,sd1.5_highcorr_166,AGIQA-cf188c67a9b8,sd1.5,train,sd1.5_highcorr_166.jpg
AGIQA-3K-full,sd1.5_highcorr_167,AGIQA-5e7c64fdbc18,sd1.5,test,sd1.5_highcorr_167.jpg
AGIQA-3K-full,sd1.5_highcorr_168,AGIQA-b1da0547c2f4,sd1.5,train,sd1.5_highcorr_168.jpg
AGIQA-3K-full,sd1.5_highcorr_169,AGIQA-b5383b49e05b,sd1.5,test,sd1.5_highcorr_169.jpg
AGIQA-3K-full,sd1.5_highcorr_170,AGIQA-0de51307d9da,sd1.5,test,sd1.5_highcorr_170.jpg
AGIQA-3K-full,sd1.5_highcorr_171,AGIQA-2b1c5c5c141b,sd1.5,train,sd1.5_highcorr_171.jpg
AGIQA-3K-full,sd1.5_highcorr_172,AGIQA-2823adb86f2f,sd1.5,train,sd1.5_highcorr_172.jpg
AGIQA-3K-full,sd1.5_highcorr_173,AGIQA-1635df37570d,sd1.5,test,sd1.5_highcorr_173.jpg
AGIQA-3K-full,sd1.5_highcorr_174,AGIQA-ef9db73da947,sd1.5,train,sd1.5_highcorr_174.jpg
AGIQA-3K-full,sd1.5_highcorr_175,AGIQA-4ae23c11e1b3,sd1.5,train,sd1.5_highcorr_175.jpg
AGIQA-3K-full,sd1.5_highcorr_176,AGIQA-121c83e82f96,sd1.5,test,sd1.5_highcorr_176.jpg
AGIQA-3K-full,sd1.5_highcorr_177,AGIQA-e38538486536,sd1.5,train,sd1.5_highcorr_177.jpg
AGIQA-3K-full,sd1.5_highcorr_178,AGIQA-bd6e7cde02fc,sd1.5,train,sd1.5_highcorr_178.jpg
AGIQA-3K-full,sd1.5_highcorr_179,AGIQA-45e156b05235,sd1.5,train,sd1.5_highcorr_179.jpg
AGIQA-3K-full,sd1.5_highcorr_180,AGIQA-8fde933261c4,sd1.5,train,sd1.5_highcorr_180.jpg
AGIQA-3K-full,sd1.5_highcorr_181,AGIQA-94051c8456d6,sd1.5,train,sd1.5_highcorr_181.jpg
AGIQA-3K-full,sd1.5_highcorr_182,AGIQA-32d75345a5f5,sd1.5,test,sd1.5_highcorr_182.jpg
AGIQA-3K-full,sd1.5_highcorr_183,AGIQA-ef98e7e5c9ba,sd1.5,train,sd1.5_highcorr_183.jpg
AGIQA-3K-full,sd1.5_highcorr_184,AGIQA-893251c5ba76,sd1.5,train,sd1.5_highcorr_184.jpg
AGIQA-3K-full,sd1.5_highcorr_185,AGIQA-a69fb8b78eb9,sd1.5,train,sd1.5_highcorr_185.jpg
AGIQA-3K-full,sd1.5_highcorr_186,AGIQA-2317a680b698,sd1.5,train,sd1.5_highcorr_186.jpg
AGIQA-3K-full,sd1.5_highcorr_187,AGIQA-20d7672f1b9b,sd1.5,train,sd1.5_highcorr_187.jpg
AGIQA-3K-full,sd1.5_highcorr_188,AGIQA-fc61b5f30215,sd1.5,train,sd1.5_highcorr_188.jpg
AGIQA-3K-full,sd1.5_highcorr_189,AGIQA-15ab7cb9d98f,sd1.5,test,sd1.5_highcorr_189.jpg
AGIQA-3K-full,sd1.5_highcorr_190,AGIQA-c2e37db1ba32,sd1.5,train,sd1.5_highcorr_190.jpg
AGIQA-3K-full,sd1.5_highcorr_191,AGIQA-8f47e5ab4c6f,sd1.5,train,sd1.5_highcorr_191.jpg
AGIQA-3K-full,sd1.5_highcorr_192,AGIQA-31f795290c17,sd1.5,train,sd1.5_highcorr_192.jpg
AGIQA-3K-full,sd1.5_highcorr_193,AGIQA-461ba0767435,sd1.5,test,sd1.5_highcorr_193.jpg
AGIQA-3K-full,sd1.5_highcorr_194,AGIQA-9f8f853ca083,sd1.5,train,sd1.5_highcorr_194.jpg
AGIQA-3K-full,sd1.5_highcorr_195,AGIQA-34fe7242ad9a,sd1.5,test,sd1.5_highcorr_195.jpg
AGIQA-3K-full,sd1.5_highcorr_196,AGIQA-0d8602fb1aca,sd1.5,train,sd1.5_highcorr_196.jpg
AGIQA-3K-full,sd1.5_highcorr_197,AGIQA-9be3116418d1,sd1.5,val,sd1.5_highcorr_197.jpg
AGIQA-3K-full,sd1.5_highcorr_198,AGIQA-fe6c9142be68,sd1.5,train,sd1.5_highcorr_198.jpg
AGIQA-3K-full,sd1.5_highcorr_199,AGIQA-7fac06549c79,sd1.5,test,sd1.5_highcorr_199.jpg
AGIQA-3K-full,sd1.5_highcorr_200,AGIQA-d9baf8543c9b,sd1.5,train,sd1.5_highcorr_200.jpg
AGIQA-3K-full,sd1.5_highcorr_201,AGIQA-aaaac710f29b,sd1.5,val,sd1.5_highcorr_201.jpg
AGIQA-3K-full,sd1.5_highcorr_202,AGIQA-8726f694b7d2,sd1.5,train,sd1.5_highcorr_202.jpg
AGIQA-3K-full,sd1.5_highcorr_203,AGIQA-b4078d2138ed,sd1.5,train,sd1.5_highcorr_203.jpg
AGIQA-3K-full,sd1.5_highcorr_204,AGIQA-864aec596bd9,sd1.5,val,sd1.5_highcorr_204.jpg
AGIQA-3K-full,sd1.5_highcorr_205,AGIQA-7c651e36074f,sd1.5,test,sd1.5_highcorr_205.jpg
AGIQA-3K-full,sd1.5_highcorr_206,AGIQA-fb42182e75ed,sd1.5,test,sd1.5_highcorr_206.jpg
AGIQA-3K-full,sd1.5_highcorr_207,AGIQA-a973dd8fbe31,sd1.5,val,sd1.5_highcorr_207.jpg
AGIQA-3K-full,sd1.5_highcorr_208,AGIQA-845b79ffae4e,sd1.5,train,sd1.5_highcorr_208.jpg
AGIQA-3K-full,sd1.5_highcorr_209,AGIQA-b1790fdc33ea,sd1.5,train,sd1.5_highcorr_209.jpg
AGIQA-3K-full,sd1.5_highcorr_210,AGIQA-5e3045fb58ae,sd1.5,test,sd1.5_highcorr_210.jpg
AGIQA-3K-full,sd1.5_highcorr_211,AGIQA-54583bc9220c,sd1.5,test,sd1.5_highcorr_211.jpg
AGIQA-3K-full,sd1.5_highcorr_212,AGIQA-7c3be58f6483,sd1.5,train,sd1.5_highcorr_212.jpg
AGIQA-3K-full,sd1.5_highcorr_213,AGIQA-957509340f7c,sd1.5,test,sd1.5_highcorr_213.jpg
AGIQA-3K-full,sd1.5_highcorr_214,AGIQA-4e1e536bcea3,sd1.5,train,sd1.5_highcorr_214.jpg
AGIQA-3K-full,sd1.5_highcorr_215,AGIQA-9f5e9f552c1f,sd1.5,train,sd1.5_highcorr_215.jpg
AGIQA-3K-full,sd1.5_highcorr_216,AGIQA-d13d1e283f4a,sd1.5,train,sd1.5_highcorr_216.jpg
AGIQA-3K-full,sd1.5_highcorr_217,AGIQA-134b48baf98c,sd1.5,test,sd1.5_highcorr_217.jpg
AGIQA-3K-full,sd1.5_highcorr_218,AGIQA-7fd02b84fda4,sd1.5,train,sd1.5_highcorr_218.jpg
AGIQA-3K-full,sd1.5_highcorr_219,AGIQA-6c43873cc393,sd1.5,train,sd1.5_highcorr_219.jpg
AGIQA-3K-full,sd1.5_highcorr_220,AGIQA-6984fcb7131c,sd1.5,train,sd1.5_highcorr_220.jpg
AGIQA-3K-full,sd1.5_highcorr_221,AGIQA-5a96f6ee9f99,sd1.5,train,sd1.5_highcorr_221.jpg
AGIQA-3K-full,sd1.5_highcorr_222,AGIQA-cd76a0b6f05b,sd1.5,train,sd1.5_highcorr_222.jpg
AGIQA-3K-full,sd1.5_highcorr_223,AGIQA-a8b31dec1e08,sd1.5,test,sd1.5_highcorr_223.jpg
AGIQA-3K-full,sd1.5_highcorr_224,AGIQA-5ff95d19c989,sd1.5,train,sd1.5_highcorr_224.jpg
AGIQA-3K-full,sd1.5_highcorr_225,AGIQA-487a4d95b14e,sd1.5,train,sd1.5_highcorr_225.jpg
AGIQA-3K-full,sd1.5_highcorr_226,AGIQA-3f4b2678c41e,sd1.5,train,sd1.5_highcorr_226.jpg
AGIQA-3K-full,sd1.5_highcorr_227,AGIQA-4a6f7b7171c3,sd1.5,train,sd1.5_highcorr_227.jpg
AGIQA-3K-full,sd1.5_highcorr_228,AGIQA-7fbcbc5d2602,sd1.5,train,sd1.5_highcorr_228.jpg
AGIQA-3K-full,sd1.5_highcorr_229,AGIQA-e24d681d42fa,sd1.5,val,sd1.5_highcorr_229.jpg
AGIQA-3K-full,sd1.5_highcorr_230,AGIQA-241858497b40,sd1.5,train,sd1.5_highcorr_230.jpg
AGIQA-3K-full,sd1.5_highcorr_231,AGIQA-26f3387f29d6,sd1.5,train,sd1.5_highcorr_231.jpg
AGIQA-3K-full,sd1.5_highcorr_232,AGIQA-aa96d239cb01,sd1.5,test,sd1.5_highcorr_232.jpg
AGIQA-3K-full,sd1.5_highcorr_233,AGIQA-91018ec483b8,sd1.5,train,sd1.5_highcorr_233.jpg
AGIQA-3K-full,sd1.5_highcorr_234,AGIQA-72adf7554aff,sd1.5,train,sd1.5_highcorr_234.jpg
AGIQA-3K-full,sd1.5_highcorr_235,AGIQA-839d3f4d0d53,sd1.5,train,sd1.5_highcorr_235.jpg
AGIQA-3K-full,sd1.5_highcorr_236,AGIQA-5274466c7aca,sd1.5,train,sd1.5_highcorr_236.jpg
AGIQA-3K-full,sd1.5_highcorr_237,AGIQA-bc6103aabea5,sd1.5,train,sd1.5_highcorr_237.jpg
AGIQA-3K-full,sd1.5_highcorr_238,AGIQA-88225797d231,sd1.5,train,sd1.5_highcorr_238.jpg
AGIQA-3K-full,sd1.5_highcorr_239,AGIQA-3857fb86efc3,sd1.5,train,sd1.5_highcorr_239.jpg
AGIQA-3K-full,sd1.5_highcorr_240,AGIQA-d10db1886c8a,sd1.5,train,sd1.5_highcorr_240.jpg
AGIQA-3K-full,sd1.5_highcorr_241,AGIQA-fa91e9db53b1,sd1.5,test,sd1.5_highcorr_241.jpg
AGIQA-3K-full,sd1.5_highcorr_242,AGIQA-d42754ac4940,sd1.5,train,sd1.5_highcorr_242.jpg
AGIQA-3K-full,sd1.5_highcorr_243,AGIQA-88d44d2b19b7,sd1.5,train,sd1.5_highcorr_243.jpg
AGIQA-3K-full,sd1.5_highcorr_244,AGIQA-bc5561a2eb72,sd1.5,test,sd1.5_highcorr_244.jpg
AGIQA-3K-full,sd1.5_highcorr_245,AGIQA-da1aef0b6659,sd1.5,train,sd1.5_highcorr_245.jpg
AGIQA-3K-full,sd1.5_highcorr_246,AGIQA-187732966a3e,sd1.5,train,sd1.5_highcorr_246.jpg
AGIQA-3K-full,sd1.5_highcorr_247,AGIQA-aeeef558303e,sd1.5,train,sd1.5_highcorr_247.jpg
AGIQA-3K-full,sd1.5_highcorr_248,AGIQA-87561c35fad9,sd1.5,train,sd1.5_highcorr_248.jpg
AGIQA-3K-full,sd1.5_highcorr_249,AGIQA-a0b65ad08740,sd1.5,train,sd1.5_highcorr_249.jpg
AGIQA-3K-full,sd1.5_highcorr_250,AGIQA-825246a5adcd,sd1.5,train,sd1.5_highcorr_250.jpg
AGIQA-3K-full,sd1.5_highcorr_251,AGIQA-ee5f5afeb342,sd1.5,train,sd1.5_highcorr_251.jpg
AGIQA-3K-full,sd1.5_highcorr_252,AGIQA-8c1a38da7994,sd1.5,val,sd1.5_highcorr_252.jpg
AGIQA-3K-full,sd1.5_highcorr_253,AGIQA-b04d851afc73,sd1.5,train,sd1.5_highcorr_253.jpg
AGIQA-3K-full,sd1.5_highcorr_254,AGIQA-e1565d54217f,sd1.5,train,sd1.5_highcorr_254.jpg
AGIQA-3K-full,sd1.5_highcorr_255,AGIQA-9d4135098745,sd1.5,train,sd1.5_highcorr_255.jpg
AGIQA-3K-full,sd1.5_highcorr_256,AGIQA-d89e46130a96,sd1.5,train,sd1.5_highcorr_256.jpg
AGIQA-3K-full,sd1.5_highcorr_257,AGIQA-2d2bb0095437,sd1.5,train,sd1.5_highcorr_257.jpg
AGIQA-3K-full,sd1.5_highcorr_258,AGIQA-0f181149eb2a,sd1.5,test,sd1.5_highcorr_258.jpg
AGIQA-3K-full,sd1.5_highcorr_259,AGIQA-6d4fab56dcb7,sd1.5,train,sd1.5_highcorr_259.jpg
AGIQA-3K-full,sd1.5_highcorr_260,AGIQA-4fd99e98bfcc,sd1.5,test,sd1.5_highcorr_260.jpg
AGIQA-3K-full,sd1.5_highcorr_261,AGIQA-52db3e0e841b,sd1.5,train,sd1.5_highcorr_261.jpg
AGIQA-3K-full,sd1.5_highcorr_262,AGIQA-89e1b69268a9,sd1.5,test,sd1.5_highcorr_262.jpg
AGIQA-3K-full,sd1.5_highcorr_263,AGIQA-4234732c7ece,sd1.5,train,sd1.5_highcorr_263.jpg
AGIQA-3K-full,sd1.5_highcorr_264,AGIQA-60869db09321,sd1.5,test,sd1.5_highcorr_264.jpg
AGIQA-3K-full,sd1.5_highcorr_265,AGIQA-c832635dd360,sd1.5,val,sd1.5_highcorr_265.jpg
AGIQA-3K-full,sd1.5_highcorr_266,AGIQA-47f01f744d95,sd1.5,test,sd1.5_highcorr_266.jpg
AGIQA-3K-full,sd1.5_highcorr_267,AGIQA-48249fb46134,sd1.5,train,sd1.5_highcorr_267.jpg
AGIQA-3K-full,sd1.5_highcorr_268,AGIQA-4f5b8417ba27,sd1.5,test,sd1.5_highcorr_268.jpg
AGIQA-3K-full,sd1.5_highcorr_269,AGIQA-c0979fe5af15,sd1.5,train,sd1.5_highcorr_269.jpg
AGIQA-3K-full,sd1.5_highcorr_270,AGIQA-9f4df369c33d,sd1.5,test,sd1.5_highcorr_270.jpg
AGIQA-3K-full,sd1.5_highcorr_271,AGIQA-c501dfbf43d4,sd1.5,test,sd1.5_highcorr_271.jpg
AGIQA-3K-full,sd1.5_highcorr_272,AGIQA-c6ede13840bf,sd1.5,train,sd1.5_highcorr_272.jpg
AGIQA-3K-full,sd1.5_highcorr_273,AGIQA-eeca63819cae,sd1.5,train,sd1.5_highcorr_273.jpg
AGIQA-3K-full,sd1.5_highcorr_274,AGIQA-373eecf8fe79,sd1.5,val,sd1.5_highcorr_274.jpg
AGIQA-3K-full,sd1.5_highcorr_275,AGIQA-ec8970400b03,sd1.5,train,sd1.5_highcorr_275.jpg
AGIQA-3K-full,sd1.5_highcorr_276,AGIQA-700f85e93cd9,sd1.5,train,sd1.5_highcorr_276.jpg
AGIQA-3K-full,sd1.5_highcorr_277,AGIQA-285ccdf13939,sd1.5,val,sd1.5_highcorr_277.jpg
AGIQA-3K-full,sd1.5_highcorr_278,AGIQA-1cf041a27e5a,sd1.5,train,sd1.5_highcorr_278.jpg
AGIQA-3K-full,sd1.5_highcorr_279,AGIQA-c6c3a07b14f5,sd1.5,train,sd1.5_highcorr_279.jpg
AGIQA-3K-full,sd1.5_highcorr_280,AGIQA-a366638220c2,sd1.5,train,sd1.5_highcorr_280.jpg
AGIQA-3K-full,sd1.5_highcorr_281,AGIQA-9ca8817fa0d7,sd1.5,test,sd1.5_highcorr_281.jpg
AGIQA-3K-full,sd1.5_highcorr_282,AGIQA-f1e866c8ce87,sd1.5,train,sd1.5_highcorr_282.jpg
AGIQA-3K-full,sd1.5_highcorr_283,AGIQA-3ddae4e47c34,sd1.5,test,sd1.5_highcorr_283.jpg
AGIQA-3K-full,sd1.5_highcorr_284,AGIQA-514b19bebc24,sd1.5,train,sd1.5_highcorr_284.jpg
AGIQA-3K-full,sd1.5_highcorr_285,AGIQA-46145207aed7,sd1.5,train,sd1.5_highcorr_285.jpg
AGIQA-3K-full,sd1.5_highcorr_286,AGIQA-574bc6573ac1,sd1.5,train,sd1.5_highcorr_286.jpg
AGIQA-3K-full,sd1.5_highcorr_287,AGIQA-a506eb9141fd,sd1.5,train,sd1.5_highcorr_287.jpg
AGIQA-3K-full,sd1.5_highcorr_288,AGIQA-17d81fa16810,sd1.5,test,sd1.5_highcorr_288.jpg
AGIQA-3K-full,sd1.5_highcorr_289,AGIQA-fef3bc0ee319,sd1.5,train,sd1.5_highcorr_289.jpg
AGIQA-3K-full,sd1.5_highcorr_290,AGIQA-ce56cd7a084b,sd1.5,val,sd1.5_highcorr_290.jpg
AGIQA-3K-full,sd1.5_highcorr_291,AGIQA-5e81c05a2b19,sd1.5,train,sd1.5_highcorr_291.jpg
AGIQA-3K-full,sd1.5_highcorr_292,AGIQA-b93675144038,sd1.5,test,sd1.5_highcorr_292.jpg
AGIQA-3K-full,sd1.5_highcorr_293,AGIQA-a8aeedd21648,sd1.5,test,sd1.5_highcorr_293.jpg
AGIQA-3K-full,sd1.5_highcorr_294,AGIQA-73445cd4e31d,sd1.5,train,sd1.5_highcorr_294.jpg
AGIQA-3K-full,sd1.5_highcorr_295,AGIQA-d6cfbcb0b65b,sd1.5,val,sd1.5_highcorr_295.jpg
AGIQA-3K-full,sd1.5_highcorr_296,AGIQA-cda73163d4e7,sd1.5,train,sd1.5_highcorr_296.jpg
AGIQA-3K-full,sd1.5_highcorr_297,AGIQA-017d4ba8d955,sd1.5,train,sd1.5_highcorr_297.jpg
AGIQA-3K-full,sd1.5_highcorr_298,AGIQA-7e20efbb16ae,sd1.5,train,sd1.5_highcorr_298.jpg
AGIQA-3K-full,sd1.5_highcorr_299,AGIQA-53a40ffc7b8e,sd1.5,train,sd1.5_highcorr_299.jpg
AGIQA-3K-full,sd1.5_lowcorr_000,AGIQA-6450500ef537,sd1.5,train,sd1.5_lowcorr_000.jpg
AGIQA-3K-full,sd1.5_lowcorr_001,AGIQA-7a6a19473264,sd1.5,train,sd1.5_lowcorr_001.jpg
AGIQA-3K-full,sd1.5_lowcorr_002,AGIQA-e7cac214d6e9,sd1.5,train,sd1.5_lowcorr_002.jpg
AGIQA-3K-full,sd1.5_lowcorr_003,AGIQA-e9a8981cd29f,sd1.5,train,sd1.5_lowcorr_003.jpg
AGIQA-3K-full,sd1.5_lowcorr_004,AGIQA-483967d836ca,sd1.5,val,sd1.5_lowcorr_004.jpg
AGIQA-3K-full,sd1.5_lowcorr_005,AGIQA-e217ce39c73f,sd1.5,train,sd1.5_lowcorr_005.jpg
AGIQA-3K-full,sd1.5_lowcorr_006,AGIQA-eaf6e4c20ea4,sd1.5,test,sd1.5_lowcorr_006.jpg
AGIQA-3K-full,sd1.5_lowcorr_007,AGIQA-d7a1414ab859,sd1.5,train,sd1.5_lowcorr_007.jpg
AGIQA-3K-full,sd1.5_lowcorr_008,AGIQA-15be354bb96e,sd1.5,train,sd1.5_lowcorr_008.jpg
AGIQA-3K-full,sd1.5_lowcorr_009,AGIQA-9821efa7c5f4,sd1.5,test,sd1.5_lowcorr_009.jpg
AGIQA-3K-full,sd1.5_lowcorr_010,AGIQA-1140c78e0ae6,sd1.5,test,sd1.5_lowcorr_010.jpg
AGIQA-3K-full,sd1.5_lowcorr_011,AGIQA-5ef6165535cc,sd1.5,test,sd1.5_lowcorr_011.jpg
AGIQA-3K-full,sd1.5_lowcorr_012,AGIQA-e334be82922d,sd1.5,train,sd1.5_lowcorr_012.jpg
AGIQA-3K-full,sd1.5_lowcorr_013,AGIQA-a1025dda6741,sd1.5,test,sd1.5_lowcorr_013.jpg
AGIQA-3K-full,sd1.5_lowcorr_014,AGIQA-5157585510fa,sd1.5,test,sd1.5_lowcorr_014.jpg
AGIQA-3K-full,sd1.5_lowcorr_015,AGIQA-a140832780f0,sd1.5,val,sd1.5_lowcorr_015.jpg
AGIQA-3K-full,sd1.5_lowcorr_016,AGIQA-29db9d3c3030,sd1.5,test,sd1.5_lowcorr_016.jpg
AGIQA-3K-full,sd1.5_lowcorr_017,AGIQA-735ffd33c35d,sd1.5,train,sd1.5_lowcorr_017.jpg
AGIQA-3K-full,sd1.5_lowcorr_018,AGIQA-3fbe71b5e645,sd1.5,test,sd1.5_lowcorr_018.jpg
AGIQA-3K-full,sd1.5_lowcorr_019,AGIQA-24062dcfadad,sd1.5,train,sd1.5_lowcorr_019.jpg
AGIQA-3K-full,sd1.5_lowcorr_020,AGIQA-9eeb9b8e3f8e,sd1.5,test,sd1.5_lowcorr_020.jpg
AGIQA-3K-full,sd1.5_lowcorr_021,AGIQA-1371abf2f93d,sd1.5,test,sd1.5_lowcorr_021.jpg
AGIQA-3K-full,sd1.5_lowcorr_022,AGIQA-6c6164597781,sd1.5,test,sd1.5_lowcorr_022.jpg
AGIQA-3K-full,sd1.5_lowcorr_023,AGIQA-0af5d168f24a,sd1.5,train,sd1.5_lowcorr_023.jpg
AGIQA-3K-full,sd1.5_lowcorr_024,AGIQA-889cbd060604,sd1.5,train,sd1.5_lowcorr_024.jpg
AGIQA-3K-full,sd1.5_lowcorr_025,AGIQA-30e86978cc84,sd1.5,test,sd1.5_lowcorr_025.jpg
AGIQA-3K-full,sd1.5_lowcorr_026,AGIQA-345eec9dd421,sd1.5,test,sd1.5_lowcorr_026.jpg
AGIQA-3K-full,sd1.5_lowcorr_027,AGIQA-37dfb2ab2ae5,sd1.5,test,sd1.5_lowcorr_027.jpg
AGIQA-3K-full,sd1.5_lowcorr_028,AGIQA-1bff9303dbad,sd1.5,train,sd1.5_lowcorr_028.jpg
AGIQA-3K-full,sd1.5_lowcorr_029,AGIQA-a6ab88e8fd89,sd1.5,train,sd1.5_lowcorr_029.jpg
AGIQA-3K-full,sd1.5_lowcorr_030,AGIQA-d2336a69fe20,sd1.5,train,sd1.5_lowcorr_030.jpg
AGIQA-3K-full,sd1.5_lowcorr_031,AGIQA-8a1982e9c4e2,sd1.5,val,sd1.5_lowcorr_031.jpg
AGIQA-3K-full,sd1.5_lowcorr_032,AGIQA-c8866246ba2d,sd1.5,test,sd1.5_lowcorr_032.jpg
AGIQA-3K-full,sd1.5_lowcorr_033,AGIQA-f587e366ca8f,sd1.5,train,sd1.5_lowcorr_033.jpg
AGIQA-3K-full,sd1.5_lowcorr_034,AGIQA-d91a18f3f62c,sd1.5,train,sd1.5_lowcorr_034.jpg
AGIQA-3K-full,sd1.5_lowcorr_035,AGIQA-a408155fcc7c,sd1.5,train,sd1.5_lowcorr_035.jpg
AGIQA-3K-full,sd1.5_lowcorr_036,AGIQA-a8e2e7bf98bc,sd1.5,train,sd1.5_lowcorr_036.jpg
AGIQA-3K-full,sd1.5_lowcorr_037,AGIQA-2ff96029d612,sd1.5,train,sd1.5_lowcorr_037.jpg
AGIQA-3K-full,sd1.5_lowcorr_038,AGIQA-699c069d0958,sd1.5,train,sd1.5_lowcorr_038.jpg
AGIQA-3K-full,sd1.5_lowcorr_039,AGIQA-bb9a47ae293e,sd1.5,train,sd1.5_lowcorr_039.jpg
AGIQA-3K-full,sd1.5_lowcorr_040,AGIQA-1bdd03baf926,sd1.5,train,sd1.5_lowcorr_040.jpg
AGIQA-3K-full,sd1.5_lowcorr_041,AGIQA-b5139fecf4ac,sd1.5,test,sd1.5_lowcorr_041.jpg
AGIQA-3K-full,sd1.5_lowcorr_042,AGIQA-b93c19ff75f8,sd1.5,train,sd1.5_lowcorr_042.jpg
AGIQA-3K-full,sd1.5_lowcorr_043,AGIQA-aeb19603c48e,sd1.5,train,sd1.5_lowcorr_043.jpg
AGIQA-3K-full,sd1.5_lowcorr_044,AGIQA-02bef5c360e8,sd1.5,train,sd1.5_lowcorr_044.jpg
AGIQA-3K-full,sd1.5_lowcorr_045,AGIQA-352213e9322c,sd1.5,train,sd1.5_lowcorr_045.jpg
AGIQA-3K-full,sd1.5_lowcorr_046,AGIQA-3d5b4a0897ba,sd1.5,train,sd1.5_lowcorr_046.jpg
AGIQA-3K-full,sd1.5_lowcorr_047,AGIQA-02d4f0376aa1,sd1.5,test,sd1.5_lowcorr_047.jpg
AGIQA-3K-full,sd1.5_lowcorr_048,AGIQA-cba821e04d7f,sd1.5,val,sd1.5_lowcorr_048.jpg
AGIQA-3K-full,sd1.5_lowcorr_049,AGIQA-2156f8055773,sd1.5,train,sd1.5_lowcorr_049.jpg
AGIQA-3K-full,sd1.5_lowcorr_050,AGIQA-15a87eed536a,sd1.5,train,sd1.5_lowcorr_050.jpg
AGIQA-3K-full,sd1.5_lowcorr_051,AGIQA-bc7e65d64dc1,sd1.5,train,sd1.5_lowcorr_051.jpg
AGIQA-3K-full,sd1.5_lowcorr_052,AGIQA-b2ca21ea25ce,sd1.5,train,sd1.5_lowcorr_052.jpg
AGIQA-3K-full,sd1.5_lowcorr_053,AGIQA-305317b84702,sd1.5,test,sd1.5_lowcorr_053.jpg
AGIQA-3K-full,sd1.5_lowcorr_054,AGIQA-94c6cce5b494,sd1.5,test,sd1.5_lowcorr_054.jpg
AGIQA-3K-full,sd1.5_lowcorr_055,AGIQA-270ab27b4cc3,sd1.5,test,sd1.5_lowcorr_055.jpg
AGIQA-3K-full,sd1.5_lowcorr_056,AGIQA-ee79cf3a1533,sd1.5,train,sd1.5_lowcorr_056.jpg
AGIQA-3K-full,sd1.5_lowcorr_057,AGIQA-3e01a171ef14,sd1.5,train,sd1.5_lowcorr_057.jpg
AGIQA-3K-full,sd1.5_lowcorr_058,AGIQA-7a4d12587948,sd1.5,train,sd1.5_lowcorr_058.jpg
AGIQA-3K-full,sd1.5_lowcorr_059,AGIQA-93fc7fc78148,sd1.5,test,sd1.5_lowcorr_059.jpg
AGIQA-3K-full,sd1.5_lowcorr_060,AGIQA-b3af04d6b4f7,sd1.5,train,sd1.5_lowcorr_060.jpg
AGIQA-3K-full,sd1.5_lowcorr_061,AGIQA-3afb49bd87b2,sd1.5,test,sd1.5_lowcorr_061.jpg
AGIQA-3K-full,sd1.5_lowcorr_062,AGIQA-4bd827546f3c,sd1.5,train,sd1.5_lowcorr_062.jpg
AGIQA-3K-full,sd1.5_lowcorr_063,AGIQA-4bfc1ce9717d,sd1.5,test,sd1.5_lowcorr_063.jpg
AGIQA-3K-full,sd1.5_lowcorr_064,AGIQA-0a62a7327a97,sd1.5,train,sd1.5_lowcorr_064.jpg
AGIQA-3K-full,sd1.5_lowcorr_065,AGIQA-1884d73ea603,sd1.5,train,sd1.5_lowcorr_065.jpg
AGIQA-3K-full,sd1.5_lowcorr_066,AGIQA-4d874861883d,sd1.5,train,sd1.5_lowcorr_066.jpg
AGIQA-3K-full,sd1.5_lowcorr_067,AGIQA-36c7ff486bf4,sd1.5,train,sd1.5_lowcorr_067.jpg
AGIQA-3K-full,sd1.5_lowcorr_068,AGIQA-219765781124,sd1.5,train,sd1.5_lowcorr_068.jpg
AGIQA-3K-full,sd1.5_lowcorr_069,AGIQA-f2c705d91de0,sd1.5,train,sd1.5_lowcorr_069.jpg
AGIQA-3K-full,sd1.5_lowcorr_070,AGIQA-7a34b7800c8c,sd1.5,train,sd1.5_lowcorr_070.jpg
AGIQA-3K-full,sd1.5_lowcorr_071,AGIQA-26e9b65319ac,sd1.5,train,sd1.5_lowcorr_071.jpg
AGIQA-3K-full,sd1.5_lowcorr_072,AGIQA-83501ba9c92d,sd1.5,train,sd1.5_lowcorr_072.jpg
AGIQA-3K-full,sd1.5_lowcorr_073,AGIQA-39896a46302d,sd1.5,train,sd1.5_lowcorr_073.jpg
AGIQA-3K-full,sd1.5_lowcorr_074,AGIQA-5da8e22af7e1,sd1.5,test,sd1.5_lowcorr_074.jpg
AGIQA-3K-full,sd1.5_lowcorr_075,AGIQA-e9d4dffbb822,sd1.5,train,sd1.5_lowcorr_075.jpg
AGIQA-3K-full,sd1.5_lowcorr_076,AGIQA-afb2cac1ef8f,sd1.5,train,sd1.5_lowcorr_076.jpg
AGIQA-3K-full,sd1.5_lowcorr_077,AGIQA-b363c8123684,sd1.5,train,sd1.5_lowcorr_077.jpg
AGIQA-3K-full,sd1.5_lowcorr_078,AGIQA-b46354dc17d7,sd1.5,train,sd1.5_lowcorr_078.jpg
AGIQA-3K-full,sd1.5_lowcorr_079,AGIQA-54f1d577611b,sd1.5,train,sd1.5_lowcorr_079.jpg
AGIQA-3K-full,sd1.5_lowcorr_080,AGIQA-62039ebf9238,sd1.5,val,sd1.5_lowcorr_080.jpg
AGIQA-3K-full,sd1.5_lowcorr_081,AGIQA-d3def83b5966,sd1.5,train,sd1.5_lowcorr_081.jpg
AGIQA-3K-full,sd1.5_lowcorr_082,AGIQA-cf265de7c37e,sd1.5,train,sd1.5_lowcorr_082.jpg
AGIQA-3K-full,sd1.5_lowcorr_083,AGIQA-2a787fbb8c5d,sd1.5,train,sd1.5_lowcorr_083.jpg
AGIQA-3K-full,sd1.5_lowcorr_084,AGIQA-74f4e06b1a42,sd1.5,train,sd1.5_lowcorr_084.jpg
AGIQA-3K-full,sd1.5_lowcorr_085,AGIQA-2abccfad8fc0,sd1.5,test,sd1.5_lowcorr_085.jpg
AGIQA-3K-full,sd1.5_lowcorr_086,AGIQA-1747f1a2a6af,sd1.5,train,sd1.5_lowcorr_086.jpg
AGIQA-3K-full,sd1.5_lowcorr_087,AGIQA-7ebd987a0c9d,sd1.5,train,sd1.5_lowcorr_087.jpg
AGIQA-3K-full,sd1.5_lowcorr_088,AGIQA-e34e3aaae310,sd1.5,test,sd1.5_lowcorr_088.jpg
AGIQA-3K-full,sd1.5_lowcorr_089,AGIQA-816e47e299de,sd1.5,test,sd1.5_lowcorr_089.jpg
AGIQA-3K-full,sd1.5_lowcorr_090,AGIQA-1197c8ae3ee4,sd1.5,val,sd1.5_lowcorr_090.jpg
AGIQA-3K-full,sd1.5_lowcorr_091,AGIQA-feb2058c681e,sd1.5,train,sd1.5_lowcorr_091.jpg
AGIQA-3K-full,sd1.5_lowcorr_092,AGIQA-c71137b2c51a,sd1.5,train,sd1.5_lowcorr_092.jpg
AGIQA-3K-full,sd1.5_lowcorr_093,AGIQA-ee97a207c282,sd1.5,train,sd1.5_lowcorr_093.jpg
AGIQA-3K-full,sd1.5_lowcorr_094,AGIQA-7f624ef10c68,sd1.5,train,sd1.5_lowcorr_094.jpg
AGIQA-3K-full,sd1.5_lowcorr_095,AGIQA-7b69fd0727e0,sd1.5,test,sd1.5_lowcorr_095.jpg
AGIQA-3K-full,sd1.5_lowcorr_096,AGIQA-2c5ac90ad3a2,sd1.5,test,sd1.5_lowcorr_096.jpg
AGIQA-3K-full,sd1.5_lowcorr_097,AGIQA-014fd2ea1608,sd1.5,train,sd1.5_lowcorr_097.jpg
AGIQA-3K-full,sd1.5_lowcorr_098,AGIQA-b54a8612f6ee,sd1.5,train,sd1.5_lowcorr_098.jpg
AGIQA-3K-full,sd1.5_lowcorr_099,AGIQA-f235fa2da3be,sd1.5,test,sd1.5_lowcorr_099.jpg
AGIQA-3K-full,sd1.5_lowcorr_100,AGIQA-abc1c7e34703,sd1.5,train,sd1.5_lowcorr_100.jpg
AGIQA-3K-full,sd1.5_lowcorr_101,AGIQA-0c9dbafc59fd,sd1.5,train,sd1.5_lowcorr_101.jpg
AGIQA-3K-full,sd1.5_lowcorr_102,AGIQA-b81bc55a8c04,sd1.5,test,sd1.5_lowcorr_102.jpg
AGIQA-3K-full,sd1.5_lowcorr_103,AGIQA-78a9d596c8e2,sd1.5,train,sd1.5_lowcorr_103.jpg
AGIQA-3K-full,sd1.5_lowcorr_104,AGIQA-3928f0e8749e,sd1.5,train,sd1.5_lowcorr_104.jpg
AGIQA-3K-full,sd1.5_lowcorr_105,AGIQA-2a821ca75a7f,sd1.5,train,sd1.5_lowcorr_105.jpg
AGIQA-3K-full,sd1.5_lowcorr_106,AGIQA-59dc946e81a2,sd1.5,train,sd1.5_lowcorr_106.jpg
AGIQA-3K-full,sd1.5_lowcorr_107,AGIQA-03c8e945e5e6,sd1.5,train,sd1.5_lowcorr_107.jpg
AGIQA-3K-full,sd1.5_lowcorr_108,AGIQA-644129240816,sd1.5,test,sd1.5_lowcorr_108.jpg
AGIQA-3K-full,sd1.5_lowcorr_109,AGIQA-ea81604fe371,sd1.5,train,sd1.5_lowcorr_109.jpg
AGIQA-3K-full,sd1.5_lowcorr_110,AGIQA-f43114d1ab3a,sd1.5,test,sd1.5_lowcorr_110.jpg
AGIQA-3K-full,sd1.5_lowcorr_111,AGIQA-eda6cf20fa3c,sd1.5,test,sd1.5_lowcorr_111.jpg
AGIQA-3K-full,sd1.5_lowcorr_112,AGIQA-59dcddbad987,sd1.5,train,sd1.5_lowcorr_112.jpg
AGIQA-3K-full,sd1.5_lowcorr_113,AGIQA-1796a3b42bb8,sd1.5,train,sd1.5_lowcorr_113.jpg
AGIQA-3K-full,sd1.5_lowcorr_114,AGIQA-a023778c0dea,sd1.5,test,sd1.5_lowcorr_114.jpg
AGIQA-3K-full,sd1.5_lowcorr_115,AGIQA-27a786146efe,sd1.5,test,sd1.5_lowcorr_115.jpg
AGIQA-3K-full,sd1.5_lowcorr_116,AGIQA-77e327fe685d,sd1.5,train,sd1.5_lowcorr_116.jpg
AGIQA-3K-full,sd1.5_lowcorr_117,AGIQA-3b493022153b,sd1.5,val,sd1.5_lowcorr_117.jpg
AGIQA-3K-full,sd1.5_lowcorr_118,AGIQA-5a56ef85786d,sd1.5,train,sd1.5_lowcorr_118.jpg
AGIQA-3K-full,sd1.5_lowcorr_119,AGIQA-9738ea13169e,sd1.5,train,sd1.5_lowcorr_119.jpg
AGIQA-3K-full,sd1.5_lowcorr_120,AGIQA-a17cac72240f,sd1.5,train,sd1.5_lowcorr_120.jpg
AGIQA-3K-full,sd1.5_lowcorr_121,AGIQA-4feb70c847f4,sd1.5,train,sd1.5_lowcorr_121.jpg
AGIQA-3K-full,sd1.5_lowcorr_122,AGIQA-be3331e07988,sd1.5,train,sd1.5_lowcorr_122.jpg
AGIQA-3K-full,sd1.5_lowcorr_123,AGIQA-d85820862dc4,sd1.5,train,sd1.5_lowcorr_123.jpg
AGIQA-3K-full,sd1.5_lowcorr_124,AGIQA-c63fdfc307d3,sd1.5,train,sd1.5_lowcorr_124.jpg
AGIQA-3K-full,sd1.5_lowcorr_125,AGIQA-e741bfb60d9b,sd1.5,train,sd1.5_lowcorr_125.jpg
AGIQA-3K-full,sd1.5_lowcorr_126,AGIQA-595b239959ca,sd1.5,train,sd1.5_lowcorr_126.jpg
AGIQA-3K-full,sd1.5_lowcorr_127,AGIQA-e1aaa6732d97,sd1.5,train,sd1.5_lowcorr_127.jpg
AGIQA-3K-full,sd1.5_lowcorr_128,AGIQA-7d9bd08d7a8f,sd1.5,train,sd1.5_lowcorr_128.jpg
AGIQA-3K-full,sd1.5_lowcorr_129,AGIQA-deadc33d802a,sd1.5,test,sd1.5_lowcorr_129.jpg
AGIQA-3K-full,sd1.5_lowcorr_130,AGIQA-7902e7eb768c,sd1.5,test,sd1.5_lowcorr_130.jpg
AGIQA-3K-full,sd1.5_lowcorr_131,AGIQA-f2bad7e493a9,sd1.5,train,sd1.5_lowcorr_131.jpg
AGIQA-3K-full,sd1.5_lowcorr_132,AGIQA-60ca7af68f09,sd1.5,train,sd1.5_lowcorr_132.jpg
AGIQA-3K-full,sd1.5_lowcorr_133,AGIQA-1fe09d7fece1,sd1.5,train,sd1.5_lowcorr_133.jpg
AGIQA-3K-full,sd1.5_lowcorr_134,AGIQA-b098ca961012,sd1.5,train,sd1.5_lowcorr_134.jpg
AGIQA-3K-full,sd1.5_lowcorr_135,AGIQA-32695c5aaca1,sd1.5,train,sd1.5_lowcorr_135.jpg
AGIQA-3K-full,sd1.5_lowcorr_136,AGIQA-791d9b65af34,sd1.5,val,sd1.5_lowcorr_136.jpg
AGIQA-3K-full,sd1.5_lowcorr_137,AGIQA-e18bbae5650c,sd1.5,train,sd1.5_lowcorr_137.jpg
AGIQA-3K-full,sd1.5_lowcorr_138,AGIQA-574b3b311b78,sd1.5,train,sd1.5_lowcorr_138.jpg
AGIQA-3K-full,sd1.5_lowcorr_139,AGIQA-acd72daab110,sd1.5,train,sd1.5_lowcorr_139.jpg
AGIQA-3K-full,sd1.5_lowcorr_140,AGIQA-0b211930e1ec,sd1.5,val,sd1.5_lowcorr_140.jpg
AGIQA-3K-full,sd1.5_lowcorr_141,AGIQA-e9592c752d9b,sd1.5,val,sd1.5_lowcorr_141.jpg
AGIQA-3K-full,sd1.5_lowcorr_142,AGIQA-e7cc1ec65d08,sd1.5,val,sd1.5_lowcorr_142.jpg
AGIQA-3K-full,sd1.5_lowcorr_143,AGIQA-b81f063b0196,sd1.5,train,sd1.5_lowcorr_143.jpg
AGIQA-3K-full,sd1.5_lowcorr_144,AGIQA-cae137e1ee63,sd1.5,train,sd1.5_lowcorr_144.jpg
AGIQA-3K-full,sd1.5_lowcorr_145,AGIQA-dde35eb2e0dc,sd1.5,train,sd1.5_lowcorr_145.jpg
AGIQA-3K-full,sd1.5_lowcorr_146,AGIQA-e669a8afc0c5,sd1.5,train,sd1.5_lowcorr_146.jpg
AGIQA-3K-full,sd1.5_lowcorr_147,AGIQA-65dcda74e31d,sd1.5,train,sd1.5_lowcorr_147.jpg
AGIQA-3K-full,sd1.5_lowcorr_148,AGIQA-e3e64e0b691a,sd1.5,train,sd1.5_lowcorr_148.jpg
AGIQA-3K-full,sd1.5_lowcorr_149,AGIQA-030bb6c4d0f5,sd1.5,train,sd1.5_lowcorr_149.jpg
AGIQA-3K-full,sd1.5_lowcorr_150,AGIQA-8aa1f30180ff,sd1.5,train,sd1.5_lowcorr_150.jpg
AGIQA-3K-full,sd1.5_lowcorr_151,AGIQA-486f4dfa9e30,sd1.5,train,sd1.5_lowcorr_151.jpg
AGIQA-3K-full,sd1.5_lowcorr_152,AGIQA-32c2b941b58b,sd1.5,val,sd1.5_lowcorr_152.jpg
AGIQA-3K-full,sd1.5_lowcorr_153,AGIQA-14a193611262,sd1.5,val,sd1.5_lowcorr_153.jpg
AGIQA-3K-full,sd1.5_lowcorr_154,AGIQA-dc46dc776f6b,sd1.5,train,sd1.5_lowcorr_154.jpg
AGIQA-3K-full,sd1.5_lowcorr_155,AGIQA-fbff6ac32dea,sd1.5,test,sd1.5_lowcorr_155.jpg
AGIQA-3K-full,sd1.5_lowcorr_156,AGIQA-72804a0e6e4a,sd1.5,train,sd1.5_lowcorr_156.jpg
AGIQA-3K-full,sd1.5_lowcorr_157,AGIQA-fecb9ae06c54,sd1.5,train,sd1.5_lowcorr_157.jpg
AGIQA-3K-full,sd1.5_lowcorr_158,AGIQA-e79ea28fe7cf,sd1.5,train,sd1.5_lowcorr_158.jpg
AGIQA-3K-full,sd1.5_lowcorr_159,AGIQA-d8761fa80171,sd1.5,train,sd1.5_lowcorr_159.jpg
AGIQA-3K-full,sd1.5_lowcorr_160,AGIQA-4901d63eed08,sd1.5,train,sd1.5_lowcorr_160.jpg
AGIQA-3K-full,sd1.5_lowcorr_161,AGIQA-472af7225929,sd1.5,val,sd1.5_lowcorr_161.jpg
AGIQA-3K-full,sd1.5_lowcorr_162,AGIQA-3a92ca053cc1,sd1.5,train,sd1.5_lowcorr_162.jpg
AGIQA-3K-full,sd1.5_lowcorr_163,AGIQA-bedd004ea063,sd1.5,train,sd1.5_lowcorr_163.jpg
AGIQA-3K-full,sd1.5_lowcorr_164,AGIQA-9ddef994f4d6,sd1.5,train,sd1.5_lowcorr_164.jpg
AGIQA-3K-full,sd1.5_lowcorr_165,AGIQA-45c2f3a4f7aa,sd1.5,train,sd1.5_lowcorr_165.jpg
AGIQA-3K-full,sd1.5_lowcorr_166,AGIQA-cf188c67a9b8,sd1.5,train,sd1.5_lowcorr_166.jpg
AGIQA-3K-full,sd1.5_lowcorr_167,AGIQA-5e7c64fdbc18,sd1.5,test,sd1.5_lowcorr_167.jpg
AGIQA-3K-full,sd1.5_lowcorr_168,AGIQA-b1da0547c2f4,sd1.5,train,sd1.5_lowcorr_168.jpg
AGIQA-3K-full,sd1.5_lowcorr_169,AGIQA-b5383b49e05b,sd1.5,test,sd1.5_lowcorr_169.jpg
AGIQA-3K-full,sd1.5_lowcorr_170,AGIQA-0de51307d9da,sd1.5,test,sd1.5_lowcorr_170.jpg
AGIQA-3K-full,sd1.5_lowcorr_171,AGIQA-2b1c5c5c141b,sd1.5,train,sd1.5_lowcorr_171.jpg
AGIQA-3K-full,sd1.5_lowcorr_172,AGIQA-2823adb86f2f,sd1.5,train,sd1.5_lowcorr_172.jpg
AGIQA-3K-full,sd1.5_lowcorr_173,AGIQA-1635df37570d,sd1.5,test,sd1.5_lowcorr_173.jpg
AGIQA-3K-full,sd1.5_lowcorr_174,AGIQA-ef9db73da947,sd1.5,train,sd1.5_lowcorr_174.jpg
AGIQA-3K-full,sd1.5_lowcorr_175,AGIQA-4ae23c11e1b3,sd1.5,train,sd1.5_lowcorr_175.jpg
AGIQA-3K-full,sd1.5_lowcorr_176,AGIQA-121c83e82f96,sd1.5,test,sd1.5_lowcorr_176.jpg
AGIQA-3K-full,sd1.5_lowcorr_177,AGIQA-e38538486536,sd1.5,train,sd1.5_lowcorr_177.jpg
AGIQA-3K-full,sd1.5_lowcorr_178,AGIQA-bd6e7cde02fc,sd1.5,train,sd1.5_lowcorr_178.jpg
AGIQA-3K-full,sd1.5_lowcorr_179,AGIQA-45e156b05235,sd1.5,train,sd1.5_lowcorr_179.jpg
AGIQA-3K-full,sd1.5_lowcorr_180,AGIQA-8fde933261c4,sd1.5,train,sd1.5_lowcorr_180.jpg
AGIQA-3K-full,sd1.5_lowcorr_181,AGIQA-94051c8456d6,sd1.5,train,sd1.5_lowcorr_181.jpg
AGIQA-3K-full,sd1.5_lowcorr_182,AGIQA-32d75345a5f5,sd1.5,test,sd1.5_lowcorr_182.jpg
AGIQA-3K-full,sd1.5_lowcorr_183,AGIQA-ef98e7e5c9ba,sd1.5,train,sd1.5_lowcorr_183.jpg
AGIQA-3K-full,sd1.5_lowcorr_184,AGIQA-893251c5ba76,sd1.5,train,sd1.5_lowcorr_184.jpg
AGIQA-3K-full,sd1.5_lowcorr_185,AGIQA-a69fb8b78eb9,sd1.5,train,sd1.5_lowcorr_185.jpg
AGIQA-3K-full,sd1.5_lowcorr_186,AGIQA-2317a680b698,sd1.5,train,sd1.5_lowcorr_186.jpg
AGIQA-3K-full,sd1.5_lowcorr_187,AGIQA-20d7672f1b9b,sd1.5,train,sd1.5_lowcorr_187.jpg
AGIQA-3K-full,sd1.5_lowcorr_188,AGIQA-fc61b5f30215,sd1.5,train,sd1.5_lowcorr_188.jpg
AGIQA-3K-full,sd1.5_lowcorr_189,AGIQA-15ab7cb9d98f,sd1.5,test,sd1.5_lowcorr_189.jpg
AGIQA-3K-full,sd1.5_lowcorr_190,AGIQA-c2e37db1ba32,sd1.5,train,sd1.5_lowcorr_190.jpg
AGIQA-3K-full,sd1.5_lowcorr_191,AGIQA-8f47e5ab4c6f,sd1.5,train,sd1.5_lowcorr_191.jpg
AGIQA-3K-full,sd1.5_lowcorr_192,AGIQA-31f795290c17,sd1.5,train,sd1.5_lowcorr_192.jpg
AGIQA-3K-full,sd1.5_lowcorr_193,AGIQA-461ba0767435,sd1.5,test,sd1.5_lowcorr_193.jpg
AGIQA-3K-full,sd1.5_lowcorr_194,AGIQA-9f8f853ca083,sd1.5,train,sd1.5_lowcorr_194.jpg
AGIQA-3K-full,sd1.5_lowcorr_195,AGIQA-34fe7242ad9a,sd1.5,test,sd1.5_lowcorr_195.jpg
AGIQA-3K-full,sd1.5_lowcorr_196,AGIQA-0d8602fb1aca,sd1.5,train,sd1.5_lowcorr_196.jpg
AGIQA-3K-full,sd1.5_lowcorr_197,AGIQA-9be3116418d1,sd1.5,val,sd1.5_lowcorr_197.jpg
AGIQA-3K-full,sd1.5_lowcorr_198,AGIQA-fe6c9142be68,sd1.5,train,sd1.5_lowcorr_198.jpg
AGIQA-3K-full,sd1.5_lowcorr_199,AGIQA-7fac06549c79,sd1.5,test,sd1.5_lowcorr_199.jpg
AGIQA-3K-full,sd1.5_lowcorr_200,AGIQA-d9baf8543c9b,sd1.5,train,sd1.5_lowcorr_200.jpg
AGIQA-3K-full,sd1.5_lowcorr_201,AGIQA-aaaac710f29b,sd1.5,val,sd1.5_lowcorr_201.jpg
AGIQA-3K-full,sd1.5_lowcorr_202,AGIQA-8726f694b7d2,sd1.5,train,sd1.5_lowcorr_202.jpg
AGIQA-3K-full,sd1.5_lowcorr_203,AGIQA-b4078d2138ed,sd1.5,train,sd1.5_lowcorr_203.jpg
AGIQA-3K-full,sd1.5_lowcorr_204,AGIQA-864aec596bd9,sd1.5,val,sd1.5_lowcorr_204.jpg
AGIQA-3K-full,sd1.5_lowcorr_205,AGIQA-7c651e36074f,sd1.5,test,sd1.5_lowcorr_205.jpg
AGIQA-3K-full,sd1.5_lowcorr_206,AGIQA-fb42182e75ed,sd1.5,test,sd1.5_lowcorr_206.jpg
AGIQA-3K-full,sd1.5_lowcorr_207,AGIQA-a973dd8fbe31,sd1.5,val,sd1.5_lowcorr_207.jpg
AGIQA-3K-full,sd1.5_lowcorr_208,AGIQA-845b79ffae4e,sd1.5,train,sd1.5_lowcorr_208.jpg
AGIQA-3K-full,sd1.5_lowcorr_209,AGIQA-b1790fdc33ea,sd1.5,train,sd1.5_lowcorr_209.jpg
AGIQA-3K-full,sd1.5_lowcorr_210,AGIQA-5e3045fb58ae,sd1.5,test,sd1.5_lowcorr_210.jpg
AGIQA-3K-full,sd1.5_lowcorr_211,AGIQA-54583bc9220c,sd1.5,test,sd1.5_lowcorr_211.jpg
AGIQA-3K-full,sd1.5_lowcorr_212,AGIQA-7c3be58f6483,sd1.5,train,sd1.5_lowcorr_212.jpg
AGIQA-3K-full,sd1.5_lowcorr_213,AGIQA-957509340f7c,sd1.5,test,sd1.5_lowcorr_213.jpg
AGIQA-3K-full,sd1.5_lowcorr_214,AGIQA-4e1e536bcea3,sd1.5,train,sd1.5_lowcorr_214.jpg
AGIQA-3K-full,sd1.5_lowcorr_215,AGIQA-9f5e9f552c1f,sd1.5,train,sd1.5_lowcorr_215.jpg
AGIQA-3K-full,sd1.5_lowcorr_216,AGIQA-d13d1e283f4a,sd1.5,train,sd1.5_lowcorr_216.jpg
AGIQA-3K-full,sd1.5_lowcorr_217,AGIQA-134b48baf98c,sd1.5,test,sd1.5_lowcorr_217.jpg
AGIQA-3K-full,sd1.5_lowcorr_218,AGIQA-7fd02b84fda4,sd1.5,train,sd1.5_lowcorr_218.jpg
AGIQA-3K-full,sd1.5_lowcorr_219,AGIQA-6c43873cc393,sd1.5,train,sd1.5_lowcorr_219.jpg
AGIQA-3K-full,sd1.5_lowcorr_220,AGIQA-6984fcb7131c,sd1.5,train,sd1.5_lowcorr_220.jpg
AGIQA-3K-full,sd1.5_lowcorr_221,AGIQA-5a96f6ee9f99,sd1.5,train,sd1.5_lowcorr_221.jpg
AGIQA-3K-full,sd1.5_lowcorr_222,AGIQA-cd76a0b6f05b,sd1.5,train,sd1.5_lowcorr_222.jpg
AGIQA-3K-full,sd1.5_lowcorr_223,AGIQA-a8b31dec1e08,sd1.5,test,sd1.5_lowcorr_223.jpg
AGIQA-3K-full,sd1.5_lowcorr_224,AGIQA-5ff95d19c989,sd1.5,train,sd1.5_lowcorr_224.jpg
AGIQA-3K-full,sd1.5_lowcorr_225,AGIQA-487a4d95b14e,sd1.5,train,sd1.5_lowcorr_225.jpg
AGIQA-3K-full,sd1.5_lowcorr_226,AGIQA-3f4b2678c41e,sd1.5,train,sd1.5_lowcorr_226.jpg
AGIQA-3K-full,sd1.5_lowcorr_227,AGIQA-4a6f7b7171c3,sd1.5,train,sd1.5_lowcorr_227.jpg
AGIQA-3K-full,sd1.5_lowcorr_228,AGIQA-7fbcbc5d2602,sd1.5,train,sd1.5_lowcorr_228.jpg
AGIQA-3K-full,sd1.5_lowcorr_229,AGIQA-e24d681d42fa,sd1.5,val,sd1.5_lowcorr_229.jpg
AGIQA-3K-full,sd1.5_lowcorr_230,AGIQA-241858497b40,sd1.5,train,sd1.5_lowcorr_230.jpg
AGIQA-3K-full,sd1.5_lowcorr_231,AGIQA-26f3387f29d6,sd1.5,train,sd1.5_lowcorr_231.jpg
AGIQA-3K-full,sd1.5_lowcorr_232,AGIQA-aa96d239cb01,sd1.5,test,sd1.5_lowcorr_232.jpg
AGIQA-3K-full,sd1.5_lowcorr_233,AGIQA-91018ec483b8,sd1.5,train,sd1.5_lowcorr_233.jpg
AGIQA-3K-full,sd1.5_lowcorr_234,AGIQA-72adf7554aff,sd1.5,train,sd1.5_lowcorr_234.jpg
AGIQA-3K-full,sd1.5_lowcorr_235,AGIQA-839d3f4d0d53,sd1.5,train,sd1.5_lowcorr_235.jpg
AGIQA-3K-full,sd1.5_lowcorr_236,AGIQA-5274466c7aca,sd1.5,train,sd1.5_lowcorr_236.jpg
AGIQA-3K-full,sd1.5_lowcorr_237,AGIQA-bc6103aabea5,sd1.5,train,sd1.5_lowcorr_237.jpg
AGIQA-3K-full,sd1.5_lowcorr_238,AGIQA-88225797d231,sd1.5,train,sd1.5_lowcorr_238.jpg
AGIQA-3K-full,sd1.5_lowcorr_239,AGIQA-3857fb86efc3,sd1.5,train,sd1.5_lowcorr_239.jpg
AGIQA-3K-full,sd1.5_lowcorr_240,AGIQA-d10db1886c8a,sd1.5,train,sd1.5_lowcorr_240.jpg
AGIQA-3K-full,sd1.5_lowcorr_241,AGIQA-fa91e9db53b1,sd1.5,test,sd1.5_lowcorr_241.jpg
AGIQA-3K-full,sd1.5_lowcorr_242,AGIQA-d42754ac4940,sd1.5,train,sd1.5_lowcorr_242.jpg
AGIQA-3K-full,sd1.5_lowcorr_243,AGIQA-88d44d2b19b7,sd1.5,train,sd1.5_lowcorr_243.jpg
AGIQA-3K-full,sd1.5_lowcorr_244,AGIQA-bc5561a2eb72,sd1.5,test,sd1.5_lowcorr_244.jpg
AGIQA-3K-full,sd1.5_lowcorr_245,AGIQA-da1aef0b6659,sd1.5,train,sd1.5_lowcorr_245.jpg
AGIQA-3K-full,sd1.5_lowcorr_246,AGIQA-187732966a3e,sd1.5,train,sd1.5_lowcorr_246.jpg
AGIQA-3K-full,sd1.5_lowcorr_247,AGIQA-aeeef558303e,sd1.5,train,sd1.5_lowcorr_247.jpg
AGIQA-3K-full,sd1.5_lowcorr_248,AGIQA-87561c35fad9,sd1.5,train,sd1.5_lowcorr_248.jpg
AGIQA-3K-full,sd1.5_lowcorr_249,AGIQA-a0b65ad08740,sd1.5,train,sd1.5_lowcorr_249.jpg
AGIQA-3K-full,sd1.5_lowcorr_250,AGIQA-825246a5adcd,sd1.5,train,sd1.5_lowcorr_250.jpg
AGIQA-3K-full,sd1.5_lowcorr_251,AGIQA-ee5f5afeb342,sd1.5,train,sd1.5_lowcorr_251.jpg
AGIQA-3K-full,sd1.5_lowcorr_252,AGIQA-8c1a38da7994,sd1.5,val,sd1.5_lowcorr_252.jpg
AGIQA-3K-full,sd1.5_lowcorr_253,AGIQA-b04d851afc73,sd1.5,train,sd1.5_lowcorr_253.jpg
AGIQA-3K-full,sd1.5_lowcorr_254,AGIQA-e1565d54217f,sd1.5,train,sd1.5_lowcorr_254.jpg
AGIQA-3K-full,sd1.5_lowcorr_255,AGIQA-9d4135098745,sd1.5,train,sd1.5_lowcorr_255.jpg
AGIQA-3K-full,sd1.5_lowcorr_256,AGIQA-d89e46130a96,sd1.5,train,sd1.5_lowcorr_256.jpg
AGIQA-3K-full,sd1.5_lowcorr_257,AGIQA-2d2bb0095437,sd1.5,train,sd1.5_lowcorr_257.jpg
AGIQA-3K-full,sd1.5_lowcorr_258,AGIQA-0f181149eb2a,sd1.5,test,sd1.5_lowcorr_258.jpg
AGIQA-3K-full,sd1.5_lowcorr_259,AGIQA-6d4fab56dcb7,sd1.5,train,sd1.5_lowcorr_259.jpg
AGIQA-3K-full,sd1.5_lowcorr_260,AGIQA-4fd99e98bfcc,sd1.5,test,sd1.5_lowcorr_260.jpg
AGIQA-3K-full,sd1.5_lowcorr_261,AGIQA-52db3e0e841b,sd1.5,train,sd1.5_lowcorr_261.jpg
AGIQA-3K-full,sd1.5_lowcorr_262,AGIQA-89e1b69268a9,sd1.5,test,sd1.5_lowcorr_262.jpg
AGIQA-3K-full,sd1.5_lowcorr_263,AGIQA-4234732c7ece,sd1.5,train,sd1.5_lowcorr_263.jpg
AGIQA-3K-full,sd1.5_lowcorr_264,AGIQA-60869db09321,sd1.5,test,sd1.5_lowcorr_264.jpg
AGIQA-3K-full,sd1.5_lowcorr_265,AGIQA-c832635dd360,sd1.5,val,sd1.5_lowcorr_265.jpg
AGIQA-3K-full,sd1.5_lowcorr_266,AGIQA-47f01f744d95,sd1.5,test,sd1.5_lowcorr_266.jpg
AGIQA-3K-full,sd1.5_lowcorr_267,AGIQA-48249fb46134,sd1.5,train,sd1.5_lowcorr_267.jpg
AGIQA-3K-full,sd1.5_lowcorr_268,AGIQA-4f5b8417ba27,sd1.5,test,sd1.5_lowcorr_268.jpg
AGIQA-3K-full,sd1.5_lowcorr_269,AGIQA-c0979fe5af15,sd1.5,train,sd1.5_lowcorr_269.jpg
AGIQA-3K-full,sd1.5_lowcorr_270,AGIQA-9f4df369c33d,sd1.5,test,sd1.5_lowcorr_270.jpg
AGIQA-3K-full,sd1.5_lowcorr_271,AGIQA-c501dfbf43d4,sd1.5,test,sd1.5_lowcorr_271.jpg
AGIQA-3K-full,sd1.5_lowcorr_272,AGIQA-c6ede13840bf,sd1.5,train,sd1.5_lowcorr_272.jpg
AGIQA-3K-full,sd1.5_lowcorr_273,AGIQA-eeca63819cae,sd1.5,train,sd1.5_lowcorr_273.jpg
AGIQA-3K-full,sd1.5_lowcorr_274,AGIQA-373eecf8fe79,sd1.5,val,sd1.5_lowcorr_274.jpg
AGIQA-3K-full,sd1.5_lowcorr_275,AGIQA-ec8970400b03,sd1.5,train,sd1.5_lowcorr_275.jpg
AGIQA-3K-full,sd1.5_lowcorr_276,AGIQA-700f85e93cd9,sd1.5,train,sd1.5_lowcorr_276.jpg
AGIQA-3K-full,sd1.5_lowcorr_277,AGIQA-285ccdf13939,sd1.5,val,sd1.5_lowcorr_277.jpg
AGIQA-3K-full,sd1.5_lowcorr_278,AGIQA-1cf041a27e5a,sd1.5,train,sd1.5_lowcorr_278.jpg
AGIQA-3K-full,sd1.5_lowcorr_279,AGIQA-c6c3a07b14f5,sd1.5,train,sd1.5_lowcorr_279.jpg
AGIQA-3K-full,sd1.5_lowcorr_280,AGIQA-a366638220c2,sd1.5,train,sd1.5_lowcorr_280.jpg
AGIQA-3K-full,sd1.5_lowcorr_281,AGIQA-9ca8817fa0d7,sd1.5,test,sd1.5_lowcorr_281.jpg
AGIQA-3K-full,sd1.5_lowcorr_282,AGIQA-f1e866c8ce87,sd1.5,train,sd1.5_lowcorr_282.jpg
AGIQA-3K-full,sd1.5_lowcorr_283,AGIQA-3ddae4e47c34,sd1.5,test,sd1.5_lowcorr_283.jpg
AGIQA-3K-full,sd1.5_lowcorr_284,AGIQA-514b19bebc24,sd1.5,train,sd1.5_lowcorr_284.jpg
AGIQA-3K-full,sd1.5_lowcorr_285,AGIQA-46145207aed7,sd1.5,train,sd1.5_lowcorr_285.jpg
AGIQA-3K-full,sd1.5_lowcorr_286,AGIQA-574bc6573ac1,sd1.5,train,sd1.5_lowcorr_286.jpg
AGIQA-3K-full,sd1.5_lowcorr_287,AGIQA-a506eb9141fd,sd1.5,train,sd1.5_lowcorr_287.jpg
AGIQA-3K-full,sd1.5_lowcorr_288,AGIQA-17d81fa16810,sd1.5,test,sd1.5_lowcorr_288.jpg
AGIQA-3K-full,sd1.5_lowcorr_289,AGIQA-fef3bc0ee319,sd1.5,train,sd1.5_lowcorr_289.jpg
AGIQA-3K-full,sd1.5_lowcorr_290,AGIQA-ce56cd7a084b,sd1.5,val,sd1.5_lowcorr_290.jpg
AGIQA-3K-full,sd1.5_lowcorr_291,AGIQA-5e81c05a2b19,sd1.5,train,sd1.5_lowcorr_291.jpg
AGIQA-3K-full,sd1.5_lowcorr_292,AGIQA-b93675144038,sd1.5,test,sd1.5_lowcorr_292.jpg
AGIQA-3K-full,sd1.5_lowcorr_293,AGIQA-a8aeedd21648,sd1.5,test,sd1.5_lowcorr_293.jpg
AGIQA-3K-full,sd1.5_lowcorr_294,AGIQA-73445cd4e31d,sd1.5,train,sd1.5_lowcorr_294.jpg
AGIQA-3K-full,sd1.5_lowcorr_295,AGIQA-d6cfbcb0b65b,sd1.5,val,sd1.5_lowcorr_295.jpg
AGIQA-3K-full,sd1.5_lowcorr_296,AGIQA-cda73163d4e7,sd1.5,train,sd1.5_lowcorr_296.jpg
AGIQA-3K-full,sd1.5_lowcorr_297,AGIQA-017d4ba8d955,sd1.5,train,sd1.5_lowcorr_297.jpg
AGIQA-3K-full,sd1.5_lowcorr_298,AGIQA-7e20efbb16ae,sd1.5,train,sd1.5_lowcorr_298.jpg
AGIQA-3K-full,sd1.5_lowcorr_299,AGIQA-53a40ffc7b8e,sd1.5,train,sd1.5_lowcorr_299.jpg
AGIQA-3K-full,sd1.5_lowstep_000,AGIQA-6450500ef537,sd1.5,train,sd1.5_lowstep_000.jpg
AGIQA-3K-full,sd1.5_lowstep_001,AGIQA-7a6a19473264,sd1.5,train,sd1.5_lowstep_001.jpg
AGIQA-3K-full,sd1.5_lowstep_002,AGIQA-e7cac214d6e9,sd1.5,train,sd1.5_lowstep_002.jpg
AGIQA-3K-full,sd1.5_lowstep_003,AGIQA-e9a8981cd29f,sd1.5,train,sd1.5_lowstep_003.jpg
AGIQA-3K-full,sd1.5_lowstep_004,AGIQA-483967d836ca,sd1.5,val,sd1.5_lowstep_004.jpg
AGIQA-3K-full,sd1.5_lowstep_005,AGIQA-e217ce39c73f,sd1.5,train,sd1.5_lowstep_005.jpg
AGIQA-3K-full,sd1.5_lowstep_006,AGIQA-eaf6e4c20ea4,sd1.5,test,sd1.5_lowstep_006.jpg
AGIQA-3K-full,sd1.5_lowstep_007,AGIQA-d7a1414ab859,sd1.5,train,sd1.5_lowstep_007.jpg
AGIQA-3K-full,sd1.5_lowstep_008,AGIQA-15be354bb96e,sd1.5,train,sd1.5_lowstep_008.jpg
AGIQA-3K-full,sd1.5_lowstep_009,AGIQA-9821efa7c5f4,sd1.5,test,sd1.5_lowstep_009.jpg
AGIQA-3K-full,sd1.5_lowstep_010,AGIQA-1140c78e0ae6,sd1.5,test,sd1.5_lowstep_010.jpg
AGIQA-3K-full,sd1.5_lowstep_011,AGIQA-5ef6165535cc,sd1.5,test,sd1.5_lowstep_011.jpg
AGIQA-3K-full,sd1.5_lowstep_012,AGIQA-e334be82922d,sd1.5,train,sd1.5_lowstep_012.jpg
AGIQA-3K-full,sd1.5_lowstep_013,AGIQA-a1025dda6741,sd1.5,test,sd1.5_lowstep_013.jpg
AGIQA-3K-full,sd1.5_lowstep_014,AGIQA-5157585510fa,sd1.5,test,sd1.5_lowstep_014.jpg
AGIQA-3K-full,sd1.5_lowstep_015,AGIQA-a140832780f0,sd1.5,val,sd1.5_lowstep_015.jpg
AGIQA-3K-full,sd1.5_lowstep_016,AGIQA-29db9d3c3030,sd1.5,test,sd1.5_lowstep_016.jpg
AGIQA-3K-full,sd1.5_lowstep_017,AGIQA-735ffd33c35d,sd1.5,train,sd1.5_lowstep_017.jpg
AGIQA-3K-full,sd1.5_lowstep_018,AGIQA-3fbe71b5e645,sd1.5,test,sd1.5_lowstep_018.jpg
AGIQA-3K-full,sd1.5_lowstep_019,AGIQA-24062dcfadad,sd1.5,train,sd1.5_lowstep_019.jpg
AGIQA-3K-full,sd1.5_lowstep_020,AGIQA-9eeb9b8e3f8e,sd1.5,test,sd1.5_lowstep_020.jpg
AGIQA-3K-full,sd1.5_lowstep_021,AGIQA-1371abf2f93d,sd1.5,test,sd1.5_lowstep_021.jpg
AGIQA-3K-full,sd1.5_lowstep_022,AGIQA-6c6164597781,sd1.5,test,sd1.5_lowstep_022.jpg
AGIQA-3K-full,sd1.5_lowstep_023,AGIQA-0af5d168f24a,sd1.5,train,sd1.5_lowstep_023.jpg
AGIQA-3K-full,sd1.5_lowstep_024,AGIQA-889cbd060604,sd1.5,train,sd1.5_lowstep_024.jpg
AGIQA-3K-full,sd1.5_lowstep_025,AGIQA-30e86978cc84,sd1.5,test,sd1.5_lowstep_025.jpg
AGIQA-3K-full,sd1.5_lowstep_026,AGIQA-345eec9dd421,sd1.5,test,sd1.5_lowstep_026.jpg
AGIQA-3K-full,sd1.5_lowstep_027,AGIQA-37dfb2ab2ae5,sd1.5,test,sd1.5_lowstep_027.jpg
AGIQA-3K-full,sd1.5_lowstep_028,AGIQA-1bff9303dbad,sd1.5,train,sd1.5_lowstep_028.jpg
AGIQA-3K-full,sd1.5_lowstep_029,AGIQA-a6ab88e8fd89,sd1.5,train,sd1.5_lowstep_029.jpg
AGIQA-3K-full,sd1.5_lowstep_030,AGIQA-d2336a69fe20,sd1.5,train,sd1.5_lowstep_030.jpg
AGIQA-3K-full,sd1.5_lowstep_031,AGIQA-8a1982e9c4e2,sd1.5,val,sd1.5_lowstep_031.jpg
AGIQA-3K-full,sd1.5_lowstep_032,AGIQA-c8866246ba2d,sd1.5,test,sd1.5_lowstep_032.jpg
AGIQA-3K-full,sd1.5_lowstep_033,AGIQA-f587e366ca8f,sd1.5,train,sd1.5_lowstep_033.jpg
AGIQA-3K-full,sd1.5_lowstep_034,AGIQA-d91a18f3f62c,sd1.5,train,sd1.5_lowstep_034.jpg
AGIQA-3K-full,sd1.5_lowstep_035,AGIQA-a408155fcc7c,sd1.5,train,sd1.5_lowstep_035.jpg
AGIQA-3K-full,sd1.5_lowstep_036,AGIQA-a8e2e7bf98bc,sd1.5,train,sd1.5_lowstep_036.jpg
AGIQA-3K-full,sd1.5_lowstep_037,AGIQA-2ff96029d612,sd1.5,train,sd1.5_lowstep_037.jpg
AGIQA-3K-full,sd1.5_lowstep_038,AGIQA-699c069d0958,sd1.5,train,sd1.5_lowstep_038.jpg
AGIQA-3K-full,sd1.5_lowstep_039,AGIQA-bb9a47ae293e,sd1.5,train,sd1.5_lowstep_039.jpg
AGIQA-3K-full,sd1.5_lowstep_040,AGIQA-1bdd03baf926,sd1.5,train,sd1.5_lowstep_040.jpg
AGIQA-3K-full,sd1.5_lowstep_041,AGIQA-b5139fecf4ac,sd1.5,test,sd1.5_lowstep_041.jpg
AGIQA-3K-full,sd1.5_lowstep_042,AGIQA-b93c19ff75f8,sd1.5,train,sd1.5_lowstep_042.jpg
AGIQA-3K-full,sd1.5_lowstep_043,AGIQA-aeb19603c48e,sd1.5,train,sd1.5_lowstep_043.jpg
AGIQA-3K-full,sd1.5_lowstep_044,AGIQA-02bef5c360e8,sd1.5,train,sd1.5_lowstep_044.jpg
AGIQA-3K-full,sd1.5_lowstep_045,AGIQA-352213e9322c,sd1.5,train,sd1.5_lowstep_045.jpg
AGIQA-3K-full,sd1.5_lowstep_046,AGIQA-3d5b4a0897ba,sd1.5,train,sd1.5_lowstep_046.jpg
AGIQA-3K-full,sd1.5_lowstep_047,AGIQA-02d4f0376aa1,sd1.5,test,sd1.5_lowstep_047.jpg
AGIQA-3K-full,sd1.5_lowstep_048,AGIQA-cba821e04d7f,sd1.5,val,sd1.5_lowstep_048.jpg
AGIQA-3K-full,sd1.5_lowstep_049,AGIQA-2156f8055773,sd1.5,train,sd1.5_lowstep_049.jpg
AGIQA-3K-full,sd1.5_lowstep_050,AGIQA-15a87eed536a,sd1.5,train,sd1.5_lowstep_050.jpg
AGIQA-3K-full,sd1.5_lowstep_051,AGIQA-bc7e65d64dc1,sd1.5,train,sd1.5_lowstep_051.jpg
AGIQA-3K-full,sd1.5_lowstep_052,AGIQA-b2ca21ea25ce,sd1.5,train,sd1.5_lowstep_052.jpg
AGIQA-3K-full,sd1.5_lowstep_053,AGIQA-305317b84702,sd1.5,test,sd1.5_lowstep_053.jpg
AGIQA-3K-full,sd1.5_lowstep_054,AGIQA-94c6cce5b494,sd1.5,test,sd1.5_lowstep_054.jpg
AGIQA-3K-full,sd1.5_lowstep_055,AGIQA-270ab27b4cc3,sd1.5,test,sd1.5_lowstep_055.jpg
AGIQA-3K-full,sd1.5_lowstep_056,AGIQA-ee79cf3a1533,sd1.5,train,sd1.5_lowstep_056.jpg
AGIQA-3K-full,sd1.5_lowstep_057,AGIQA-3e01a171ef14,sd1.5,train,sd1.5_lowstep_057.jpg
AGIQA-3K-full,sd1.5_lowstep_058,AGIQA-7a4d12587948,sd1.5,train,sd1.5_lowstep_058.jpg
AGIQA-3K-full,sd1.5_lowstep_059,AGIQA-93fc7fc78148,sd1.5,test,sd1.5_lowstep_059.jpg
AGIQA-3K-full,sd1.5_lowstep_060,AGIQA-b3af04d6b4f7,sd1.5,train,sd1.5_lowstep_060.jpg
AGIQA-3K-full,sd1.5_lowstep_061,AGIQA-3afb49bd87b2,sd1.5,test,sd1.5_lowstep_061.jpg
AGIQA-3K-full,sd1.5_lowstep_062,AGIQA-4bd827546f3c,sd1.5,train,sd1.5_lowstep_062.jpg
AGIQA-3K-full,sd1.5_lowstep_063,AGIQA-4bfc1ce9717d,sd1.5,test,sd1.5_lowstep_063.jpg
AGIQA-3K-full,sd1.5_lowstep_064,AGIQA-0a62a7327a97,sd1.5,train,sd1.5_lowstep_064.jpg
AGIQA-3K-full,sd1.5_lowstep_065,AGIQA-1884d73ea603,sd1.5,train,sd1.5_lowstep_065.jpg
AGIQA-3K-full,sd1.5_lowstep_066,AGIQA-4d874861883d,sd1.5,train,sd1.5_lowstep_066.jpg
AGIQA-3K-full,sd1.5_lowstep_067,AGIQA-36c7ff486bf4,sd1.5,train,sd1.5_lowstep_067.jpg
AGIQA-3K-full,sd1.5_lowstep_068,AGIQA-219765781124,sd1.5,train,sd1.5_lowstep_068.jpg
AGIQA-3K-full,sd1.5_lowstep_069,AGIQA-f2c705d91de0,sd1.5,train,sd1.5_lowstep_069.jpg
AGIQA-3K-full,sd1.5_lowstep_070,AGIQA-7a34b7800c8c,sd1.5,train,sd1.5_lowstep_070.jpg
AGIQA-3K-full,sd1.5_lowstep_071,AGIQA-26e9b65319ac,sd1.5,train,sd1.5_lowstep_071.jpg
AGIQA-3K-full,sd1.5_lowstep_072,AGIQA-83501ba9c92d,sd1.5,train,sd1.5_lowstep_072.jpg
AGIQA-3K-full,sd1.5_lowstep_073,AGIQA-39896a46302d,sd1.5,train,sd1.5_lowstep_073.jpg
AGIQA-3K-full,sd1.5_lowstep_074,AGIQA-5da8e22af7e1,sd1.5,test,sd1.5_lowstep_074.jpg
AGIQA-3K-full,sd1.5_lowstep_075,AGIQA-e9d4dffbb822,sd1.5,train,sd1.5_lowstep_075.jpg
AGIQA-3K-full,sd1.5_lowstep_076,AGIQA-afb2cac1ef8f,sd1.5,train,sd1.5_lowstep_076.jpg
AGIQA-3K-full,sd1.5_lowstep_077,AGIQA-b363c8123684,sd1.5,train,sd1.5_lowstep_077.jpg
AGIQA-3K-full,sd1.5_lowstep_078,AGIQA-b46354dc17d7,sd1.5,train,sd1.5_lowstep_078.jpg
AGIQA-3K-full,sd1.5_lowstep_079,AGIQA-54f1d577611b,sd1.5,train,sd1.5_lowstep_079.jpg
AGIQA-3K-full,sd1.5_lowstep_080,AGIQA-62039ebf9238,sd1.5,val,sd1.5_lowstep_080.jpg
AGIQA-3K-full,sd1.5_lowstep_081,AGIQA-d3def83b5966,sd1.5,train,sd1.5_lowstep_081.jpg
AGIQA-3K-full,sd1.5_lowstep_082,AGIQA-cf265de7c37e,sd1.5,train,sd1.5_lowstep_082.jpg
AGIQA-3K-full,sd1.5_lowstep_083,AGIQA-2a787fbb8c5d,sd1.5,train,sd1.5_lowstep_083.jpg
AGIQA-3K-full,sd1.5_lowstep_084,AGIQA-74f4e06b1a42,sd1.5,train,sd1.5_lowstep_084.jpg
AGIQA-3K-full,sd1.5_lowstep_085,AGIQA-2abccfad8fc0,sd1.5,test,sd1.5_lowstep_085.jpg
AGIQA-3K-full,sd1.5_lowstep_086,AGIQA-1747f1a2a6af,sd1.5,train,sd1.5_lowstep_086.jpg
AGIQA-3K-full,sd1.5_lowstep_087,AGIQA-7ebd987a0c9d,sd1.5,train,sd1.5_lowstep_087.jpg
AGIQA-3K-full,sd1.5_lowstep_088,AGIQA-e34e3aaae310,sd1.5,test,sd1.5_lowstep_088.jpg
AGIQA-3K-full,sd1.5_lowstep_089,AGIQA-816e47e299de,sd1.5,test,sd1.5_lowstep_089.jpg
AGIQA-3K-full,sd1.5_lowstep_090,AGIQA-1197c8ae3ee4,sd1.5,val,sd1.5_lowstep_090.jpg
AGIQA-3K-full,sd1.5_lowstep_091,AGIQA-feb2058c681e,sd1.5,train,sd1.5_lowstep_091.jpg
AGIQA-3K-full,sd1.5_lowstep_092,AGIQA-c71137b2c51a,sd1.5,train,sd1.5_lowstep_092.jpg
AGIQA-3K-full,sd1.5_lowstep_093,AGIQA-ee97a207c282,sd1.5,train,sd1.5_lowstep_093.jpg
AGIQA-3K-full,sd1.5_lowstep_094,AGIQA-7f624ef10c68,sd1.5,train,sd1.5_lowstep_094.jpg
AGIQA-3K-full,sd1.5_lowstep_095,AGIQA-7b69fd0727e0,sd1.5,test,sd1.5_lowstep_095.jpg
AGIQA-3K-full,sd1.5_lowstep_096,AGIQA-2c5ac90ad3a2,sd1.5,test,sd1.5_lowstep_096.jpg
AGIQA-3K-full,sd1.5_lowstep_097,AGIQA-014fd2ea1608,sd1.5,train,sd1.5_lowstep_097.jpg
AGIQA-3K-full,sd1.5_lowstep_098,AGIQA-b54a8612f6ee,sd1.5,train,sd1.5_lowstep_098.jpg
AGIQA-3K-full,sd1.5_lowstep_099,AGIQA-f235fa2da3be,sd1.5,test,sd1.5_lowstep_099.jpg
AGIQA-3K-full,sd1.5_lowstep_100,AGIQA-abc1c7e34703,sd1.5,train,sd1.5_lowstep_100.jpg
AGIQA-3K-full,sd1.5_lowstep_101,AGIQA-0c9dbafc59fd,sd1.5,train,sd1.5_lowstep_101.jpg
AGIQA-3K-full,sd1.5_lowstep_102,AGIQA-b81bc55a8c04,sd1.5,test,sd1.5_lowstep_102.jpg
AGIQA-3K-full,sd1.5_lowstep_103,AGIQA-78a9d596c8e2,sd1.5,train,sd1.5_lowstep_103.jpg
AGIQA-3K-full,sd1.5_lowstep_104,AGIQA-3928f0e8749e,sd1.5,train,sd1.5_lowstep_104.jpg
AGIQA-3K-full,sd1.5_lowstep_105,AGIQA-2a821ca75a7f,sd1.5,train,sd1.5_lowstep_105.jpg
AGIQA-3K-full,sd1.5_lowstep_106,AGIQA-59dc946e81a2,sd1.5,train,sd1.5_lowstep_106.jpg
AGIQA-3K-full,sd1.5_lowstep_107,AGIQA-03c8e945e5e6,sd1.5,train,sd1.5_lowstep_107.jpg
AGIQA-3K-full,sd1.5_lowstep_108,AGIQA-644129240816,sd1.5,test,sd1.5_lowstep_108.jpg
AGIQA-3K-full,sd1.5_lowstep_109,AGIQA-ea81604fe371,sd1.5,train,sd1.5_lowstep_109.jpg
AGIQA-3K-full,sd1.5_lowstep_110,AGIQA-f43114d1ab3a,sd1.5,test,sd1.5_lowstep_110.jpg
AGIQA-3K-full,sd1.5_lowstep_111,AGIQA-eda6cf20fa3c,sd1.5,test,sd1.5_lowstep_111.jpg
AGIQA-3K-full,sd1.5_lowstep_112,AGIQA-59dcddbad987,sd1.5,train,sd1.5_lowstep_112.jpg
AGIQA-3K-full,sd1.5_lowstep_113,AGIQA-1796a3b42bb8,sd1.5,train,sd1.5_lowstep_113.jpg
AGIQA-3K-full,sd1.5_lowstep_114,AGIQA-a023778c0dea,sd1.5,test,sd1.5_lowstep_114.jpg
AGIQA-3K-full,sd1.5_lowstep_115,AGIQA-27a786146efe,sd1.5,test,sd1.5_lowstep_115.jpg
AGIQA-3K-full,sd1.5_lowstep_116,AGIQA-77e327fe685d,sd1.5,train,sd1.5_lowstep_116.jpg
AGIQA-3K-full,sd1.5_lowstep_117,AGIQA-3b493022153b,sd1.5,val,sd1.5_lowstep_117.jpg
AGIQA-3K-full,sd1.5_lowstep_118,AGIQA-5a56ef85786d,sd1.5,train,sd1.5_lowstep_118.jpg
AGIQA-3K-full,sd1.5_lowstep_119,AGIQA-9738ea13169e,sd1.5,train,sd1.5_lowstep_119.jpg
AGIQA-3K-full,sd1.5_lowstep_120,AGIQA-a17cac72240f,sd1.5,train,sd1.5_lowstep_120.jpg
AGIQA-3K-full,sd1.5_lowstep_121,AGIQA-4feb70c847f4,sd1.5,train,sd1.5_lowstep_121.jpg
AGIQA-3K-full,sd1.5_lowstep_122,AGIQA-be3331e07988,sd1.5,train,sd1.5_lowstep_122.jpg
AGIQA-3K-full,sd1.5_lowstep_123,AGIQA-d85820862dc4,sd1.5,train,sd1.5_lowstep_123.jpg
AGIQA-3K-full,sd1.5_lowstep_124,AGIQA-c63fdfc307d3,sd1.5,train,sd1.5_lowstep_124.jpg
AGIQA-3K-full,sd1.5_lowstep_125,AGIQA-e741bfb60d9b,sd1.5,train,sd1.5_lowstep_125.jpg
AGIQA-3K-full,sd1.5_lowstep_126,AGIQA-595b239959ca,sd1.5,train,sd1.5_lowstep_126.jpg
AGIQA-3K-full,sd1.5_lowstep_127,AGIQA-e1aaa6732d97,sd1.5,train,sd1.5_lowstep_127.jpg
AGIQA-3K-full,sd1.5_lowstep_128,AGIQA-7d9bd08d7a8f,sd1.5,train,sd1.5_lowstep_128.jpg
AGIQA-3K-full,sd1.5_lowstep_129,AGIQA-deadc33d802a,sd1.5,test,sd1.5_lowstep_129.jpg
AGIQA-3K-full,sd1.5_lowstep_130,AGIQA-7902e7eb768c,sd1.5,test,sd1.5_lowstep_130.jpg
AGIQA-3K-full,sd1.5_lowstep_131,AGIQA-f2bad7e493a9,sd1.5,train,sd1.5_lowstep_131.jpg
AGIQA-3K-full,sd1.5_lowstep_132,AGIQA-60ca7af68f09,sd1.5,train,sd1.5_lowstep_132.jpg
AGIQA-3K-full,sd1.5_lowstep_133,AGIQA-1fe09d7fece1,sd1.5,train,sd1.5_lowstep_133.jpg
AGIQA-3K-full,sd1.5_lowstep_134,AGIQA-b098ca961012,sd1.5,train,sd1.5_lowstep_134.jpg
AGIQA-3K-full,sd1.5_lowstep_135,AGIQA-32695c5aaca1,sd1.5,train,sd1.5_lowstep_135.jpg
AGIQA-3K-full,sd1.5_lowstep_136,AGIQA-791d9b65af34,sd1.5,val,sd1.5_lowstep_136.jpg
AGIQA-3K-full,sd1.5_lowstep_137,AGIQA-e18bbae5650c,sd1.5,train,sd1.5_lowstep_137.jpg
AGIQA-3K-full,sd1.5_lowstep_138,AGIQA-574b3b311b78,sd1.5,train,sd1.5_lowstep_138.jpg
AGIQA-3K-full,sd1.5_lowstep_139,AGIQA-acd72daab110,sd1.5,train,sd1.5_lowstep_139.jpg
AGIQA-3K-full,sd1.5_lowstep_140,AGIQA-0b211930e1ec,sd1.5,val,sd1.5_lowstep_140.jpg
AGIQA-3K-full,sd1.5_lowstep_141,AGIQA-e9592c752d9b,sd1.5,val,sd1.5_lowstep_141.jpg
AGIQA-3K-full,sd1.5_lowstep_142,AGIQA-e7cc1ec65d08,sd1.5,val,sd1.5_lowstep_142.jpg
AGIQA-3K-full,sd1.5_lowstep_143,AGIQA-b81f063b0196,sd1.5,train,sd1.5_lowstep_143.jpg
AGIQA-3K-full,sd1.5_lowstep_144,AGIQA-cae137e1ee63,sd1.5,train,sd1.5_lowstep_144.jpg
AGIQA-3K-full,sd1.5_lowstep_145,AGIQA-dde35eb2e0dc,sd1.5,train,sd1.5_lowstep_145.jpg
AGIQA-3K-full,sd1.5_lowstep_146,AGIQA-e669a8afc0c5,sd1.5,train,sd1.5_lowstep_146.jpg
AGIQA-3K-full,sd1.5_lowstep_147,AGIQA-65dcda74e31d,sd1.5,train,sd1.5_lowstep_147.jpg
AGIQA-3K-full,sd1.5_lowstep_148,AGIQA-e3e64e0b691a,sd1.5,train,sd1.5_lowstep_148.jpg
AGIQA-3K-full,sd1.5_lowstep_149,AGIQA-030bb6c4d0f5,sd1.5,train,sd1.5_lowstep_149.jpg
AGIQA-3K-full,sd1.5_lowstep_150,AGIQA-8aa1f30180ff,sd1.5,train,sd1.5_lowstep_150.jpg
AGIQA-3K-full,sd1.5_lowstep_151,AGIQA-486f4dfa9e30,sd1.5,train,sd1.5_lowstep_151.jpg
AGIQA-3K-full,sd1.5_lowstep_152,AGIQA-32c2b941b58b,sd1.5,val,sd1.5_lowstep_152.jpg
AGIQA-3K-full,sd1.5_lowstep_153,AGIQA-14a193611262,sd1.5,val,sd1.5_lowstep_153.jpg
AGIQA-3K-full,sd1.5_lowstep_154,AGIQA-dc46dc776f6b,sd1.5,train,sd1.5_lowstep_154.jpg
AGIQA-3K-full,sd1.5_lowstep_155,AGIQA-fbff6ac32dea,sd1.5,test,sd1.5_lowstep_155.jpg
AGIQA-3K-full,sd1.5_lowstep_156,AGIQA-72804a0e6e4a,sd1.5,train,sd1.5_lowstep_156.jpg
AGIQA-3K-full,sd1.5_lowstep_157,AGIQA-fecb9ae06c54,sd1.5,train,sd1.5_lowstep_157.jpg
AGIQA-3K-full,sd1.5_lowstep_158,AGIQA-e79ea28fe7cf,sd1.5,train,sd1.5_lowstep_158.jpg
AGIQA-3K-full,sd1.5_lowstep_159,AGIQA-d8761fa80171,sd1.5,train,sd1.5_lowstep_159.jpg
AGIQA-3K-full,sd1.5_lowstep_160,AGIQA-4901d63eed08,sd1.5,train,sd1.5_lowstep_160.jpg
AGIQA-3K-full,sd1.5_lowstep_161,AGIQA-472af7225929,sd1.5,val,sd1.5_lowstep_161.jpg
AGIQA-3K-full,sd1.5_lowstep_162,AGIQA-3a92ca053cc1,sd1.5,train,sd1.5_lowstep_162.jpg
AGIQA-3K-full,sd1.5_lowstep_163,AGIQA-bedd004ea063,sd1.5,train,sd1.5_lowstep_163.jpg
AGIQA-3K-full,sd1.5_lowstep_164,AGIQA-9ddef994f4d6,sd1.5,train,sd1.5_lowstep_164.jpg
AGIQA-3K-full,sd1.5_lowstep_165,AGIQA-45c2f3a4f7aa,sd1.5,train,sd1.5_lowstep_165.jpg
AGIQA-3K-full,sd1.5_lowstep_166,AGIQA-cf188c67a9b8,sd1.5,train,sd1.5_lowstep_166.jpg
AGIQA-3K-full,sd1.5_lowstep_167,AGIQA-5e7c64fdbc18,sd1.5,test,sd1.5_lowstep_167.jpg
AGIQA-3K-full,sd1.5_lowstep_168,AGIQA-b1da0547c2f4,sd1.5,train,sd1.5_lowstep_168.jpg
AGIQA-3K-full,sd1.5_lowstep_169,AGIQA-b5383b49e05b,sd1.5,test,sd1.5_lowstep_169.jpg
AGIQA-3K-full,sd1.5_lowstep_170,AGIQA-0de51307d9da,sd1.5,test,sd1.5_lowstep_170.jpg
AGIQA-3K-full,sd1.5_lowstep_171,AGIQA-2b1c5c5c141b,sd1.5,train,sd1.5_lowstep_171.jpg
AGIQA-3K-full,sd1.5_lowstep_172,AGIQA-2823adb86f2f,sd1.5,train,sd1.5_lowstep_172.jpg
AGIQA-3K-full,sd1.5_lowstep_173,AGIQA-1635df37570d,sd1.5,test,sd1.5_lowstep_173.jpg
AGIQA-3K-full,sd1.5_lowstep_174,AGIQA-ef9db73da947,sd1.5,train,sd1.5_lowstep_174.jpg
AGIQA-3K-full,sd1.5_lowstep_175,AGIQA-4ae23c11e1b3,sd1.5,train,sd1.5_lowstep_175.jpg
AGIQA-3K-full,sd1.5_lowstep_176,AGIQA-121c83e82f96,sd1.5,test,sd1.5_lowstep_176.jpg
AGIQA-3K-full,sd1.5_lowstep_177,AGIQA-e38538486536,sd1.5,train,sd1.5_lowstep_177.jpg
AGIQA-3K-full,sd1.5_lowstep_178,AGIQA-bd6e7cde02fc,sd1.5,train,sd1.5_lowstep_178.jpg
AGIQA-3K-full,sd1.5_lowstep_179,AGIQA-45e156b05235,sd1.5,train,sd1.5_lowstep_179.jpg
AGIQA-3K-full,sd1.5_lowstep_180,AGIQA-8fde933261c4,sd1.5,train,sd1.5_lowstep_180.jpg
AGIQA-3K-full,sd1.5_lowstep_181,AGIQA-94051c8456d6,sd1.5,train,sd1.5_lowstep_181.jpg
AGIQA-3K-full,sd1.5_lowstep_182,AGIQA-32d75345a5f5,sd1.5,test,sd1.5_lowstep_182.jpg
AGIQA-3K-full,sd1.5_lowstep_183,AGIQA-ef98e7e5c9ba,sd1.5,train,sd1.5_lowstep_183.jpg
AGIQA-3K-full,sd1.5_lowstep_184,AGIQA-893251c5ba76,sd1.5,train,sd1.5_lowstep_184.jpg
AGIQA-3K-full,sd1.5_lowstep_185,AGIQA-a69fb8b78eb9,sd1.5,train,sd1.5_lowstep_185.jpg
AGIQA-3K-full,sd1.5_lowstep_186,AGIQA-2317a680b698,sd1.5,train,sd1.5_lowstep_186.jpg
AGIQA-3K-full,sd1.5_lowstep_187,AGIQA-20d7672f1b9b,sd1.5,train,sd1.5_lowstep_187.jpg
AGIQA-3K-full,sd1.5_lowstep_188,AGIQA-fc61b5f30215,sd1.5,train,sd1.5_lowstep_188.jpg
AGIQA-3K-full,sd1.5_lowstep_189,AGIQA-15ab7cb9d98f,sd1.5,test,sd1.5_lowstep_189.jpg
AGIQA-3K-full,sd1.5_lowstep_190,AGIQA-c2e37db1ba32,sd1.5,train,sd1.5_lowstep_190.jpg
AGIQA-3K-full,sd1.5_lowstep_191,AGIQA-8f47e5ab4c6f,sd1.5,train,sd1.5_lowstep_191.jpg
AGIQA-3K-full,sd1.5_lowstep_192,AGIQA-31f795290c17,sd1.5,train,sd1.5_lowstep_192.jpg
AGIQA-3K-full,sd1.5_lowstep_193,AGIQA-461ba0767435,sd1.5,test,sd1.5_lowstep_193.jpg
AGIQA-3K-full,sd1.5_lowstep_194,AGIQA-9f8f853ca083,sd1.5,train,sd1.5_lowstep_194.jpg
AGIQA-3K-full,sd1.5_lowstep_195,AGIQA-34fe7242ad9a,sd1.5,test,sd1.5_lowstep_195.jpg
AGIQA-3K-full,sd1.5_lowstep_196,AGIQA-0d8602fb1aca,sd1.5,train,sd1.5_lowstep_196.jpg
AGIQA-3K-full,sd1.5_lowstep_197,AGIQA-9be3116418d1,sd1.5,val,sd1.5_lowstep_197.jpg
AGIQA-3K-full,sd1.5_lowstep_198,AGIQA-fe6c9142be68,sd1.5,train,sd1.5_lowstep_198.jpg
AGIQA-3K-full,sd1.5_lowstep_199,AGIQA-7fac06549c79,sd1.5,test,sd1.5_lowstep_199.jpg
AGIQA-3K-full,sd1.5_lowstep_200,AGIQA-d9baf8543c9b,sd1.5,train,sd1.5_lowstep_200.jpg
AGIQA-3K-full,sd1.5_lowstep_201,AGIQA-aaaac710f29b,sd1.5,val,sd1.5_lowstep_201.jpg
AGIQA-3K-full,sd1.5_lowstep_202,AGIQA-8726f694b7d2,sd1.5,train,sd1.5_lowstep_202.jpg
AGIQA-3K-full,sd1.5_lowstep_203,AGIQA-b4078d2138ed,sd1.5,train,sd1.5_lowstep_203.jpg
AGIQA-3K-full,sd1.5_lowstep_204,AGIQA-864aec596bd9,sd1.5,val,sd1.5_lowstep_204.jpg
AGIQA-3K-full,sd1.5_lowstep_205,AGIQA-7c651e36074f,sd1.5,test,sd1.5_lowstep_205.jpg
AGIQA-3K-full,sd1.5_lowstep_206,AGIQA-fb42182e75ed,sd1.5,test,sd1.5_lowstep_206.jpg
AGIQA-3K-full,sd1.5_lowstep_207,AGIQA-a973dd8fbe31,sd1.5,val,sd1.5_lowstep_207.jpg
AGIQA-3K-full,sd1.5_lowstep_208,AGIQA-845b79ffae4e,sd1.5,train,sd1.5_lowstep_208.jpg
AGIQA-3K-full,sd1.5_lowstep_209,AGIQA-b1790fdc33ea,sd1.5,train,sd1.5_lowstep_209.jpg
AGIQA-3K-full,sd1.5_lowstep_210,AGIQA-5e3045fb58ae,sd1.5,test,sd1.5_lowstep_210.jpg
AGIQA-3K-full,sd1.5_lowstep_211,AGIQA-54583bc9220c,sd1.5,test,sd1.5_lowstep_211.jpg
AGIQA-3K-full,sd1.5_lowstep_212,AGIQA-7c3be58f6483,sd1.5,train,sd1.5_lowstep_212.jpg
AGIQA-3K-full,sd1.5_lowstep_213,AGIQA-957509340f7c,sd1.5,test,sd1.5_lowstep_213.jpg
AGIQA-3K-full,sd1.5_lowstep_214,AGIQA-4e1e536bcea3,sd1.5,train,sd1.5_lowstep_214.jpg
AGIQA-3K-full,sd1.5_lowstep_215,AGIQA-9f5e9f552c1f,sd1.5,train,sd1.5_lowstep_215.jpg
AGIQA-3K-full,sd1.5_lowstep_216,AGIQA-d13d1e283f4a,sd1.5,train,sd1.5_lowstep_216.jpg
AGIQA-3K-full,sd1.5_lowstep_217,AGIQA-134b48baf98c,sd1.5,test,sd1.5_lowstep_217.jpg
AGIQA-3K-full,sd1.5_lowstep_218,AGIQA-7fd02b84fda4,sd1.5,train,sd1.5_lowstep_218.jpg
AGIQA-3K-full,sd1.5_lowstep_219,AGIQA-6c43873cc393,sd1.5,train,sd1.5_lowstep_219.jpg
AGIQA-3K-full,sd1.5_lowstep_220,AGIQA-6984fcb7131c,sd1.5,train,sd1.5_lowstep_220.jpg
AGIQA-3K-full,sd1.5_lowstep_221,AGIQA-5a96f6ee9f99,sd1.5,train,sd1.5_lowstep_221.jpg
AGIQA-3K-full,sd1.5_lowstep_222,AGIQA-cd76a0b6f05b,sd1.5,train,sd1.5_lowstep_222.jpg
AGIQA-3K-full,sd1.5_lowstep_223,AGIQA-a8b31dec1e08,sd1.5,test,sd1.5_lowstep_223.jpg
AGIQA-3K-full,sd1.5_lowstep_224,AGIQA-5ff95d19c989,sd1.5,train,sd1.5_lowstep_224.jpg
AGIQA-3K-full,sd1.5_lowstep_225,AGIQA-487a4d95b14e,sd1.5,train,sd1.5_lowstep_225.jpg
AGIQA-3K-full,sd1.5_lowstep_226,AGIQA-3f4b2678c41e,sd1.5,train,sd1.5_lowstep_226.jpg
AGIQA-3K-full,sd1.5_lowstep_227,AGIQA-4a6f7b7171c3,sd1.5,train,sd1.5_lowstep_227.jpg
AGIQA-3K-full,sd1.5_lowstep_228,AGIQA-7fbcbc5d2602,sd1.5,train,sd1.5_lowstep_228.jpg
AGIQA-3K-full,sd1.5_lowstep_229,AGIQA-e24d681d42fa,sd1.5,val,sd1.5_lowstep_229.jpg
AGIQA-3K-full,sd1.5_lowstep_230,AGIQA-241858497b40,sd1.5,train,sd1.5_lowstep_230.jpg
AGIQA-3K-full,sd1.5_lowstep_231,AGIQA-26f3387f29d6,sd1.5,train,sd1.5_lowstep_231.jpg
AGIQA-3K-full,sd1.5_lowstep_232,AGIQA-aa96d239cb01,sd1.5,test,sd1.5_lowstep_232.jpg
AGIQA-3K-full,sd1.5_lowstep_233,AGIQA-91018ec483b8,sd1.5,train,sd1.5_lowstep_233.jpg
AGIQA-3K-full,sd1.5_lowstep_234,AGIQA-72adf7554aff,sd1.5,train,sd1.5_lowstep_234.jpg
AGIQA-3K-full,sd1.5_lowstep_235,AGIQA-839d3f4d0d53,sd1.5,train,sd1.5_lowstep_235.jpg
AGIQA-3K-full,sd1.5_lowstep_236,AGIQA-5274466c7aca,sd1.5,train,sd1.5_lowstep_236.jpg
AGIQA-3K-full,sd1.5_lowstep_237,AGIQA-bc6103aabea5,sd1.5,train,sd1.5_lowstep_237.jpg
AGIQA-3K-full,sd1.5_lowstep_238,AGIQA-88225797d231,sd1.5,train,sd1.5_lowstep_238.jpg
AGIQA-3K-full,sd1.5_lowstep_239,AGIQA-3857fb86efc3,sd1.5,train,sd1.5_lowstep_239.jpg
AGIQA-3K-full,sd1.5_lowstep_240,AGIQA-d10db1886c8a,sd1.5,train,sd1.5_lowstep_240.jpg
AGIQA-3K-full,sd1.5_lowstep_241,AGIQA-fa91e9db53b1,sd1.5,test,sd1.5_lowstep_241.jpg
AGIQA-3K-full,sd1.5_lowstep_242,AGIQA-d42754ac4940,sd1.5,train,sd1.5_lowstep_242.jpg
AGIQA-3K-full,sd1.5_lowstep_243,AGIQA-88d44d2b19b7,sd1.5,train,sd1.5_lowstep_243.jpg
AGIQA-3K-full,sd1.5_lowstep_244,AGIQA-bc5561a2eb72,sd1.5,test,sd1.5_lowstep_244.jpg
AGIQA-3K-full,sd1.5_lowstep_245,AGIQA-da1aef0b6659,sd1.5,train,sd1.5_lowstep_245.jpg
AGIQA-3K-full,sd1.5_lowstep_246,AGIQA-187732966a3e,sd1.5,train,sd1.5_lowstep_246.jpg
AGIQA-3K-full,sd1.5_lowstep_247,AGIQA-aeeef558303e,sd1.5,train,sd1.5_lowstep_247.jpg
AGIQA-3K-full,sd1.5_lowstep_248,AGIQA-87561c35fad9,sd1.5,train,sd1.5_lowstep_248.jpg
AGIQA-3K-full,sd1.5_lowstep_249,AGIQA-a0b65ad08740,sd1.5,train,sd1.5_lowstep_249.jpg
AGIQA-3K-full,sd1.5_lowstep_250,AGIQA-825246a5adcd,sd1.5,train,sd1.5_lowstep_250.jpg
AGIQA-3K-full,sd1.5_lowstep_251,AGIQA-ee5f5afeb342,sd1.5,train,sd1.5_lowstep_251.jpg
AGIQA-3K-full,sd1.5_lowstep_252,AGIQA-8c1a38da7994,sd1.5,val,sd1.5_lowstep_252.jpg
AGIQA-3K-full,sd1.5_lowstep_253,AGIQA-b04d851afc73,sd1.5,train,sd1.5_lowstep_253.jpg
AGIQA-3K-full,sd1.5_lowstep_254,AGIQA-e1565d54217f,sd1.5,train,sd1.5_lowstep_254.jpg
AGIQA-3K-full,sd1.5_lowstep_255,AGIQA-9d4135098745,sd1.5,train,sd1.5_lowstep_255.jpg
AGIQA-3K-full,sd1.5_lowstep_256,AGIQA-d89e46130a96,sd1.5,train,sd1.5_lowstep_256.jpg
AGIQA-3K-full,sd1.5_lowstep_257,AGIQA-2d2bb0095437,sd1.5,train,sd1.5_lowstep_257.jpg
AGIQA-3K-full,sd1.5_lowstep_258,AGIQA-0f181149eb2a,sd1.5,test,sd1.5_lowstep_258.jpg
AGIQA-3K-full,sd1.5_lowstep_259,AGIQA-6d4fab56dcb7,sd1.5,train,sd1.5_lowstep_259.jpg
AGIQA-3K-full,sd1.5_lowstep_260,AGIQA-4fd99e98bfcc,sd1.5,test,sd1.5_lowstep_260.jpg
AGIQA-3K-full,sd1.5_lowstep_261,AGIQA-52db3e0e841b,sd1.5,train,sd1.5_lowstep_261.jpg
AGIQA-3K-full,sd1.5_lowstep_262,AGIQA-89e1b69268a9,sd1.5,test,sd1.5_lowstep_262.jpg
AGIQA-3K-full,sd1.5_lowstep_263,AGIQA-4234732c7ece,sd1.5,train,sd1.5_lowstep_263.jpg
AGIQA-3K-full,sd1.5_lowstep_264,AGIQA-60869db09321,sd1.5,test,sd1.5_lowstep_264.jpg
AGIQA-3K-full,sd1.5_lowstep_265,AGIQA-c832635dd360,sd1.5,val,sd1.5_lowstep_265.jpg
AGIQA-3K-full,sd1.5_lowstep_266,AGIQA-47f01f744d95,sd1.5,test,sd1.5_lowstep_266.jpg
AGIQA-3K-full,sd1.5_lowstep_267,AGIQA-48249fb46134,sd1.5,train,sd1.5_lowstep_267.jpg
AGIQA-3K-full,sd1.5_lowstep_268,AGIQA-4f5b8417ba27,sd1.5,test,sd1.5_lowstep_268.jpg
AGIQA-3K-full,sd1.5_lowstep_269,AGIQA-c0979fe5af15,sd1.5,train,sd1.5_lowstep_269.jpg
AGIQA-3K-full,sd1.5_lowstep_270,AGIQA-9f4df369c33d,sd1.5,test,sd1.5_lowstep_270.jpg
AGIQA-3K-full,sd1.5_lowstep_271,AGIQA-c501dfbf43d4,sd1.5,test,sd1.5_lowstep_271.jpg
AGIQA-3K-full,sd1.5_lowstep_272,AGIQA-c6ede13840bf,sd1.5,train,sd1.5_lowstep_272.jpg
AGIQA-3K-full,sd1.5_lowstep_273,AGIQA-eeca63819cae,sd1.5,train,sd1.5_lowstep_273.jpg
AGIQA-3K-full,sd1.5_lowstep_274,AGIQA-373eecf8fe79,sd1.5,val,sd1.5_lowstep_274.jpg
AGIQA-3K-full,sd1.5_lowstep_275,AGIQA-ec8970400b03,sd1.5,train,sd1.5_lowstep_275.jpg
AGIQA-3K-full,sd1.5_lowstep_276,AGIQA-700f85e93cd9,sd1.5,train,sd1.5_lowstep_276.jpg
AGIQA-3K-full,sd1.5_lowstep_277,AGIQA-285ccdf13939,sd1.5,val,sd1.5_lowstep_277.jpg
AGIQA-3K-full,sd1.5_lowstep_278,AGIQA-1cf041a27e5a,sd1.5,train,sd1.5_lowstep_278.jpg
AGIQA-3K-full,sd1.5_lowstep_279,AGIQA-c6c3a07b14f5,sd1.5,train,sd1.5_lowstep_279.jpg
AGIQA-3K-full,sd1.5_lowstep_280,AGIQA-a366638220c2,sd1.5,train,sd1.5_lowstep_280.jpg
AGIQA-3K-full,sd1.5_lowstep_281,AGIQA-9ca8817fa0d7,sd1.5,test,sd1.5_lowstep_281.jpg
AGIQA-3K-full,sd1.5_lowstep_282,AGIQA-f1e866c8ce87,sd1.5,train,sd1.5_lowstep_282.jpg
AGIQA-3K-full,sd1.5_lowstep_283,AGIQA-3ddae4e47c34,sd1.5,test,sd1.5_lowstep_283.jpg
AGIQA-3K-full,sd1.5_lowstep_284,AGIQA-514b19bebc24,sd1.5,train,sd1.5_lowstep_284.jpg
AGIQA-3K-full,sd1.5_lowstep_285,AGIQA-46145207aed7,sd1.5,train,sd1.5_lowstep_285.jpg
AGIQA-3K-full,sd1.5_lowstep_286,AGIQA-574bc6573ac1,sd1.5,train,sd1.5_lowstep_286.jpg
AGIQA-3K-full,sd1.5_lowstep_287,AGIQA-a506eb9141fd,sd1.5,train,sd1.5_lowstep_287.jpg
AGIQA-3K-full,sd1.5_lowstep_288,AGIQA-17d81fa16810,sd1.5,test,sd1.5_lowstep_288.jpg
AGIQA-3K-full,sd1.5_lowstep_289,AGIQA-fef3bc0ee319,sd1.5,train,sd1.5_lowstep_289.jpg
AGIQA-3K-full,sd1.5_lowstep_290,AGIQA-ce56cd7a084b,sd1.5,val,sd1.5_lowstep_290.jpg
AGIQA-3K-full,sd1.5_lowstep_291,AGIQA-5e81c05a2b19,sd1.5,train,sd1.5_lowstep_291.jpg
AGIQA-3K-full,sd1.5_lowstep_292,AGIQA-b93675144038,sd1.5,test,sd1.5_lowstep_292.jpg
AGIQA-3K-full,sd1.5_lowstep_293,AGIQA-a8aeedd21648,sd1.5,test,sd1.5_lowstep_293.jpg
AGIQA-3K-full,sd1.5_lowstep_294,AGIQA-73445cd4e31d,sd1.5,train,sd1.5_lowstep_294.jpg
AGIQA-3K-full,sd1.5_lowstep_295,AGIQA-d6cfbcb0b65b,sd1.5,val,sd1.5_lowstep_295.jpg
AGIQA-3K-full,sd1.5_lowstep_296,AGIQA-cda73163d4e7,sd1.5,train,sd1.5_lowstep_296.jpg
AGIQA-3K-full,sd1.5_lowstep_297,AGIQA-017d4ba8d955,sd1.5,train,sd1.5_lowstep_297.jpg
AGIQA-3K-full,sd1.5_lowstep_298,AGIQA-7e20efbb16ae,sd1.5,train,sd1.5_lowstep_298.jpg
AGIQA-3K-full,sd1.5_lowstep_299,AGIQA-53a40ffc7b8e,sd1.5,train,sd1.5_lowstep_299.jpg
AGIQA-3K-full,sd1.5_normal_000,AGIQA-6450500ef537,sd1.5,train,sd1.5_normal_000.jpg
AGIQA-3K-full,sd1.5_normal_001,AGIQA-7a6a19473264,sd1.5,train,sd1.5_normal_001.jpg
AGIQA-3K-full,sd1.5_normal_002,AGIQA-e7cac214d6e9,sd1.5,train,sd1.5_normal_002.jpg
AGIQA-3K-full,sd1.5_normal_003,AGIQA-e9a8981cd29f,sd1.5,train,sd1.5_normal_003.jpg
AGIQA-3K-full,sd1.5_normal_004,AGIQA-483967d836ca,sd1.5,val,sd1.5_normal_004.jpg
AGIQA-3K-full,sd1.5_normal_005,AGIQA-e217ce39c73f,sd1.5,train,sd1.5_normal_005.jpg
AGIQA-3K-full,sd1.5_normal_006,AGIQA-eaf6e4c20ea4,sd1.5,test,sd1.5_normal_006.jpg
AGIQA-3K-full,sd1.5_normal_007,AGIQA-d7a1414ab859,sd1.5,train,sd1.5_normal_007.jpg
AGIQA-3K-full,sd1.5_normal_008,AGIQA-15be354bb96e,sd1.5,train,sd1.5_normal_008.jpg
AGIQA-3K-full,sd1.5_normal_009,AGIQA-9821efa7c5f4,sd1.5,test,sd1.5_normal_009.jpg
AGIQA-3K-full,sd1.5_normal_010,AGIQA-1140c78e0ae6,sd1.5,test,sd1.5_normal_010.jpg
AGIQA-3K-full,sd1.5_normal_011,AGIQA-5ef6165535cc,sd1.5,test,sd1.5_normal_011.jpg
AGIQA-3K-full,sd1.5_normal_012,AGIQA-e334be82922d,sd1.5,train,sd1.5_normal_012.jpg
AGIQA-3K-full,sd1.5_normal_013,AGIQA-a1025dda6741,sd1.5,test,sd1.5_normal_013.jpg
AGIQA-3K-full,sd1.5_normal_014,AGIQA-5157585510fa,sd1.5,test,sd1.5_normal_014.jpg
AGIQA-3K-full,sd1.5_normal_015,AGIQA-a140832780f0,sd1.5,val,sd1.5_normal_015.jpg
AGIQA-3K-full,sd1.5_normal_016,AGIQA-29db9d3c3030,sd1.5,test,sd1.5_normal_016.jpg
AGIQA-3K-full,sd1.5_normal_017,AGIQA-735ffd33c35d,sd1.5,train,sd1.5_normal_017.jpg
AGIQA-3K-full,sd1.5_normal_018,AGIQA-3fbe71b5e645,sd1.5,test,sd1.5_normal_018.jpg
AGIQA-3K-full,sd1.5_normal_019,AGIQA-24062dcfadad,sd1.5,train,sd1.5_normal_019.jpg
AGIQA-3K-full,sd1.5_normal_020,AGIQA-9eeb9b8e3f8e,sd1.5,test,sd1.5_normal_020.jpg
AGIQA-3K-full,sd1.5_normal_021,AGIQA-1371abf2f93d,sd1.5,test,sd1.5_normal_021.jpg
AGIQA-3K-full,sd1.5_normal_022,AGIQA-6c6164597781,sd1.5,test,sd1.5_normal_022.jpg
AGIQA-3K-full,sd1.5_normal_023,AGIQA-0af5d168f24a,sd1.5,train,sd1.5_normal_023.jpg
AGIQA-3K-full,sd1.5_normal_024,AGIQA-889cbd060604,sd1.5,train,sd1.5_normal_024.jpg
AGIQA-3K-full,sd1.5_normal_025,AGIQA-30e86978cc84,sd1.5,test,sd1.5_normal_025.jpg
AGIQA-3K-full,sd1.5_normal_026,AGIQA-345eec9dd421,sd1.5,test,sd1.5_normal_026.jpg
AGIQA-3K-full,sd1.5_normal_027,AGIQA-37dfb2ab2ae5,sd1.5,test,sd1.5_normal_027.jpg
AGIQA-3K-full,sd1.5_normal_028,AGIQA-1bff9303dbad,sd1.5,train,sd1.5_normal_028.jpg
AGIQA-3K-full,sd1.5_normal_029,AGIQA-a6ab88e8fd89,sd1.5,train,sd1.5_normal_029.jpg
AGIQA-3K-full,sd1.5_normal_030,AGIQA-d2336a69fe20,sd1.5,train,sd1.5_normal_030.jpg
AGIQA-3K-full,sd1.5_normal_031,AGIQA-8a1982e9c4e2,sd1.5,val,sd1.5_normal_031.jpg
AGIQA-3K-full,sd1.5_normal_032,AGIQA-c8866246ba2d,sd1.5,test,sd1.5_normal_032.jpg
AGIQA-3K-full,sd1.5_normal_033,AGIQA-f587e366ca8f,sd1.5,train,sd1.5_normal_033.jpg
AGIQA-3K-full,sd1.5_normal_034,AGIQA-d91a18f3f62c,sd1.5,train,sd1.5_normal_034.jpg
AGIQA-3K-full,sd1.5_normal_035,AGIQA-a408155fcc7c,sd1.5,train,sd1.5_normal_035.jpg
AGIQA-3K-full,sd1.5_normal_036,AGIQA-a8e2e7bf98bc,sd1.5,train,sd1.5_normal_036.jpg
AGIQA-3K-full,sd1.5_normal_037,AGIQA-2ff96029d612,sd1.5,train,sd1.5_normal_037.jpg
AGIQA-3K-full,sd1.5_normal_038,AGIQA-699c069d0958,sd1.5,train,sd1.5_normal_038.jpg
AGIQA-3K-full,sd1.5_normal_039,AGIQA-bb9a47ae293e,sd1.5,train,sd1.5_normal_039.jpg
AGIQA-3K-full,sd1.5_normal_040,AGIQA-1bdd03baf926,sd1.5,train,sd1.5_normal_040.jpg
AGIQA-3K-full,sd1.5_normal_041,AGIQA-b5139fecf4ac,sd1.5,test,sd1.5_normal_041.jpg
AGIQA-3K-full,sd1.5_normal_042,AGIQA-b93c19ff75f8,sd1.5,train,sd1.5_normal_042.jpg
AGIQA-3K-full,sd1.5_normal_043,AGIQA-aeb19603c48e,sd1.5,train,sd1.5_normal_043.jpg
AGIQA-3K-full,sd1.5_normal_044,AGIQA-02bef5c360e8,sd1.5,train,sd1.5_normal_044.jpg
AGIQA-3K-full,sd1.5_normal_045,AGIQA-352213e9322c,sd1.5,train,sd1.5_normal_045.jpg
AGIQA-3K-full,sd1.5_normal_046,AGIQA-3d5b4a0897ba,sd1.5,train,sd1.5_normal_046.jpg
AGIQA-3K-full,sd1.5_normal_047,AGIQA-02d4f0376aa1,sd1.5,test,sd1.5_normal_047.jpg
AGIQA-3K-full,sd1.5_normal_048,AGIQA-cba821e04d7f,sd1.5,val,sd1.5_normal_048.jpg
AGIQA-3K-full,sd1.5_normal_049,AGIQA-2156f8055773,sd1.5,train,sd1.5_normal_049.jpg
AGIQA-3K-full,sd1.5_normal_050,AGIQA-15a87eed536a,sd1.5,train,sd1.5_normal_050.jpg
AGIQA-3K-full,sd1.5_normal_051,AGIQA-bc7e65d64dc1,sd1.5,train,sd1.5_normal_051.jpg
AGIQA-3K-full,sd1.5_normal_052,AGIQA-b2ca21ea25ce,sd1.5,train,sd1.5_normal_052.jpg
AGIQA-3K-full,sd1.5_normal_053,AGIQA-305317b84702,sd1.5,test,sd1.5_normal_053.jpg
AGIQA-3K-full,sd1.5_normal_054,AGIQA-94c6cce5b494,sd1.5,test,sd1.5_normal_054.jpg
AGIQA-3K-full,sd1.5_normal_055,AGIQA-270ab27b4cc3,sd1.5,test,sd1.5_normal_055.jpg
AGIQA-3K-full,sd1.5_normal_056,AGIQA-ee79cf3a1533,sd1.5,train,sd1.5_normal_056.jpg
AGIQA-3K-full,sd1.5_normal_057,AGIQA-3e01a171ef14,sd1.5,train,sd1.5_normal_057.jpg
AGIQA-3K-full,sd1.5_normal_058,AGIQA-7a4d12587948,sd1.5,train,sd1.5_normal_058.jpg
AGIQA-3K-full,sd1.5_normal_059,AGIQA-93fc7fc78148,sd1.5,test,sd1.5_normal_059.jpg
AGIQA-3K-full,sd1.5_normal_060,AGIQA-b3af04d6b4f7,sd1.5,train,sd1.5_normal_060.jpg
AGIQA-3K-full,sd1.5_normal_061,AGIQA-3afb49bd87b2,sd1.5,test,sd1.5_normal_061.jpg
AGIQA-3K-full,sd1.5_normal_062,AGIQA-4bd827546f3c,sd1.5,train,sd1.5_normal_062.jpg
AGIQA-3K-full,sd1.5_normal_063,AGIQA-4bfc1ce9717d,sd1.5,test,sd1.5_normal_063.jpg
AGIQA-3K-full,sd1.5_normal_064,AGIQA-0a62a7327a97,sd1.5,train,sd1.5_normal_064.jpg
AGIQA-3K-full,sd1.5_normal_065,AGIQA-1884d73ea603,sd1.5,train,sd1.5_normal_065.jpg
AGIQA-3K-full,sd1.5_normal_066,AGIQA-4d874861883d,sd1.5,train,sd1.5_normal_066.jpg
AGIQA-3K-full,sd1.5_normal_067,AGIQA-36c7ff486bf4,sd1.5,train,sd1.5_normal_067.jpg
AGIQA-3K-full,sd1.5_normal_068,AGIQA-219765781124,sd1.5,train,sd1.5_normal_068.jpg
AGIQA-3K-full,sd1.5_normal_069,AGIQA-f2c705d91de0,sd1.5,train,sd1.5_normal_069.jpg
AGIQA-3K-full,sd1.5_normal_070,AGIQA-7a34b7800c8c,sd1.5,train,sd1.5_normal_070.jpg
AGIQA-3K-full,sd1.5_normal_071,AGIQA-26e9b65319ac,sd1.5,train,sd1.5_normal_071.jpg
AGIQA-3K-full,sd1.5_normal_072,AGIQA-83501ba9c92d,sd1.5,train,sd1.5_normal_072.jpg
AGIQA-3K-full,sd1.5_normal_073,AGIQA-39896a46302d,sd1.5,train,sd1.5_normal_073.jpg
AGIQA-3K-full,sd1.5_normal_074,AGIQA-5da8e22af7e1,sd1.5,test,sd1.5_normal_074.jpg
AGIQA-3K-full,sd1.5_normal_075,AGIQA-e9d4dffbb822,sd1.5,train,sd1.5_normal_075.jpg
AGIQA-3K-full,sd1.5_normal_076,AGIQA-afb2cac1ef8f,sd1.5,train,sd1.5_normal_076.jpg
AGIQA-3K-full,sd1.5_normal_077,AGIQA-b363c8123684,sd1.5,train,sd1.5_normal_077.jpg
AGIQA-3K-full,sd1.5_normal_078,AGIQA-b46354dc17d7,sd1.5,train,sd1.5_normal_078.jpg
AGIQA-3K-full,sd1.5_normal_079,AGIQA-54f1d577611b,sd1.5,train,sd1.5_normal_079.jpg
AGIQA-3K-full,sd1.5_normal_080,AGIQA-62039ebf9238,sd1.5,val,sd1.5_normal_080.jpg
AGIQA-3K-full,sd1.5_normal_081,AGIQA-d3def83b5966,sd1.5,train,sd1.5_normal_081.jpg
AGIQA-3K-full,sd1.5_normal_082,AGIQA-cf265de7c37e,sd1.5,train,sd1.5_normal_082.jpg
AGIQA-3K-full,sd1.5_normal_083,AGIQA-2a787fbb8c5d,sd1.5,train,sd1.5_normal_083.jpg
AGIQA-3K-full,sd1.5_normal_084,AGIQA-74f4e06b1a42,sd1.5,train,sd1.5_normal_084.jpg
AGIQA-3K-full,sd1.5_normal_085,AGIQA-2abccfad8fc0,sd1.5,test,sd1.5_normal_085.jpg
AGIQA-3K-full,sd1.5_normal_086,AGIQA-1747f1a2a6af,sd1.5,train,sd1.5_normal_086.jpg
AGIQA-3K-full,sd1.5_normal_087,AGIQA-7ebd987a0c9d,sd1.5,train,sd1.5_normal_087.jpg
AGIQA-3K-full,sd1.5_normal_088,AGIQA-e34e3aaae310,sd1.5,test,sd1.5_normal_088.jpg
AGIQA-3K-full,sd1.5_normal_089,AGIQA-816e47e299de,sd1.5,test,sd1.5_normal_089.jpg
AGIQA-3K-full,sd1.5_normal_090,AGIQA-1197c8ae3ee4,sd1.5,val,sd1.5_normal_090.jpg
AGIQA-3K-full,sd1.5_normal_091,AGIQA-feb2058c681e,sd1.5,train,sd1.5_normal_091.jpg
AGIQA-3K-full,sd1.5_normal_092,AGIQA-c71137b2c51a,sd1.5,train,sd1.5_normal_092.jpg
AGIQA-3K-full,sd1.5_normal_093,AGIQA-ee97a207c282,sd1.5,train,sd1.5_normal_093.jpg
AGIQA-3K-full,sd1.5_normal_094,AGIQA-7f624ef10c68,sd1.5,train,sd1.5_normal_094.jpg
AGIQA-3K-full,sd1.5_normal_095,AGIQA-7b69fd0727e0,sd1.5,test,sd1.5_normal_095.jpg
AGIQA-3K-full,sd1.5_normal_096,AGIQA-2c5ac90ad3a2,sd1.5,test,sd1.5_normal_096.jpg
AGIQA-3K-full,sd1.5_normal_097,AGIQA-014fd2ea1608,sd1.5,train,sd1.5_normal_097.jpg
AGIQA-3K-full,sd1.5_normal_098,AGIQA-b54a8612f6ee,sd1.5,train,sd1.5_normal_098.jpg
AGIQA-3K-full,sd1.5_normal_099,AGIQA-f235fa2da3be,sd1.5,test,sd1.5_normal_099.jpg
AGIQA-3K-full,sd1.5_normal_100,AGIQA-abc1c7e34703,sd1.5,train,sd1.5_normal_100.jpg
AGIQA-3K-full,sd1.5_normal_101,AGIQA-0c9dbafc59fd,sd1.5,train,sd1.5_normal_101.jpg
AGIQA-3K-full,sd1.5_normal_102,AGIQA-b81bc55a8c04,sd1.5,test,sd1.5_normal_102.jpg
AGIQA-3K-full,sd1.5_normal_103,AGIQA-78a9d596c8e2,sd1.5,train,sd1.5_normal_103.jpg
AGIQA-3K-full,sd1.5_normal_104,AGIQA-3928f0e8749e,sd1.5,train,sd1.5_normal_104.jpg
AGIQA-3K-full,sd1.5_normal_105,AGIQA-2a821ca75a7f,sd1.5,train,sd1.5_normal_105.jpg
AGIQA-3K-full,sd1.5_normal_106,AGIQA-59dc946e81a2,sd1.5,train,sd1.5_normal_106.jpg
AGIQA-3K-full,sd1.5_normal_107,AGIQA-03c8e945e5e6,sd1.5,train,sd1.5_normal_107.jpg
AGIQA-3K-full,sd1.5_normal_108,AGIQA-644129240816,sd1.5,test,sd1.5_normal_108.jpg
AGIQA-3K-full,sd1.5_normal_109,AGIQA-ea81604fe371,sd1.5,train,sd1.5_normal_109.jpg
AGIQA-3K-full,sd1.5_normal_110,AGIQA-f43114d1ab3a,sd1.5,test,sd1.5_normal_110.jpg
AGIQA-3K-full,sd1.5_normal_111,AGIQA-eda6cf20fa3c,sd1.5,test,sd1.5_normal_111.jpg
AGIQA-3K-full,sd1.5_normal_112,AGIQA-59dcddbad987,sd1.5,train,sd1.5_normal_112.jpg
AGIQA-3K-full,sd1.5_normal_113,AGIQA-1796a3b42bb8,sd1.5,train,sd1.5_normal_113.jpg
AGIQA-3K-full,sd1.5_normal_114,AGIQA-a023778c0dea,sd1.5,test,sd1.5_normal_114.jpg
AGIQA-3K-full,sd1.5_normal_115,AGIQA-27a786146efe,sd1.5,test,sd1.5_normal_115.jpg
AGIQA-3K-full,sd1.5_normal_116,AGIQA-77e327fe685d,sd1.5,train,sd1.5_normal_116.jpg
AGIQA-3K-full,sd1.5_normal_117,AGIQA-3b493022153b,sd1.5,val,sd1.5_normal_117.jpg
AGIQA-3K-full,sd1.5_normal_118,AGIQA-5a56ef85786d,sd1.5,train,sd1.5_normal_118.jpg
AGIQA-3K-full,sd1.5_normal_119,AGIQA-9738ea13169e,sd1.5,train,sd1.5_normal_119.jpg
AGIQA-3K-full,sd1.5_normal_120,AGIQA-a17cac72240f,sd1.5,train,sd1.5_normal_120.jpg
AGIQA-3K-full,sd1.5_normal_121,AGIQA-4feb70c847f4,sd1.5,train,sd1.5_normal_121.jpg
AGIQA-3K-full,sd1.5_normal_122,AGIQA-be3331e07988,sd1.5,train,sd1.5_normal_122.jpg
AGIQA-3K-full,sd1.5_normal_123,AGIQA-d85820862dc4,sd1.5,train,sd1.5_normal_123.jpg
AGIQA-3K-full,sd1.5_normal_124,AGIQA-c63fdfc307d3,sd1.5,train,sd1.5_normal_124.jpg
AGIQA-3K-full,sd1.5_normal_125,AGIQA-e741bfb60d9b,sd1.5,train,sd1.5_normal_125.jpg
AGIQA-3K-full,sd1.5_normal_126,AGIQA-595b239959ca,sd1.5,train,sd1.5_normal_126.jpg
AGIQA-3K-full,sd1.5_normal_127,AGIQA-e1aaa6732d97,sd1.5,train,sd1.5_normal_127.jpg
AGIQA-3K-full,sd1.5_normal_128,AGIQA-7d9bd08d7a8f,sd1.5,train,sd1.5_normal_128.jpg
AGIQA-3K-full,sd1.5_normal_129,AGIQA-deadc33d802a,sd1.5,test,sd1.5_normal_129.jpg
AGIQA-3K-full,sd1.5_normal_130,AGIQA-7902e7eb768c,sd1.5,test,sd1.5_normal_130.jpg
AGIQA-3K-full,sd1.5_normal_131,AGIQA-f2bad7e493a9,sd1.5,train,sd1.5_normal_131.jpg
AGIQA-3K-full,sd1.5_normal_132,AGIQA-60ca7af68f09,sd1.5,train,sd1.5_normal_132.jpg
AGIQA-3K-full,sd1.5_normal_133,AGIQA-1fe09d7fece1,sd1.5,train,sd1.5_normal_133.jpg
AGIQA-3K-full,sd1.5_normal_134,AGIQA-b098ca961012,sd1.5,train,sd1.5_normal_134.jpg
AGIQA-3K-full,sd1.5_normal_135,AGIQA-32695c5aaca1,sd1.5,train,sd1.5_normal_135.jpg
AGIQA-3K-full,sd1.5_normal_136,AGIQA-791d9b65af34,sd1.5,val,sd1.5_normal_136.jpg
AGIQA-3K-full,sd1.5_normal_137,AGIQA-e18bbae5650c,sd1.5,train,sd1.5_normal_137.jpg
AGIQA-3K-full,sd1.5_normal_138,AGIQA-574b3b311b78,sd1.5,train,sd1.5_normal_138.jpg
AGIQA-3K-full,sd1.5_normal_139,AGIQA-acd72daab110,sd1.5,train,sd1.5_normal_139.jpg
AGIQA-3K-full,sd1.5_normal_140,AGIQA-0b211930e1ec,sd1.5,val,sd1.5_normal_140.jpg
AGIQA-3K-full,sd1.5_normal_141,AGIQA-e9592c752d9b,sd1.5,val,sd1.5_normal_141.jpg
AGIQA-3K-full,sd1.5_normal_142,AGIQA-e7cc1ec65d08,sd1.5,val,sd1.5_normal_142.jpg
AGIQA-3K-full,sd1.5_normal_143,AGIQA-b81f063b0196,sd1.5,train,sd1.5_normal_143.jpg
AGIQA-3K-full,sd1.5_normal_144,AGIQA-cae137e1ee63,sd1.5,train,sd1.5_normal_144.jpg
AGIQA-3K-full,sd1.5_normal_145,AGIQA-dde35eb2e0dc,sd1.5,train,sd1.5_normal_145.jpg
AGIQA-3K-full,sd1.5_normal_146,AGIQA-e669a8afc0c5,sd1.5,train,sd1.5_normal_146.jpg
AGIQA-3K-full,sd1.5_normal_147,AGIQA-65dcda74e31d,sd1.5,train,sd1.5_normal_147.jpg
AGIQA-3K-full,sd1.5_normal_148,AGIQA-e3e64e0b691a,sd1.5,train,sd1.5_normal_148.jpg
AGIQA-3K-full,sd1.5_normal_149,AGIQA-030bb6c4d0f5,sd1.5,train,sd1.5_normal_149.jpg
AGIQA-3K-full,sd1.5_normal_150,AGIQA-8aa1f30180ff,sd1.5,train,sd1.5_normal_150.jpg
AGIQA-3K-full,sd1.5_normal_151,AGIQA-486f4dfa9e30,sd1.5,train,sd1.5_normal_151.jpg
AGIQA-3K-full,sd1.5_normal_152,AGIQA-32c2b941b58b,sd1.5,val,sd1.5_normal_152.jpg
AGIQA-3K-full,sd1.5_normal_153,AGIQA-14a193611262,sd1.5,val,sd1.5_normal_153.jpg
AGIQA-3K-full,sd1.5_normal_154,AGIQA-dc46dc776f6b,sd1.5,train,sd1.5_normal_154.jpg
AGIQA-3K-full,sd1.5_normal_155,AGIQA-fbff6ac32dea,sd1.5,test,sd1.5_normal_155.jpg
AGIQA-3K-full,sd1.5_normal_156,AGIQA-72804a0e6e4a,sd1.5,train,sd1.5_normal_156.jpg
AGIQA-3K-full,sd1.5_normal_157,AGIQA-fecb9ae06c54,sd1.5,train,sd1.5_normal_157.jpg
AGIQA-3K-full,sd1.5_normal_158,AGIQA-e79ea28fe7cf,sd1.5,train,sd1.5_normal_158.jpg
AGIQA-3K-full,sd1.5_normal_159,AGIQA-d8761fa80171,sd1.5,train,sd1.5_normal_159.jpg
AGIQA-3K-full,sd1.5_normal_160,AGIQA-4901d63eed08,sd1.5,train,sd1.5_normal_160.jpg
AGIQA-3K-full,sd1.5_normal_161,AGIQA-472af7225929,sd1.5,val,sd1.5_normal_161.jpg
AGIQA-3K-full,sd1.5_normal_162,AGIQA-3a92ca053cc1,sd1.5,train,sd1.5_normal_162.jpg
AGIQA-3K-full,sd1.5_normal_163,AGIQA-bedd004ea063,sd1.5,train,sd1.5_normal_163.jpg
AGIQA-3K-full,sd1.5_normal_164,AGIQA-9ddef994f4d6,sd1.5,train,sd1.5_normal_164.jpg
AGIQA-3K-full,sd1.5_normal_165,AGIQA-45c2f3a4f7aa,sd1.5,train,sd1.5_normal_165.jpg
AGIQA-3K-full,sd1.5_normal_166,AGIQA-cf188c67a9b8,sd1.5,train,sd1.5_normal_166.jpg
AGIQA-3K-full,sd1.5_normal_167,AGIQA-5e7c64fdbc18,sd1.5,test,sd1.5_normal_167.jpg
AGIQA-3K-full,sd1.5_normal_168,AGIQA-b1da0547c2f4,sd1.5,train,sd1.5_normal_168.jpg
AGIQA-3K-full,sd1.5_normal_169,AGIQA-b5383b49e05b,sd1.5,test,sd1.5_normal_169.jpg
AGIQA-3K-full,sd1.5_normal_170,AGIQA-0de51307d9da,sd1.5,test,sd1.5_normal_170.jpg
AGIQA-3K-full,sd1.5_normal_171,AGIQA-2b1c5c5c141b,sd1.5,train,sd1.5_normal_171.jpg
AGIQA-3K-full,sd1.5_normal_172,AGIQA-2823adb86f2f,sd1.5,train,sd1.5_normal_172.jpg
AGIQA-3K-full,sd1.5_normal_173,AGIQA-1635df37570d,sd1.5,test,sd1.5_normal_173.jpg
AGIQA-3K-full,sd1.5_normal_174,AGIQA-ef9db73da947,sd1.5,train,sd1.5_normal_174.jpg
AGIQA-3K-full,sd1.5_normal_175,AGIQA-4ae23c11e1b3,sd1.5,train,sd1.5_normal_175.jpg
AGIQA-3K-full,sd1.5_normal_176,AGIQA-121c83e82f96,sd1.5,test,sd1.5_normal_176.jpg
AGIQA-3K-full,sd1.5_normal_177,AGIQA-e38538486536,sd1.5,train,sd1.5_normal_177.jpg
AGIQA-3K-full,sd1.5_normal_178,AGIQA-bd6e7cde02fc,sd1.5,train,sd1.5_normal_178.jpg
AGIQA-3K-full,sd1.5_normal_179,AGIQA-45e156b05235,sd1.5,train,sd1.5_normal_179.jpg
AGIQA-3K-full,sd1.5_normal_180,AGIQA-8fde933261c4,sd1.5,train,sd1.5_normal_180.jpg
AGIQA-3K-full,sd1.5_normal_181,AGIQA-94051c8456d6,sd1.5,train,sd1.5_normal_181.jpg
AGIQA-3K-full,sd1.5_normal_182,AGIQA-32d75345a5f5,sd1.5,test,sd1.5_normal_182.jpg
AGIQA-3K-full,sd1.5_normal_183,AGIQA-ef98e7e5c9ba,sd1.5,train,sd1.5_normal_183.jpg
AGIQA-3K-full,sd1.5_normal_184,AGIQA-893251c5ba76,sd1.5,train,sd1.5_normal_184.jpg
AGIQA-3K-full,sd1.5_normal_185,AGIQA-a69fb8b78eb9,sd1.5,train,sd1.5_normal_185.jpg
AGIQA-3K-full,sd1.5_normal_186,AGIQA-2317a680b698,sd1.5,train,sd1.5_normal_186.jpg
AGIQA-3K-full,sd1.5_normal_187,AGIQA-20d7672f1b9b,sd1.5,train,sd1.5_normal_187.jpg
AGIQA-3K-full,sd1.5_normal_188,AGIQA-fc61b5f30215,sd1.5,train,sd1.5_normal_188.jpg
AGIQA-3K-full,sd1.5_normal_189,AGIQA-15ab7cb9d98f,sd1.5,test,sd1.5_normal_189.jpg
AGIQA-3K-full,sd1.5_normal_190,AGIQA-c2e37db1ba32,sd1.5,train,sd1.5_normal_190.jpg
AGIQA-3K-full,sd1.5_normal_191,AGIQA-8f47e5ab4c6f,sd1.5,train,sd1.5_normal_191.jpg
AGIQA-3K-full,sd1.5_normal_192,AGIQA-31f795290c17,sd1.5,train,sd1.5_normal_192.jpg
AGIQA-3K-full,sd1.5_normal_193,AGIQA-461ba0767435,sd1.5,test,sd1.5_normal_193.jpg
AGIQA-3K-full,sd1.5_normal_194,AGIQA-9f8f853ca083,sd1.5,train,sd1.5_normal_194.jpg
AGIQA-3K-full,sd1.5_normal_195,AGIQA-34fe7242ad9a,sd1.5,test,sd1.5_normal_195.jpg
AGIQA-3K-full,sd1.5_normal_196,AGIQA-0d8602fb1aca,sd1.5,train,sd1.5_normal_196.jpg
AGIQA-3K-full,sd1.5_normal_197,AGIQA-9be3116418d1,sd1.5,val,sd1.5_normal_197.jpg
AGIQA-3K-full,sd1.5_normal_198,AGIQA-fe6c9142be68,sd1.5,train,sd1.5_normal_198.jpg
AGIQA-3K-full,sd1.5_normal_199,AGIQA-7fac06549c79,sd1.5,test,sd1.5_normal_199.jpg
AGIQA-3K-full,sd1.5_normal_200,AGIQA-d9baf8543c9b,sd1.5,train,sd1.5_normal_200.jpg
AGIQA-3K-full,sd1.5_normal_201,AGIQA-aaaac710f29b,sd1.5,val,sd1.5_normal_201.jpg
AGIQA-3K-full,sd1.5_normal_202,AGIQA-8726f694b7d2,sd1.5,train,sd1.5_normal_202.jpg
AGIQA-3K-full,sd1.5_normal_203,AGIQA-b4078d2138ed,sd1.5,train,sd1.5_normal_203.jpg
AGIQA-3K-full,sd1.5_normal_204,AGIQA-864aec596bd9,sd1.5,val,sd1.5_normal_204.jpg
AGIQA-3K-full,sd1.5_normal_205,AGIQA-7c651e36074f,sd1.5,test,sd1.5_normal_205.jpg
AGIQA-3K-full,sd1.5_normal_206,AGIQA-fb42182e75ed,sd1.5,test,sd1.5_normal_206.jpg
AGIQA-3K-full,sd1.5_normal_207,AGIQA-a973dd8fbe31,sd1.5,val,sd1.5_normal_207.jpg
AGIQA-3K-full,sd1.5_normal_208,AGIQA-845b79ffae4e,sd1.5,train,sd1.5_normal_208.jpg
AGIQA-3K-full,sd1.5_normal_209,AGIQA-b1790fdc33ea,sd1.5,train,sd1.5_normal_209.jpg
AGIQA-3K-full,sd1.5_normal_210,AGIQA-5e3045fb58ae,sd1.5,test,sd1.5_normal_210.jpg
AGIQA-3K-full,sd1.5_normal_211,AGIQA-54583bc9220c,sd1.5,test,sd1.5_normal_211.jpg
AGIQA-3K-full,sd1.5_normal_212,AGIQA-7c3be58f6483,sd1.5,train,sd1.5_normal_212.jpg
AGIQA-3K-full,sd1.5_normal_213,AGIQA-957509340f7c,sd1.5,test,sd1.5_normal_213.jpg
AGIQA-3K-full,sd1.5_normal_214,AGIQA-4e1e536bcea3,sd1.5,train,sd1.5_normal_214.jpg
AGIQA-3K-full,sd1.5_normal_215,AGIQA-9f5e9f552c1f,sd1.5,train,sd1.5_normal_215.jpg
AGIQA-3K-full,sd1.5_normal_216,AGIQA-d13d1e283f4a,sd1.5,train,sd1.5_normal_216.jpg
AGIQA-3K-full,sd1.5_normal_217,AGIQA-134b48baf98c,sd1.5,test,sd1.5_normal_217.jpg
AGIQA-3K-full,sd1.5_normal_218,AGIQA-7fd02b84fda4,sd1.5,train,sd1.5_normal_218.jpg
AGIQA-3K-full,sd1.5_normal_219,AGIQA-6c43873cc393,sd1.5,train,sd1.5_normal_219.jpg
AGIQA-3K-full,sd1.5_normal_220,AGIQA-6984fcb7131c,sd1.5,train,sd1.5_normal_220.jpg
AGIQA-3K-full,sd1.5_normal_221,AGIQA-5a96f6ee9f99,sd1.5,train,sd1.5_normal_221.jpg
AGIQA-3K-full,sd1.5_normal_222,AGIQA-cd76a0b6f05b,sd1.5,train,sd1.5_normal_222.jpg
AGIQA-3K-full,sd1.5_normal_223,AGIQA-a8b31dec1e08,sd1.5,test,sd1.5_normal_223.jpg
AGIQA-3K-full,sd1.5_normal_224,AGIQA-5ff95d19c989,sd1.5,train,sd1.5_normal_224.jpg
AGIQA-3K-full,sd1.5_normal_225,AGIQA-487a4d95b14e,sd1.5,train,sd1.5_normal_225.jpg
AGIQA-3K-full,sd1.5_normal_226,AGIQA-3f4b2678c41e,sd1.5,train,sd1.5_normal_226.jpg
AGIQA-3K-full,sd1.5_normal_227,AGIQA-4a6f7b7171c3,sd1.5,train,sd1.5_normal_227.jpg
AGIQA-3K-full,sd1.5_normal_228,AGIQA-7fbcbc5d2602,sd1.5,train,sd1.5_normal_228.jpg
AGIQA-3K-full,sd1.5_normal_229,AGIQA-e24d681d42fa,sd1.5,val,sd1.5_normal_229.jpg
AGIQA-3K-full,sd1.5_normal_230,AGIQA-241858497b40,sd1.5,train,sd1.5_normal_230.jpg
AGIQA-3K-full,sd1.5_normal_231,AGIQA-26f3387f29d6,sd1.5,train,sd1.5_normal_231.jpg
AGIQA-3K-full,sd1.5_normal_232,AGIQA-aa96d239cb01,sd1.5,test,sd1.5_normal_232.jpg
AGIQA-3K-full,sd1.5_normal_233,AGIQA-91018ec483b8,sd1.5,train,sd1.5_normal_233.jpg
AGIQA-3K-full,sd1.5_normal_234,AGIQA-72adf7554aff,sd1.5,train,sd1.5_normal_234.jpg
AGIQA-3K-full,sd1.5_normal_235,AGIQA-839d3f4d0d53,sd1.5,train,sd1.5_normal_235.jpg
AGIQA-3K-full,sd1.5_normal_236,AGIQA-5274466c7aca,sd1.5,train,sd1.5_normal_236.jpg
AGIQA-3K-full,sd1.5_normal_237,AGIQA-bc6103aabea5,sd1.5,train,sd1.5_normal_237.jpg
AGIQA-3K-full,sd1.5_normal_238,AGIQA-88225797d231,sd1.5,train,sd1.5_normal_238.jpg
AGIQA-3K-full,sd1.5_normal_239,AGIQA-3857fb86efc3,sd1.5,train,sd1.5_normal_239.jpg
AGIQA-3K-full,sd1.5_normal_240,AGIQA-d10db1886c8a,sd1.5,train,sd1.5_normal_240.jpg
AGIQA-3K-full,sd1.5_normal_241,AGIQA-fa91e9db53b1,sd1.5,test,sd1.5_normal_241.jpg
AGIQA-3K-full,sd1.5_normal_242,AGIQA-d42754ac4940,sd1.5,train,sd1.5_normal_242.jpg
AGIQA-3K-full,sd1.5_normal_243,AGIQA-88d44d2b19b7,sd1.5,train,sd1.5_normal_243.jpg
AGIQA-3K-full,sd1.5_normal_244,AGIQA-bc5561a2eb72,sd1.5,test,sd1.5_normal_244.jpg
AGIQA-3K-full,sd1.5_normal_245,AGIQA-da1aef0b6659,sd1.5,train,sd1.5_normal_245.jpg
AGIQA-3K-full,sd1.5_normal_246,AGIQA-187732966a3e,sd1.5,train,sd1.5_normal_246.jpg
AGIQA-3K-full,sd1.5_normal_247,AGIQA-aeeef558303e,sd1.5,train,sd1.5_normal_247.jpg
AGIQA-3K-full,sd1.5_normal_248,AGIQA-87561c35fad9,sd1.5,train,sd1.5_normal_248.jpg
AGIQA-3K-full,sd1.5_normal_249,AGIQA-a0b65ad08740,sd1.5,train,sd1.5_normal_249.jpg
AGIQA-3K-full,sd1.5_normal_250,AGIQA-825246a5adcd,sd1.5,train,sd1.5_normal_250.jpg
AGIQA-3K-full,sd1.5_normal_251,AGIQA-ee5f5afeb342,sd1.5,train,sd1.5_normal_251.jpg
AGIQA-3K-full,sd1.5_normal_252,AGIQA-8c1a38da7994,sd1.5,val,sd1.5_normal_252.jpg
AGIQA-3K-full,sd1.5_normal_253,AGIQA-b04d851afc73,sd1.5,train,sd1.5_normal_253.jpg
AGIQA-3K-full,sd1.5_normal_254,AGIQA-e1565d54217f,sd1.5,train,sd1.5_normal_254.jpg
AGIQA-3K-full,sd1.5_normal_255,AGIQA-9d4135098745,sd1.5,train,sd1.5_normal_255.jpg
AGIQA-3K-full,sd1.5_normal_256,AGIQA-d89e46130a96,sd1.5,train,sd1.5_normal_256.jpg
AGIQA-3K-full,sd1.5_normal_257,AGIQA-2d2bb0095437,sd1.5,train,sd1.5_normal_257.jpg
AGIQA-3K-full,sd1.5_normal_258,AGIQA-0f181149eb2a,sd1.5,test,sd1.5_normal_258.jpg
AGIQA-3K-full,sd1.5_normal_259,AGIQA-6d4fab56dcb7,sd1.5,train,sd1.5_normal_259.jpg
AGIQA-3K-full,sd1.5_normal_260,AGIQA-4fd99e98bfcc,sd1.5,test,sd1.5_normal_260.jpg
AGIQA-3K-full,sd1.5_normal_261,AGIQA-52db3e0e841b,sd1.5,train,sd1.5_normal_261.jpg
AGIQA-3K-full,sd1.5_normal_262,AGIQA-89e1b69268a9,sd1.5,test,sd1.5_normal_262.jpg
AGIQA-3K-full,sd1.5_normal_263,AGIQA-4234732c7ece,sd1.5,train,sd1.5_normal_263.jpg
AGIQA-3K-full,sd1.5_normal_264,AGIQA-60869db09321,sd1.5,test,sd1.5_normal_264.jpg
AGIQA-3K-full,sd1.5_normal_265,AGIQA-c832635dd360,sd1.5,val,sd1.5_normal_265.jpg
AGIQA-3K-full,sd1.5_normal_266,AGIQA-47f01f744d95,sd1.5,test,sd1.5_normal_266.jpg
AGIQA-3K-full,sd1.5_normal_267,AGIQA-48249fb46134,sd1.5,train,sd1.5_normal_267.jpg
AGIQA-3K-full,sd1.5_normal_268,AGIQA-4f5b8417ba27,sd1.5,test,sd1.5_normal_268.jpg
AGIQA-3K-full,sd1.5_normal_269,AGIQA-c0979fe5af15,sd1.5,train,sd1.5_normal_269.jpg
AGIQA-3K-full,sd1.5_normal_270,AGIQA-9f4df369c33d,sd1.5,test,sd1.5_normal_270.jpg
AGIQA-3K-full,sd1.5_normal_271,AGIQA-c501dfbf43d4,sd1.5,test,sd1.5_normal_271.jpg
AGIQA-3K-full,sd1.5_normal_272,AGIQA-c6ede13840bf,sd1.5,train,sd1.5_normal_272.jpg
AGIQA-3K-full,sd1.5_normal_273,AGIQA-eeca63819cae,sd1.5,train,sd1.5_normal_273.jpg
AGIQA-3K-full,sd1.5_normal_274,AGIQA-373eecf8fe79,sd1.5,val,sd1.5_normal_274.jpg
AGIQA-3K-full,sd1.5_normal_275,AGIQA-ec8970400b03,sd1.5,train,sd1.5_normal_275.jpg
AGIQA-3K-full,sd1.5_normal_276,AGIQA-700f85e93cd9,sd1.5,train,sd1.5_normal_276.jpg
AGIQA-3K-full,sd1.5_normal_277,AGIQA-285ccdf13939,sd1.5,val,sd1.5_normal_277.jpg
AGIQA-3K-full,sd1.5_normal_278,AGIQA-1cf041a27e5a,sd1.5,train,sd1.5_normal_278.jpg
AGIQA-3K-full,sd1.5_normal_279,AGIQA-c6c3a07b14f5,sd1.5,train,sd1.5_normal_279.jpg
AGIQA-3K-full,sd1.5_normal_280,AGIQA-a366638220c2,sd1.5,train,sd1.5_normal_280.jpg
AGIQA-3K-full,sd1.5_normal_281,AGIQA-9ca8817fa0d7,sd1.5,test,sd1.5_normal_281.jpg
AGIQA-3K-full,sd1.5_normal_282,AGIQA-f1e866c8ce87,sd1.5,train,sd1.5_normal_282.jpg
AGIQA-3K-full,sd1.5_normal_283,AGIQA-3ddae4e47c34,sd1.5,test,sd1.5_normal_283.jpg
AGIQA-3K-full,sd1.5_normal_284,AGIQA-514b19bebc24,sd1.5,train,sd1.5_normal_284.jpg
AGIQA-3K-full,sd1.5_normal_285,AGIQA-46145207aed7,sd1.5,train,sd1.5_normal_285.jpg
AGIQA-3K-full,sd1.5_normal_286,AGIQA-574bc6573ac1,sd1.5,train,sd1.5_normal_286.jpg
AGIQA-3K-full,sd1.5_normal_287,AGIQA-a506eb9141fd,sd1.5,train,sd1.5_normal_287.jpg
AGIQA-3K-full,sd1.5_normal_288,AGIQA-17d81fa16810,sd1.5,test,sd1.5_normal_288.jpg
AGIQA-3K-full,sd1.5_normal_289,AGIQA-fef3bc0ee319,sd1.5,train,sd1.5_normal_289.jpg
AGIQA-3K-full,sd1.5_normal_290,AGIQA-ce56cd7a084b,sd1.5,val,sd1.5_normal_290.jpg
AGIQA-3K-full,sd1.5_normal_291,AGIQA-5e81c05a2b19,sd1.5,train,sd1.5_normal_291.jpg
AGIQA-3K-full,sd1.5_normal_292,AGIQA-b93675144038,sd1.5,test,sd1.5_normal_292.jpg
AGIQA-3K-full,sd1.5_normal_293,AGIQA-a8aeedd21648,sd1.5,test,sd1.5_normal_293.jpg
AGIQA-3K-full,sd1.5_normal_294,AGIQA-73445cd4e31d,sd1.5,train,sd1.5_normal_294.jpg
AGIQA-3K-full,sd1.5_normal_295,AGIQA-d6cfbcb0b65b,sd1.5,val,sd1.5_normal_295.jpg
AGIQA-3K-full,sd1.5_normal_296,AGIQA-cda73163d4e7,sd1.5,train,sd1.5_normal_296.jpg
AGIQA-3K-full,sd1.5_normal_297,AGIQA-017d4ba8d955,sd1.5,train,sd1.5_normal_297.jpg
AGIQA-3K-full,sd1.5_normal_298,AGIQA-7e20efbb16ae,sd1.5,train,sd1.5_normal_298.jpg
AGIQA-3K-full,sd1.5_normal_299,AGIQA-53a40ffc7b8e,sd1.5,train,sd1.5_normal_299.jpg
AGIQA-3K-full,xl2.2_normal_000,AGIQA-6450500ef537,xl2.2,train,xl2.2_normal_000.jpg
AGIQA-3K-full,xl2.2_normal_001,AGIQA-7a6a19473264,xl2.2,train,xl2.2_normal_001.jpg
AGIQA-3K-full,xl2.2_normal_002,AGIQA-e7cac214d6e9,xl2.2,train,xl2.2_normal_002.jpg
AGIQA-3K-full,xl2.2_normal_003,AGIQA-e9a8981cd29f,xl2.2,train,xl2.2_normal_003.jpg
AGIQA-3K-full,xl2.2_normal_004,AGIQA-483967d836ca,xl2.2,val,xl2.2_normal_004.jpg
AGIQA-3K-full,xl2.2_normal_005,AGIQA-e217ce39c73f,xl2.2,train,xl2.2_normal_005.jpg
AGIQA-3K-full,xl2.2_normal_006,AGIQA-eaf6e4c20ea4,xl2.2,test,xl2.2_normal_006.jpg
AGIQA-3K-full,xl2.2_normal_007,AGIQA-d7a1414ab859,xl2.2,train,xl2.2_normal_007.jpg
AGIQA-3K-full,xl2.2_normal_008,AGIQA-15be354bb96e,xl2.2,train,xl2.2_normal_008.jpg
AGIQA-3K-full,xl2.2_normal_009,AGIQA-9821efa7c5f4,xl2.2,test,xl2.2_normal_009.jpg
AGIQA-3K-full,xl2.2_normal_010,AGIQA-1140c78e0ae6,xl2.2,test,xl2.2_normal_010.jpg
AGIQA-3K-full,xl2.2_normal_011,AGIQA-5ef6165535cc,xl2.2,test,xl2.2_normal_011.jpg
AGIQA-3K-full,xl2.2_normal_012,AGIQA-e334be82922d,xl2.2,train,xl2.2_normal_012.jpg
AGIQA-3K-full,xl2.2_normal_013,AGIQA-a1025dda6741,xl2.2,test,xl2.2_normal_013.jpg
AGIQA-3K-full,xl2.2_normal_014,AGIQA-5157585510fa,xl2.2,test,xl2.2_normal_014.jpg
AGIQA-3K-full,xl2.2_normal_015,AGIQA-a140832780f0,xl2.2,val,xl2.2_normal_015.jpg
AGIQA-3K-full,xl2.2_normal_016,AGIQA-29db9d3c3030,xl2.2,test,xl2.2_normal_016.jpg
AGIQA-3K-full,xl2.2_normal_017,AGIQA-735ffd33c35d,xl2.2,train,xl2.2_normal_017.jpg
AGIQA-3K-full,xl2.2_normal_018,AGIQA-3fbe71b5e645,xl2.2,test,xl2.2_normal_018.jpg
AGIQA-3K-full,xl2.2_normal_019,AGIQA-24062dcfadad,xl2.2,train,xl2.2_normal_019.jpg
AGIQA-3K-full,xl2.2_normal_020,AGIQA-9eeb9b8e3f8e,xl2.2,test,xl2.2_normal_020.jpg
AGIQA-3K-full,xl2.2_normal_021,AGIQA-1371abf2f93d,xl2.2,test,xl2.2_normal_021.jpg
AGIQA-3K-full,xl2.2_normal_022,AGIQA-6c6164597781,xl2.2,test,xl2.2_normal_022.jpg
AGIQA-3K-full,xl2.2_normal_023,AGIQA-0af5d168f24a,xl2.2,train,xl2.2_normal_023.jpg
AGIQA-3K-full,xl2.2_normal_024,AGIQA-889cbd060604,xl2.2,train,xl2.2_normal_024.jpg
AGIQA-3K-full,xl2.2_normal_025,AGIQA-30e86978cc84,xl2.2,test,xl2.2_normal_025.jpg
AGIQA-3K-full,xl2.2_normal_026,AGIQA-345eec9dd421,xl2.2,test,xl2.2_normal_026.jpg
AGIQA-3K-full,xl2.2_normal_027,AGIQA-37dfb2ab2ae5,xl2.2,test,xl2.2_normal_027.jpg
AGIQA-3K-full,xl2.2_normal_028,AGIQA-1bff9303dbad,xl2.2,train,xl2.2_normal_028.jpg
AGIQA-3K-full,xl2.2_normal_029,AGIQA-a6ab88e8fd89,xl2.2,train,xl2.2_normal_029.jpg
AGIQA-3K-full,xl2.2_normal_030,AGIQA-d2336a69fe20,xl2.2,train,xl2.2_normal_030.jpg
AGIQA-3K-full,xl2.2_normal_031,AGIQA-8a1982e9c4e2,xl2.2,val,xl2.2_normal_031.jpg
AGIQA-3K-full,xl2.2_normal_032,AGIQA-c8866246ba2d,xl2.2,test,xl2.2_normal_032.jpg
AGIQA-3K-full,xl2.2_normal_033,AGIQA-f587e366ca8f,xl2.2,train,xl2.2_normal_033.jpg
AGIQA-3K-full,xl2.2_normal_034,AGIQA-d91a18f3f62c,xl2.2,train,xl2.2_normal_034.jpg
AGIQA-3K-full,xl2.2_normal_035,AGIQA-a408155fcc7c,xl2.2,train,xl2.2_normal_035.jpg
AGIQA-3K-full,xl2.2_normal_036,AGIQA-a8e2e7bf98bc,xl2.2,train,xl2.2_normal_036.jpg
AGIQA-3K-full,xl2.2_normal_037,AGIQA-2ff96029d612,xl2.2,train,xl2.2_normal_037.jpg
AGIQA-3K-full,xl2.2_normal_038,AGIQA-699c069d0958,xl2.2,train,xl2.2_normal_038.jpg
AGIQA-3K-full,xl2.2_normal_039,AGIQA-bb9a47ae293e,xl2.2,train,xl2.2_normal_039.jpg
AGIQA-3K-full,xl2.2_normal_040,AGIQA-1bdd03baf926,xl2.2,train,xl2.2_normal_040.jpg
AGIQA-3K-full,xl2.2_normal_041,AGIQA-b5139fecf4ac,xl2.2,test,xl2.2_normal_041.jpg
AGIQA-3K-full,xl2.2_normal_042,AGIQA-b93c19ff75f8,xl2.2,train,xl2.2_normal_042.jpg
AGIQA-3K-full,xl2.2_normal_043,AGIQA-aeb19603c48e,xl2.2,train,xl2.2_normal_043.jpg
AGIQA-3K-full,xl2.2_normal_044,AGIQA-02bef5c360e8,xl2.2,train,xl2.2_normal_044.jpg
AGIQA-3K-full,xl2.2_normal_045,AGIQA-352213e9322c,xl2.2,train,xl2.2_normal_045.jpg
AGIQA-3K-full,xl2.2_normal_046,AGIQA-3d5b4a0897ba,xl2.2,train,xl2.2_normal_046.jpg
AGIQA-3K-full,xl2.2_normal_047,AGIQA-02d4f0376aa1,xl2.2,test,xl2.2_normal_047.jpg
AGIQA-3K-full,xl2.2_normal_048,AGIQA-cba821e04d7f,xl2.2,val,xl2.2_normal_048.jpg
AGIQA-3K-full,xl2.2_normal_049,AGIQA-2156f8055773,xl2.2,train,xl2.2_normal_049.jpg
AGIQA-3K-full,xl2.2_normal_050,AGIQA-15a87eed536a,xl2.2,train,xl2.2_normal_050.jpg
AGIQA-3K-full,xl2.2_normal_051,AGIQA-bc7e65d64dc1,xl2.2,train,xl2.2_normal_051.jpg
AGIQA-3K-full,xl2.2_normal_052,AGIQA-b2ca21ea25ce,xl2.2,train,xl2.2_normal_052.jpg
AGIQA-3K-full,xl2.2_normal_053,AGIQA-305317b84702,xl2.2,test,xl2.2_normal_053.jpg
AGIQA-3K-full,xl2.2_normal_054,AGIQA-94c6cce5b494,xl2.2,test,xl2.2_normal_054.jpg
AGIQA-3K-full,xl2.2_normal_055,AGIQA-270ab27b4cc3,xl2.2,test,xl2.2_normal_055.jpg
AGIQA-3K-full,xl2.2_normal_056,AGIQA-ee79cf3a1533,xl2.2,train,xl2.2_normal_056.jpg
AGIQA-3K-full,xl2.2_normal_057,AGIQA-3e01a171ef14,xl2.2,train,xl2.2_normal_057.jpg
AGIQA-3K-full,xl2.2_normal_058,AGIQA-7a4d12587948,xl2.2,train,xl2.2_normal_058.jpg
AGIQA-3K-full,xl2.2_normal_059,AGIQA-93fc7fc78148,xl2.2,test,xl2.2_normal_059.jpg
AGIQA-3K-full,xl2.2_normal_060,AGIQA-b3af04d6b4f7,xl2.2,train,xl2.2_normal_060.jpg
AGIQA-3K-full,xl2.2_normal_061,AGIQA-3afb49bd87b2,xl2.2,test,xl2.2_normal_061.jpg
AGIQA-3K-full,xl2.2_normal_062,AGIQA-4bd827546f3c,xl2.2,train,xl2.2_normal_062.jpg
AGIQA-3K-full,xl2.2_normal_063,AGIQA-4bfc1ce9717d,xl2.2,test,xl2.2_normal_063.jpg
AGIQA-3K-full,xl2.2_normal_064,AGIQA-0a62a7327a97,xl2.2,train,xl2.2_normal_064.jpg
AGIQA-3K-full,xl2.2_normal_065,AGIQA-1884d73ea603,xl2.2,train,xl2.2_normal_065.jpg
AGIQA-3K-full,xl2.2_normal_066,AGIQA-4d874861883d,xl2.2,train,xl2.2_normal_066.jpg
AGIQA-3K-full,xl2.2_normal_067,AGIQA-36c7ff486bf4,xl2.2,train,xl2.2_normal_067.jpg
AGIQA-3K-full,xl2.2_normal_068,AGIQA-219765781124,xl2.2,train,xl2.2_normal_068.jpg
AGIQA-3K-full,xl2.2_normal_069,AGIQA-f2c705d91de0,xl2.2,train,xl2.2_normal_069.jpg
AGIQA-3K-full,xl2.2_normal_070,AGIQA-7a34b7800c8c,xl2.2,train,xl2.2_normal_070.jpg
AGIQA-3K-full,xl2.2_normal_071,AGIQA-26e9b65319ac,xl2.2,train,xl2.2_normal_071.jpg
AGIQA-3K-full,xl2.2_normal_072,AGIQA-83501ba9c92d,xl2.2,train,xl2.2_normal_072.jpg
AGIQA-3K-full,xl2.2_normal_073,AGIQA-39896a46302d,xl2.2,train,xl2.2_normal_073.jpg
AGIQA-3K-full,xl2.2_normal_074,AGIQA-5da8e22af7e1,xl2.2,test,xl2.2_normal_074.jpg
AGIQA-3K-full,xl2.2_normal_075,AGIQA-e9d4dffbb822,xl2.2,train,xl2.2_normal_075.jpg
AGIQA-3K-full,xl2.2_normal_076,AGIQA-afb2cac1ef8f,xl2.2,train,xl2.2_normal_076.jpg
AGIQA-3K-full,xl2.2_normal_077,AGIQA-b363c8123684,xl2.2,train,xl2.2_normal_077.jpg
AGIQA-3K-full,xl2.2_normal_078,AGIQA-b46354dc17d7,xl2.2,train,xl2.2_normal_078.jpg
AGIQA-3K-full,xl2.2_normal_079,AGIQA-54f1d577611b,xl2.2,train,xl2.2_normal_079.jpg
AGIQA-3K-full,xl2.2_normal_080,AGIQA-62039ebf9238,xl2.2,val,xl2.2_normal_080.jpg
AGIQA-3K-full,xl2.2_normal_081,AGIQA-d3def83b5966,xl2.2,train,xl2.2_normal_081.jpg
AGIQA-3K-full,xl2.2_normal_082,AGIQA-cf265de7c37e,xl2.2,train,xl2.2_normal_082.jpg
AGIQA-3K-full,xl2.2_normal_083,AGIQA-2a787fbb8c5d,xl2.2,train,xl2.2_normal_083.jpg
AGIQA-3K-full,xl2.2_normal_084,AGIQA-74f4e06b1a42,xl2.2,train,xl2.2_normal_084.jpg
AGIQA-3K-full,xl2.2_normal_085,AGIQA-2abccfad8fc0,xl2.2,test,xl2.2_normal_085.jpg
AGIQA-3K-full,xl2.2_normal_086,AGIQA-1747f1a2a6af,xl2.2,train,xl2.2_normal_086.jpg
AGIQA-3K-full,xl2.2_normal_087,AGIQA-7ebd987a0c9d,xl2.2,train,xl2.2_normal_087.jpg
AGIQA-3K-full,xl2.2_normal_088,AGIQA-e34e3aaae310,xl2.2,test,xl2.2_normal_088.jpg
AGIQA-3K-full,xl2.2_normal_089,AGIQA-816e47e299de,xl2.2,test,xl2.2_normal_089.jpg
AGIQA-3K-full,xl2.2_normal_090,AGIQA-1197c8ae3ee4,xl2.2,val,xl2.2_normal_090.jpg
AGIQA-3K-full,xl2.2_normal_091,AGIQA-feb2058c681e,xl2.2,train,xl2.2_normal_091.jpg
AGIQA-3K-full,xl2.2_normal_092,AGIQA-c71137b2c51a,xl2.2,train,xl2.2_normal_092.jpg
AGIQA-3K-full,xl2.2_normal_093,AGIQA-ee97a207c282,xl2.2,train,xl2.2_normal_093.jpg
AGIQA-3K-full,xl2.2_normal_094,AGIQA-7f624ef10c68,xl2.2,train,xl2.2_normal_094.jpg
AGIQA-3K-full,xl2.2_normal_095,AGIQA-7b69fd0727e0,xl2.2,test,xl2.2_normal_095.jpg
AGIQA-3K-full,xl2.2_normal_096,AGIQA-2c5ac90ad3a2,xl2.2,test,xl2.2_normal_096.jpg
AGIQA-3K-full,xl2.2_normal_097,AGIQA-014fd2ea1608,xl2.2,train,xl2.2_normal_097.jpg
AGIQA-3K-full,xl2.2_normal_098,AGIQA-b54a8612f6ee,xl2.2,train,xl2.2_normal_098.jpg
AGIQA-3K-full,xl2.2_normal_099,AGIQA-f235fa2da3be,xl2.2,test,xl2.2_normal_099.jpg
AGIQA-3K-full,xl2.2_normal_100,AGIQA-abc1c7e34703,xl2.2,train,xl2.2_normal_100.jpg
AGIQA-3K-full,xl2.2_normal_101,AGIQA-0c9dbafc59fd,xl2.2,train,xl2.2_normal_101.jpg
AGIQA-3K-full,xl2.2_normal_102,AGIQA-b81bc55a8c04,xl2.2,test,xl2.2_normal_102.jpg
AGIQA-3K-full,xl2.2_normal_103,AGIQA-78a9d596c8e2,xl2.2,train,xl2.2_normal_103.jpg
AGIQA-3K-full,xl2.2_normal_104,AGIQA-3928f0e8749e,xl2.2,train,xl2.2_normal_104.jpg
AGIQA-3K-full,xl2.2_normal_105,AGIQA-2a821ca75a7f,xl2.2,train,xl2.2_normal_105.jpg
AGIQA-3K-full,xl2.2_normal_106,AGIQA-59dc946e81a2,xl2.2,train,xl2.2_normal_106.jpg
AGIQA-3K-full,xl2.2_normal_107,AGIQA-03c8e945e5e6,xl2.2,train,xl2.2_normal_107.jpg
AGIQA-3K-full,xl2.2_normal_108,AGIQA-644129240816,xl2.2,test,xl2.2_normal_108.jpg
AGIQA-3K-full,xl2.2_normal_109,AGIQA-ea81604fe371,xl2.2,train,xl2.2_normal_109.jpg
AGIQA-3K-full,xl2.2_normal_110,AGIQA-f43114d1ab3a,xl2.2,test,xl2.2_normal_110.jpg
AGIQA-3K-full,xl2.2_normal_111,AGIQA-eda6cf20fa3c,xl2.2,test,xl2.2_normal_111.jpg
AGIQA-3K-full,xl2.2_normal_112,AGIQA-59dcddbad987,xl2.2,train,xl2.2_normal_112.jpg
AGIQA-3K-full,xl2.2_normal_113,AGIQA-1796a3b42bb8,xl2.2,train,xl2.2_normal_113.jpg
AGIQA-3K-full,xl2.2_normal_114,AGIQA-a023778c0dea,xl2.2,test,xl2.2_normal_114.jpg
AGIQA-3K-full,xl2.2_normal_115,AGIQA-27a786146efe,xl2.2,test,xl2.2_normal_115.jpg
AGIQA-3K-full,xl2.2_normal_116,AGIQA-77e327fe685d,xl2.2,train,xl2.2_normal_116.jpg
AGIQA-3K-full,xl2.2_normal_117,AGIQA-3b493022153b,xl2.2,val,xl2.2_normal_117.jpg
AGIQA-3K-full,xl2.2_normal_118,AGIQA-5a56ef85786d,xl2.2,train,xl2.2_normal_118.jpg
AGIQA-3K-full,xl2.2_normal_119,AGIQA-9738ea13169e,xl2.2,train,xl2.2_normal_119.jpg
AGIQA-3K-full,xl2.2_normal_120,AGIQA-a17cac72240f,xl2.2,train,xl2.2_normal_120.jpg
AGIQA-3K-full,xl2.2_normal_121,AGIQA-4feb70c847f4,xl2.2,train,xl2.2_normal_121.jpg
AGIQA-3K-full,xl2.2_normal_122,AGIQA-be3331e07988,xl2.2,train,xl2.2_normal_122.jpg
AGIQA-3K-full,xl2.2_normal_123,AGIQA-d85820862dc4,xl2.2,train,xl2.2_normal_123.jpg
AGIQA-3K-full,xl2.2_normal_124,AGIQA-c63fdfc307d3,xl2.2,train,xl2.2_normal_124.jpg
AGIQA-3K-full,xl2.2_normal_125,AGIQA-e741bfb60d9b,xl2.2,train,xl2.2_normal_125.jpg
AGIQA-3K-full,xl2.2_normal_126,AGIQA-595b239959ca,xl2.2,train,xl2.2_normal_126.jpg
AGIQA-3K-full,xl2.2_normal_127,AGIQA-e1aaa6732d97,xl2.2,train,xl2.2_normal_127.jpg
AGIQA-3K-full,xl2.2_normal_128,AGIQA-7d9bd08d7a8f,xl2.2,train,xl2.2_normal_128.jpg
AGIQA-3K-full,xl2.2_normal_129,AGIQA-deadc33d802a,xl2.2,test,xl2.2_normal_129.jpg
AGIQA-3K-full,xl2.2_normal_130,AGIQA-7902e7eb768c,xl2.2,test,xl2.2_normal_130.jpg
AGIQA-3K-full,xl2.2_normal_131,AGIQA-f2bad7e493a9,xl2.2,train,xl2.2_normal_131.jpg
AGIQA-3K-full,xl2.2_normal_132,AGIQA-60ca7af68f09,xl2.2,train,xl2.2_normal_132.jpg
AGIQA-3K-full,xl2.2_normal_133,AGIQA-1fe09d7fece1,xl2.2,train,xl2.2_normal_133.jpg
AGIQA-3K-full,xl2.2_normal_134,AGIQA-b098ca961012,xl2.2,train,xl2.2_normal_134.jpg
AGIQA-3K-full,xl2.2_normal_135,AGIQA-32695c5aaca1,xl2.2,train,xl2.2_normal_135.jpg
AGIQA-3K-full,xl2.2_normal_136,AGIQA-791d9b65af34,xl2.2,val,xl2.2_normal_136.jpg
AGIQA-3K-full,xl2.2_normal_137,AGIQA-e18bbae5650c,xl2.2,train,xl2.2_normal_137.jpg
AGIQA-3K-full,xl2.2_normal_138,AGIQA-574b3b311b78,xl2.2,train,xl2.2_normal_138.jpg
AGIQA-3K-full,xl2.2_normal_139,AGIQA-acd72daab110,xl2.2,train,xl2.2_normal_139.jpg
AGIQA-3K-full,xl2.2_normal_140,AGIQA-0b211930e1ec,xl2.2,val,xl2.2_normal_140.jpg
AGIQA-3K-full,xl2.2_normal_141,AGIQA-e9592c752d9b,xl2.2,val,xl2.2_normal_141.jpg
AGIQA-3K-full,xl2.2_normal_142,AGIQA-e7cc1ec65d08,xl2.2,val,xl2.2_normal_142.jpg
AGIQA-3K-full,xl2.2_normal_143,AGIQA-b81f063b0196,xl2.2,train,xl2.2_normal_143.jpg
AGIQA-3K-full,xl2.2_normal_144,AGIQA-cae137e1ee63,xl2.2,train,xl2.2_normal_144.jpg
AGIQA-3K-full,xl2.2_normal_145,AGIQA-dde35eb2e0dc,xl2.2,train,xl2.2_normal_145.jpg
AGIQA-3K-full,xl2.2_normal_146,AGIQA-e669a8afc0c5,xl2.2,train,xl2.2_normal_146.jpg
AGIQA-3K-full,xl2.2_normal_147,AGIQA-65dcda74e31d,xl2.2,train,xl2.2_normal_147.jpg
AGIQA-3K-full,xl2.2_normal_148,AGIQA-e3e64e0b691a,xl2.2,train,xl2.2_normal_148.jpg
AGIQA-3K-full,xl2.2_normal_149,AGIQA-030bb6c4d0f5,xl2.2,train,xl2.2_normal_149.jpg
AGIQA-3K-full,xl2.2_normal_150,AGIQA-8aa1f30180ff,xl2.2,train,xl2.2_normal_150.jpg
AGIQA-3K-full,xl2.2_normal_151,AGIQA-486f4dfa9e30,xl2.2,train,xl2.2_normal_151.jpg
AGIQA-3K-full,xl2.2_normal_152,AGIQA-32c2b941b58b,xl2.2,val,xl2.2_normal_152.jpg
AGIQA-3K-full,xl2.2_normal_153,AGIQA-14a193611262,xl2.2,val,xl2.2_normal_153.jpg
AGIQA-3K-full,xl2.2_normal_154,AGIQA-dc46dc776f6b,xl2.2,train,xl2.2_normal_154.jpg
AGIQA-3K-full,xl2.2_normal_155,AGIQA-fbff6ac32dea,xl2.2,test,xl2.2_normal_155.jpg
AGIQA-3K-full,xl2.2_normal_156,AGIQA-72804a0e6e4a,xl2.2,train,xl2.2_normal_156.jpg
AGIQA-3K-full,xl2.2_normal_157,AGIQA-fecb9ae06c54,xl2.2,train,xl2.2_normal_157.jpg
AGIQA-3K-full,xl2.2_normal_158,AGIQA-e79ea28fe7cf,xl2.2,train,xl2.2_normal_158.jpg
AGIQA-3K-full,xl2.2_normal_159,AGIQA-d8761fa80171,xl2.2,train,xl2.2_normal_159.jpg
AGIQA-3K-full,xl2.2_normal_160,AGIQA-4901d63eed08,xl2.2,train,xl2.2_normal_160.jpg
AGIQA-3K-full,xl2.2_normal_161,AGIQA-472af7225929,xl2.2,val,xl2.2_normal_161.jpg
AGIQA-3K-full,xl2.2_normal_162,AGIQA-3a92ca053cc1,xl2.2,train,xl2.2_normal_162.jpg
AGIQA-3K-full,xl2.2_normal_163,AGIQA-bedd004ea063,xl2.2,train,xl2.2_normal_163.jpg
AGIQA-3K-full,xl2.2_normal_164,AGIQA-9ddef994f4d6,xl2.2,train,xl2.2_normal_164.jpg
AGIQA-3K-full,xl2.2_normal_165,AGIQA-45c2f3a4f7aa,xl2.2,train,xl2.2_normal_165.jpg
AGIQA-3K-full,xl2.2_normal_166,AGIQA-cf188c67a9b8,xl2.2,train,xl2.2_normal_166.jpg
AGIQA-3K-full,xl2.2_normal_167,AGIQA-5e7c64fdbc18,xl2.2,test,xl2.2_normal_167.jpg
AGIQA-3K-full,xl2.2_normal_168,AGIQA-b1da0547c2f4,xl2.2,train,xl2.2_normal_168.jpg
AGIQA-3K-full,xl2.2_normal_169,AGIQA-b5383b49e05b,xl2.2,test,xl2.2_normal_169.jpg
AGIQA-3K-full,xl2.2_normal_170,AGIQA-0de51307d9da,xl2.2,test,xl2.2_normal_170.jpg
AGIQA-3K-full,xl2.2_normal_171,AGIQA-2b1c5c5c141b,xl2.2,train,xl2.2_normal_171.jpg
AGIQA-3K-full,xl2.2_normal_172,AGIQA-2823adb86f2f,xl2.2,train,xl2.2_normal_172.jpg
AGIQA-3K-full,xl2.2_normal_173,AGIQA-1635df37570d,xl2.2,test,xl2.2_normal_173.jpg
AGIQA-3K-full,xl2.2_normal_174,AGIQA-ef9db73da947,xl2.2,train,xl2.2_normal_174.jpg
AGIQA-3K-full,xl2.2_normal_175,AGIQA-4ae23c11e1b3,xl2.2,train,xl2.2_normal_175.jpg
AGIQA-3K-full,xl2.2_normal_176,AGIQA-121c83e82f96,xl2.2,test,xl2.2_normal_176.jpg
AGIQA-3K-full,xl2.2_normal_177,AGIQA-e38538486536,xl2.2,train,xl2.2_normal_177.jpg
AGIQA-3K-full,xl2.2_normal_178,AGIQA-bd6e7cde02fc,xl2.2,train,xl2.2_normal_178.jpg
AGIQA-3K-full,xl2.2_normal_179,AGIQA-45e156b05235,xl2.2,train,xl2.2_normal_179.jpg
AGIQA-3K-full,xl2.2_normal_180,AGIQA-8fde933261c4,xl2.2,train,xl2.2_normal_180.jpg
AGIQA-3K-full,xl2.2_normal_181,AGIQA-94051c8456d6,xl2.2,train,xl2.2_normal_181.jpg
AGIQA-3K-full,xl2.2_normal_182,AGIQA-32d75345a5f5,xl2.2,test,xl2.2_normal_182.jpg
AGIQA-3K-full,xl2.2_normal_183,AGIQA-ef98e7e5c9ba,xl2.2,train,xl2.2_normal_183.jpg
AGIQA-3K-full,xl2.2_normal_184,AGIQA-893251c5ba76,xl2.2,train,xl2.2_normal_184.jpg
AGIQA-3K-full,xl2.2_normal_185,AGIQA-a69fb8b78eb9,xl2.2,train,xl2.2_normal_185.jpg
AGIQA-3K-full,xl2.2_normal_186,AGIQA-2317a680b698,xl2.2,train,xl2.2_normal_186.jpg
AGIQA-3K-full,xl2.2_normal_187,AGIQA-20d7672f1b9b,xl2.2,train,xl2.2_normal_187.jpg
AGIQA-3K-full,xl2.2_normal_188,AGIQA-fc61b5f30215,xl2.2,train,xl2.2_normal_188.jpg
AGIQA-3K-full,xl2.2_normal_189,AGIQA-15ab7cb9d98f,xl2.2,test,xl2.2_normal_189.jpg
AGIQA-3K-full,xl2.2_normal_190,AGIQA-c2e37db1ba32,xl2.2,train,xl2.2_normal_190.jpg
AGIQA-3K-full,xl2.2_normal_191,AGIQA-8f47e5ab4c6f,xl2.2,train,xl2.2_normal_191.jpg
AGIQA-3K-full,xl2.2_normal_192,AGIQA-31f795290c17,xl2.2,train,xl2.2_normal_192.jpg
AGIQA-3K-full,xl2.2_normal_193,AGIQA-461ba0767435,xl2.2,test,xl2.2_normal_193.jpg
AGIQA-3K-full,xl2.2_normal_194,AGIQA-9f8f853ca083,xl2.2,train,xl2.2_normal_194.jpg
AGIQA-3K-full,xl2.2_normal_195,AGIQA-34fe7242ad9a,xl2.2,test,xl2.2_normal_195.jpg
AGIQA-3K-full,xl2.2_normal_196,AGIQA-0d8602fb1aca,xl2.2,train,xl2.2_normal_196.jpg
AGIQA-3K-full,xl2.2_normal_197,AGIQA-9be3116418d1,xl2.2,val,xl2.2_normal_197.jpg
AGIQA-3K-full,xl2.2_normal_198,AGIQA-fe6c9142be68,xl2.2,train,xl2.2_normal_198.jpg
AGIQA-3K-full,xl2.2_normal_199,AGIQA-7fac06549c79,xl2.2,test,xl2.2_normal_199.jpg
AGIQA-3K-full,xl2.2_normal_200,AGIQA-d9baf8543c9b,xl2.2,train,xl2.2_normal_200.jpg
AGIQA-3K-full,xl2.2_normal_201,AGIQA-aaaac710f29b,xl2.2,val,xl2.2_normal_201.jpg
AGIQA-3K-full,xl2.2_normal_202,AGIQA-8726f694b7d2,xl2.2,train,xl2.2_normal_202.jpg
AGIQA-3K-full,xl2.2_normal_203,AGIQA-b4078d2138ed,xl2.2,train,xl2.2_normal_203.jpg
AGIQA-3K-full,xl2.2_normal_204,AGIQA-864aec596bd9,xl2.2,val,xl2.2_normal_204.jpg
AGIQA-3K-full,xl2.2_normal_205,AGIQA-7c651e36074f,xl2.2,test,xl2.2_normal_205.jpg
AGIQA-3K-full,xl2.2_normal_206,AGIQA-fb42182e75ed,xl2.2,test,xl2.2_normal_206.jpg
AGIQA-3K-full,xl2.2_normal_207,AGIQA-a973dd8fbe31,xl2.2,val,xl2.2_normal_207.jpg
AGIQA-3K-full,xl2.2_normal_208,AGIQA-845b79ffae4e,xl2.2,train,xl2.2_normal_208.jpg
AGIQA-3K-full,xl2.2_normal_209,AGIQA-b1790fdc33ea,xl2.2,train,xl2.2_normal_209.jpg
AGIQA-3K-full,xl2.2_normal_210,AGIQA-5e3045fb58ae,xl2.2,test,xl2.2_normal_210.jpg
AGIQA-3K-full,xl2.2_normal_211,AGIQA-54583bc9220c,xl2.2,test,xl2.2_normal_211.jpg
AGIQA-3K-full,xl2.2_normal_212,AGIQA-7c3be58f6483,xl2.2,train,xl2.2_normal_212.jpg
AGIQA-3K-full,xl2.2_normal_213,AGIQA-957509340f7c,xl2.2,test,xl2.2_normal_213.jpg
AGIQA-3K-full,xl2.2_normal_214,AGIQA-4e1e536bcea3,xl2.2,train,xl2.2_normal_214.jpg
AGIQA-3K-full,xl2.2_normal_215,AGIQA-9f5e9f552c1f,xl2.2,train,xl2.2_normal_215.jpg
AGIQA-3K-full,xl2.2_normal_216,AGIQA-d13d1e283f4a,xl2.2,train,xl2.2_normal_216.jpg
AGIQA-3K-full,xl2.2_normal_217,AGIQA-134b48baf98c,xl2.2,test,xl2.2_normal_217.jpg
AGIQA-3K-full,xl2.2_normal_218,AGIQA-7fd02b84fda4,xl2.2,train,xl2.2_normal_218.jpg
AGIQA-3K-full,xl2.2_normal_219,AGIQA-6c43873cc393,xl2.2,train,xl2.2_normal_219.jpg
AGIQA-3K-full,xl2.2_normal_220,AGIQA-6984fcb7131c,xl2.2,train,xl2.2_normal_220.jpg
AGIQA-3K-full,xl2.2_normal_221,AGIQA-5a96f6ee9f99,xl2.2,train,xl2.2_normal_221.jpg
AGIQA-3K-full,xl2.2_normal_222,AGIQA-cd76a0b6f05b,xl2.2,train,xl2.2_normal_222.jpg
AGIQA-3K-full,xl2.2_normal_223,AGIQA-a8b31dec1e08,xl2.2,test,xl2.2_normal_223.jpg
AGIQA-3K-full,xl2.2_normal_224,AGIQA-5ff95d19c989,xl2.2,train,xl2.2_normal_224.jpg
AGIQA-3K-full,xl2.2_normal_225,AGIQA-487a4d95b14e,xl2.2,train,xl2.2_normal_225.jpg
AGIQA-3K-full,xl2.2_normal_226,AGIQA-3f4b2678c41e,xl2.2,train,xl2.2_normal_226.jpg
AGIQA-3K-full,xl2.2_normal_227,AGIQA-4a6f7b7171c3,xl2.2,train,xl2.2_normal_227.jpg
AGIQA-3K-full,xl2.2_normal_228,AGIQA-7fbcbc5d2602,xl2.2,train,xl2.2_normal_228.jpg
AGIQA-3K-full,xl2.2_normal_229,AGIQA-e24d681d42fa,xl2.2,val,xl2.2_normal_229.jpg
AGIQA-3K-full,xl2.2_normal_230,AGIQA-241858497b40,xl2.2,train,xl2.2_normal_230.jpg
AGIQA-3K-full,xl2.2_normal_231,AGIQA-26f3387f29d6,xl2.2,train,xl2.2_normal_231.jpg
AGIQA-3K-full,xl2.2_normal_232,AGIQA-aa96d239cb01,xl2.2,test,xl2.2_normal_232.jpg
AGIQA-3K-full,xl2.2_normal_233,AGIQA-91018ec483b8,xl2.2,train,xl2.2_normal_233.jpg
AGIQA-3K-full,xl2.2_normal_234,AGIQA-72adf7554aff,xl2.2,train,xl2.2_normal_234.jpg
AGIQA-3K-full,xl2.2_normal_235,AGIQA-839d3f4d0d53,xl2.2,train,xl2.2_normal_235.jpg
AGIQA-3K-full,xl2.2_normal_236,AGIQA-5274466c7aca,xl2.2,train,xl2.2_normal_236.jpg
AGIQA-3K-full,xl2.2_normal_237,AGIQA-bc6103aabea5,xl2.2,train,xl2.2_normal_237.jpg
AGIQA-3K-full,xl2.2_normal_238,AGIQA-88225797d231,xl2.2,train,xl2.2_normal_238.jpg
AGIQA-3K-full,xl2.2_normal_239,AGIQA-3857fb86efc3,xl2.2,train,xl2.2_normal_239.jpg
AGIQA-3K-full,xl2.2_normal_240,AGIQA-d10db1886c8a,xl2.2,train,xl2.2_normal_240.jpg
AGIQA-3K-full,xl2.2_normal_241,AGIQA-fa91e9db53b1,xl2.2,test,xl2.2_normal_241.jpg
AGIQA-3K-full,xl2.2_normal_242,AGIQA-d42754ac4940,xl2.2,train,xl2.2_normal_242.jpg
AGIQA-3K-full,xl2.2_normal_243,AGIQA-88d44d2b19b7,xl2.2,train,xl2.2_normal_243.jpg
AGIQA-3K-full,xl2.2_normal_244,AGIQA-bc5561a2eb72,xl2.2,test,xl2.2_normal_244.jpg
AGIQA-3K-full,xl2.2_normal_245,AGIQA-da1aef0b6659,xl2.2,train,xl2.2_normal_245.jpg
AGIQA-3K-full,xl2.2_normal_246,AGIQA-187732966a3e,xl2.2,train,xl2.2_normal_246.jpg
AGIQA-3K-full,xl2.2_normal_247,AGIQA-aeeef558303e,xl2.2,train,xl2.2_normal_247.jpg
AGIQA-3K-full,xl2.2_normal_248,AGIQA-87561c35fad9,xl2.2,train,xl2.2_normal_248.jpg
AGIQA-3K-full,xl2.2_normal_249,AGIQA-a0b65ad08740,xl2.2,train,xl2.2_normal_249.jpg
AGIQA-3K-full,xl2.2_normal_250,AGIQA-825246a5adcd,xl2.2,train,xl2.2_normal_250.jpg
AGIQA-3K-full,xl2.2_normal_251,AGIQA-ee5f5afeb342,xl2.2,train,xl2.2_normal_251.jpg
AGIQA-3K-full,xl2.2_normal_252,AGIQA-8c1a38da7994,xl2.2,val,xl2.2_normal_252.jpg
AGIQA-3K-full,xl2.2_normal_253,AGIQA-b04d851afc73,xl2.2,train,xl2.2_normal_253.jpg
AGIQA-3K-full,xl2.2_normal_254,AGIQA-e1565d54217f,xl2.2,train,xl2.2_normal_254.jpg
AGIQA-3K-full,xl2.2_normal_255,AGIQA-9d4135098745,xl2.2,train,xl2.2_normal_255.jpg
AGIQA-3K-full,xl2.2_normal_256,AGIQA-d89e46130a96,xl2.2,train,xl2.2_normal_256.jpg
AGIQA-3K-full,xl2.2_normal_257,AGIQA-2d2bb0095437,xl2.2,train,xl2.2_normal_257.jpg
AGIQA-3K-full,xl2.2_normal_258,AGIQA-0f181149eb2a,xl2.2,test,xl2.2_normal_258.jpg
AGIQA-3K-full,xl2.2_normal_259,AGIQA-6d4fab56dcb7,xl2.2,train,xl2.2_normal_259.jpg
AGIQA-3K-full,xl2.2_normal_260,AGIQA-4fd99e98bfcc,xl2.2,test,xl2.2_normal_260.jpg
AGIQA-3K-full,xl2.2_normal_261,AGIQA-52db3e0e841b,xl2.2,train,xl2.2_normal_261.jpg
AGIQA-3K-full,xl2.2_normal_262,AGIQA-89e1b69268a9,xl2.2,test,xl2.2_normal_262.jpg
AGIQA-3K-full,xl2.2_normal_263,AGIQA-4234732c7ece,xl2.2,train,xl2.2_normal_263.jpg
AGIQA-3K-full,xl2.2_normal_264,AGIQA-60869db09321,xl2.2,test,xl2.2_normal_264.jpg
AGIQA-3K-full,xl2.2_normal_265,AGIQA-c832635dd360,xl2.2,val,xl2.2_normal_265.jpg
AGIQA-3K-full,xl2.2_normal_266,AGIQA-47f01f744d95,xl2.2,test,xl2.2_normal_266.jpg
AGIQA-3K-full,xl2.2_normal_267,AGIQA-48249fb46134,xl2.2,train,xl2.2_normal_267.jpg
AGIQA-3K-full,xl2.2_normal_268,AGIQA-4f5b8417ba27,xl2.2,test,xl2.2_normal_268.jpg
AGIQA-3K-full,xl2.2_normal_269,AGIQA-c0979fe5af15,xl2.2,train,xl2.2_normal_269.jpg
AGIQA-3K-full,xl2.2_normal_270,AGIQA-9f4df369c33d,xl2.2,test,xl2.2_normal_270.jpg
AGIQA-3K-full,xl2.2_normal_271,AGIQA-c501dfbf43d4,xl2.2,test,xl2.2_normal_271.jpg
AGIQA-3K-full,xl2.2_normal_272,AGIQA-c6ede13840bf,xl2.2,train,xl2.2_normal_272.jpg
AGIQA-3K-full,xl2.2_normal_273,AGIQA-eeca63819cae,xl2.2,train,xl2.2_normal_273.jpg
AGIQA-3K-full,xl2.2_normal_274,AGIQA-373eecf8fe79,xl2.2,val,xl2.2_normal_274.jpg
AGIQA-3K-full,xl2.2_normal_275,AGIQA-ec8970400b03,xl2.2,train,xl2.2_normal_275.jpg
AGIQA-3K-full,xl2.2_normal_276,AGIQA-700f85e93cd9,xl2.2,train,xl2.2_normal_276.jpg
AGIQA-3K-full,xl2.2_normal_277,AGIQA-285ccdf13939,xl2.2,val,xl2.2_normal_277.jpg
AGIQA-3K-full,xl2.2_normal_278,AGIQA-1cf041a27e5a,xl2.2,train,xl2.2_normal_278.jpg
AGIQA-3K-full,xl2.2_normal_279,AGIQA-c6c3a07b14f5,xl2.2,train,xl2.2_normal_279.jpg
AGIQA-3K-full,xl2.2_normal_280,AGIQA-a366638220c2,xl2.2,train,xl2.2_normal_280.jpg
AGIQA-3K-full,xl2.2_normal_281,AGIQA-9ca8817fa0d7,xl2.2,test,xl2.2_normal_281.jpg
AGIQA-3K-full,xl2.2_normal_282,AGIQA-f1e866c8ce87,xl2.2,train,xl2.2_normal_282.jpg
AGIQA-3K-full,xl2.2_normal_283,AGIQA-3ddae4e47c34,xl2.2,test,xl2.2_normal_283.jpg
AGIQA-3K-full,xl2.2_normal_284,AGIQA-514b19bebc24,xl2.2,train,xl2.2_normal_284.jpg
AGIQA-3K-full,xl2.2_normal_285,AGIQA-46145207aed7,xl2.2,train,xl2.2_normal_285.jpg
AGIQA-3K-full,xl2.2_normal_286,AGIQA-574bc6573ac1,xl2.2,train,xl2.2_normal_286.jpg
AGIQA-3K-full,xl2.2_normal_287,AGIQA-a506eb9141fd,xl2.2,train,xl2.2_normal_287.jpg
AGIQA-3K-full,xl2.2_normal_288,AGIQA-17d81fa16810,xl2.2,test,xl2.2_normal_288.jpg
AGIQA-3K-full,xl2.2_normal_289,AGIQA-fef3bc0ee319,xl2.2,train,xl2.2_normal_289.jpg
AGIQA-3K-full,xl2.2_normal_290,AGIQA-ce56cd7a084b,xl2.2,val,xl2.2_normal_290.jpg
AGIQA-3K-full,xl2.2_normal_291,AGIQA-5e81c05a2b19,xl2.2,train,xl2.2_normal_291.jpg
AGIQA-3K-full,xl2.2_normal_292,AGIQA-b93675144038,xl2.2,test,xl2.2_normal_292.jpg
AGIQA-3K-full,xl2.2_normal_293,AGIQA-a8aeedd21648,xl2.2,test,xl2.2_normal_293.jpg
AGIQA-3K-full,xl2.2_normal_294,AGIQA-73445cd4e31d,xl2.2,train,xl2.2_normal_294.jpg
AGIQA-3K-full,xl2.2_normal_295,AGIQA-d6cfbcb0b65b,xl2.2,val,xl2.2_normal_295.jpg
AGIQA-3K-full,xl2.2_normal_296,AGIQA-cda73163d4e7,xl2.2,train,xl2.2_normal_296.jpg
AGIQA-3K-full,xl2.2_normal_297,AGIQA-017d4ba8d955,xl2.2,train,xl2.2_normal_297.jpg
AGIQA-3K-full,xl2.2_normal_298,AGIQA-7e20efbb16ae,xl2.2,train,xl2.2_normal_298.jpg
AGIQA-3K-full,xl2.2_normal_299,AGIQA-53a40ffc7b8e,xl2.2,train,xl2.2_normal_299.jpg
