dataset,sample_id,prompt_id,client_id,split,official_filename
AIGCIQA2023,aigciqa2023_Controlnet_249,AIGCIQA-062,Controlnet,train,062-2.png
AIGCIQA2023,aigciqa2023_Controlnet_94,AIGCIQA-023,Controlnet,train,023-3.png
AIGCIQA2023,aigciqa2023_Controlnet_158,AIGCIQA-039,Controlnet,train,039-3.png
AIGCIQA2023,aigciqa2023_Controlnet_164,AIGCIQA-041,Controlnet,train,041-1.png
AIGCIQA2023,aigciqa2023_Controlnet_246,AIGCIQA-061,Controlnet,train,061-3.png
AIGCIQA2023,aigciqa2023_Controlnet_228,AIGCIQA-057,Controlnet,val,057-1.png
AIGCIQA2023,aigciqa2023_Controlnet_190,AIGCIQA-047,Controlnet,train,047-3.png
AIGCIQA2023,aigciqa2023_Controlnet_122,AIGCIQA-030,Controlnet,train,030-3.png
AIGCIQA2023,aigciqa2023_Controlnet_257,AIGCIQA-064,Controlnet,val,064-2.png
AIGCIQA2023,aigciqa2023_Controlnet_292,AIGCIQA-073,Controlnet,train,073-1.png
AIGCIQA2023,aigciqa2023_Controlnet_192,AIGCIQA-048,Controlnet,train,048-1.png
AIGCIQA2023,aigciqa2023_Controlnet_305,AIGCIQA-076,Controlnet,train,076-2.png
AIGCIQA2023,aigciqa2023_Controlnet_38,AIGCIQA-009,Controlnet,train,009-3.png
AIGCIQA2023,aigciqa2023_Controlnet_338,AIGCIQA-084,Controlnet,val,084-3.png
AIGCIQA2023,aigciqa2023_Controlnet_347,AIGCIQA-086,Controlnet,test,086-4.png
AIGCIQA2023,aigciqa2023_Controlnet_364,AIGCIQA-091,Controlnet,train,091-1.png
AIGCIQA2023,aigciqa2023_Controlnet_43,AIGCIQA-010,Controlnet,train,010-4.png
AIGCIQA2023,aigciqa2023_Controlnet_217,AIGCIQA-054,Controlnet,test,054-2.png
AIGCIQA2023,aigciqa2023_Controlnet_99,AIGCIQA-024,Controlnet,train,024-4.png
AIGCIQA2023,aigciqa2023_Controlnet_53,AIGCIQA-013,Controlnet,test,013-2.png
AIGCIQA2023,aigciqa2023_Controlnet_271,AIGCIQA-067,Controlnet,train,067-4.png
AIGCIQA2023,aigciqa2023_Controlnet_169,AIGCIQA-042,Controlnet,train,042-2.png
AIGCIQA2023,aigciqa2023_Controlnet_251,AIGCIQA-062,Controlnet,train,062-4.png
AIGCIQA2023,aigciqa2023_Controlnet_77,AIGCIQA-019,Controlnet,train,019-2.png
AIGCIQA2023,aigciqa2023_Controlnet_9,AIGCIQA-002,Controlnet,train,002-2.png
AIGCIQA2023,aigciqa2023_Controlnet_68,AIGCIQA-017,Controlnet,test,017-1.png
AIGCIQA2023,aigciqa2023_Controlnet_198,AIGCIQA-049,Controlnet,train,049-3.png
AIGCIQA2023,aigciqa2023_Controlnet_2,AIGCIQA-000,Controlnet,val,000-3.png
AIGCIQA2023,aigciqa2023_Controlnet_367,AIGCIQA-091,Controlnet,train,091-4.png
AIGCIQA2023,aigciqa2023_Controlnet_372,AIGCIQA-093,Controlnet,val,093-1.png
AIGCIQA2023,aigciqa2023_Controlnet_259,AIGCIQA-064,Controlnet,val,064-4.png
AIGCIQA2023,aigciqa2023_Controlnet_253,AIGCIQA-063,Controlnet,train,063-2.png
AIGCIQA2023,aigciqa2023_Controlnet_244,AIGCIQA-061,Controlnet,train,061-1.png
AIGCIQA2023,aigciqa2023_Controlnet_209,AIGCIQA-052,Controlnet,train,052-2.png
AIGCIQA2023,aigciqa2023_Controlnet_55,AIGCIQA-013,Controlnet,test,013-4.png
AIGCIQA2023,aigciqa2023_Controlnet_34,AIGCIQA-008,Controlnet,train,008-3.png
AIGCIQA2023,aigciqa2023_Controlnet_354,AIGCIQA-088,Controlnet,val,088-3.png
AIGCIQA2023,aigciqa2023_Controlnet_280,AIGCIQA-070,Controlnet,train,070-1.png
AIGCIQA2023,aigciqa2023_Controlnet_59,AIGCIQA-014,Controlnet,test,014-4.png
AIGCIQA2023,aigciqa2023_Controlnet_243,AIGCIQA-060,Controlnet,train,060-4.png
AIGCIQA2023,aigciqa2023_Controlnet_386,AIGCIQA-096,Controlnet,train,096-3.png
AIGCIQA2023,aigciqa2023_Controlnet_289,AIGCIQA-072,Controlnet,train,072-2.png
AIGCIQA2023,aigciqa2023_Controlnet_230,AIGCIQA-057,Controlnet,val,057-3.png
AIGCIQA2023,aigciqa2023_Controlnet_380,AIGCIQA-095,Controlnet,val,095-1.png
AIGCIQA2023,aigciqa2023_Controlnet_29,AIGCIQA-007,Controlnet,train,007-2.png
AIGCIQA2023,aigciqa2023_Controlnet_331,AIGCIQA-082,Controlnet,train,082-4.png
AIGCIQA2023,aigciqa2023_Controlnet_240,AIGCIQA-060,Controlnet,train,060-1.png
AIGCIQA2023,aigciqa2023_Controlnet_97,AIGCIQA-024,Controlnet,train,024-2.png
AIGCIQA2023,aigciqa2023_Controlnet_322,AIGCIQA-080,Controlnet,train,080-3.png
AIGCIQA2023,aigciqa2023_Controlnet_143,AIGCIQA-035,Controlnet,test,035-4.png
AIGCIQA2023,aigciqa2023_Controlnet_175,AIGCIQA-043,Controlnet,train,043-4.png
AIGCIQA2023,aigciqa2023_Controlnet_66,AIGCIQA-016,Controlnet,train,016-3.png
AIGCIQA2023,aigciqa2023_Controlnet_351,AIGCIQA-087,Controlnet,train,087-4.png
AIGCIQA2023,aigciqa2023_Controlnet_45,AIGCIQA-011,Controlnet,test,011-2.png
AIGCIQA2023,aigciqa2023_Controlnet_227,AIGCIQA-056,Controlnet,train,056-4.png
AIGCIQA2023,aigciqa2023_Controlnet_144,AIGCIQA-036,Controlnet,train,036-1.png
AIGCIQA2023,aigciqa2023_Controlnet_213,AIGCIQA-053,Controlnet,val,053-2.png
AIGCIQA2023,aigciqa2023_Controlnet_75,AIGCIQA-018,Controlnet,train,018-4.png
AIGCIQA2023,aigciqa2023_Controlnet_374,AIGCIQA-093,Controlnet,val,093-3.png
AIGCIQA2023,aigciqa2023_Controlnet_335,AIGCIQA-083,Controlnet,train,083-4.png
AIGCIQA2023,aigciqa2023_Controlnet_88,AIGCIQA-022,Controlnet,train,022-1.png
AIGCIQA2023,aigciqa2023_Controlnet_385,AIGCIQA-096,Controlnet,train,096-2.png
AIGCIQA2023,aigciqa2023_Controlnet_26,AIGCIQA-006,Controlnet,train,006-3.png
AIGCIQA2023,aigciqa2023_Controlnet_72,AIGCIQA-018,Controlnet,train,018-1.png
AIGCIQA2023,aigciqa2023_Controlnet_180,AIGCIQA-045,Controlnet,train,045-1.png
AIGCIQA2023,aigciqa2023_Controlnet_31,AIGCIQA-007,Controlnet,train,007-4.png
AIGCIQA2023,aigciqa2023_Controlnet_326,AIGCIQA-081,Controlnet,test,081-3.png
AIGCIQA2023,aigciqa2023_Controlnet_130,AIGCIQA-032,Controlnet,train,032-3.png
AIGCIQA2023,aigciqa2023_Controlnet_127,AIGCIQA-031,Controlnet,test,031-4.png
AIGCIQA2023,aigciqa2023_Controlnet_123,AIGCIQA-030,Controlnet,train,030-4.png
AIGCIQA2023,aigciqa2023_Controlnet_248,AIGCIQA-062,Controlnet,train,062-1.png
AIGCIQA2023,aigciqa2023_Controlnet_333,AIGCIQA-083,Controlnet,train,083-2.png
AIGCIQA2023,aigciqa2023_Controlnet_10,AIGCIQA-002,Controlnet,train,002-3.png
AIGCIQA2023,aigciqa2023_Controlnet_65,AIGCIQA-016,Controlnet,train,016-2.png
AIGCIQA2023,aigciqa2023_Controlnet_345,AIGCIQA-086,Controlnet,test,086-2.png
AIGCIQA2023,aigciqa2023_Controlnet_349,AIGCIQA-087,Controlnet,train,087-2.png
AIGCIQA2023,aigciqa2023_Controlnet_284,AIGCIQA-071,Controlnet,val,071-1.png
AIGCIQA2023,aigciqa2023_Controlnet_64,AIGCIQA-016,Controlnet,train,016-1.png
AIGCIQA2023,aigciqa2023_Controlnet_162,AIGCIQA-040,Controlnet,train,040-3.png
AIGCIQA2023,aigciqa2023_Controlnet_85,AIGCIQA-021,Controlnet,train,021-2.png
AIGCIQA2023,aigciqa2023_Controlnet_154,AIGCIQA-038,Controlnet,train,038-3.png
AIGCIQA2023,aigciqa2023_Controlnet_120,AIGCIQA-030,Controlnet,train,030-1.png
AIGCIQA2023,aigciqa2023_Controlnet_330,AIGCIQA-082,Controlnet,train,082-3.png
AIGCIQA2023,aigciqa2023_Controlnet_225,AIGCIQA-056,Controlnet,train,056-2.png
AIGCIQA2023,aigciqa2023_Controlnet_220,AIGCIQA-055,Controlnet,train,055-1.png
AIGCIQA2023,aigciqa2023_Controlnet_74,AIGCIQA-018,Controlnet,train,018-3.png
AIGCIQA2023,aigciqa2023_Controlnet_106,AIGCIQA-026,Controlnet,train,026-3.png
AIGCIQA2023,aigciqa2023_Controlnet_203,AIGCIQA-050,Controlnet,train,050-4.png
AIGCIQA2023,aigciqa2023_Controlnet_37,AIGCIQA-009,Controlnet,train,009-2.png
AIGCIQA2023,aigciqa2023_Controlnet_211,AIGCIQA-052,Controlnet,train,052-4.png
AIGCIQA2023,aigciqa2023_Controlnet_268,AIGCIQA-067,Controlnet,train,067-1.png
AIGCIQA2023,aigciqa2023_Controlnet_231,AIGCIQA-057,Controlnet,val,057-4.png
AIGCIQA2023,aigciqa2023_Controlnet_336,AIGCIQA-084,Controlnet,val,084-1.png
AIGCIQA2023,aigciqa2023_Controlnet_167,AIGCIQA-041,Controlnet,train,041-4.png
AIGCIQA2023,aigciqa2023_Controlnet_165,AIGCIQA-041,Controlnet,train,041-2.png
AIGCIQA2023,aigciqa2023_Controlnet_93,AIGCIQA-023,Controlnet,train,023-2.png
AIGCIQA2023,aigciqa2023_Controlnet_89,AIGCIQA-022,Controlnet,train,022-2.png
AIGCIQA2023,aigciqa2023_Controlnet_356,AIGCIQA-089,Controlnet,val,089-1.png
AIGCIQA2023,aigciqa2023_Controlnet_318,AIGCIQA-079,Controlnet,train,079-3.png
AIGCIQA2023,aigciqa2023_Controlnet_170,AIGCIQA-042,Controlnet,train,042-3.png
AIGCIQA2023,aigciqa2023_Controlnet_100,AIGCIQA-025,Controlnet,val,025-1.png
AIGCIQA2023,aigciqa2023_Controlnet_159,AIGCIQA-039,Controlnet,train,039-4.png
AIGCIQA2023,aigciqa2023_Controlnet_373,AIGCIQA-093,Controlnet,val,093-2.png
AIGCIQA2023,aigciqa2023_Controlnet_293,AIGCIQA-073,Controlnet,train,073-2.png
AIGCIQA2023,aigciqa2023_Controlnet_226,AIGCIQA-056,Controlnet,train,056-3.png
AIGCIQA2023,aigciqa2023_Controlnet_188,AIGCIQA-047,Controlnet,train,047-1.png
AIGCIQA2023,aigciqa2023_Controlnet_7,AIGCIQA-001,Controlnet,train,001-4.png
AIGCIQA2023,aigciqa2023_Controlnet_241,AIGCIQA-060,Controlnet,train,060-2.png
AIGCIQA2023,aigciqa2023_Controlnet_139,AIGCIQA-034,Controlnet,train,034-4.png
AIGCIQA2023,aigciqa2023_Controlnet_221,AIGCIQA-055,Controlnet,train,055-2.png
AIGCIQA2023,aigciqa2023_Controlnet_294,AIGCIQA-073,Controlnet,train,073-3.png
AIGCIQA2023,aigciqa2023_Controlnet_355,AIGCIQA-088,Controlnet,val,088-4.png
AIGCIQA2023,aigciqa2023_Controlnet_218,AIGCIQA-054,Controlnet,test,054-3.png
AIGCIQA2023,aigciqa2023_Controlnet_283,AIGCIQA-070,Controlnet,train,070-4.png
AIGCIQA2023,aigciqa2023_Controlnet_133,AIGCIQA-033,Controlnet,train,033-2.png
AIGCIQA2023,aigciqa2023_Controlnet_96,AIGCIQA-024,Controlnet,train,024-1.png
AIGCIQA2023,aigciqa2023_Controlnet_11,AIGCIQA-002,Controlnet,train,002-4.png
AIGCIQA2023,aigciqa2023_Controlnet_264,AIGCIQA-066,Controlnet,train,066-1.png
AIGCIQA2023,aigciqa2023_Controlnet_320,AIGCIQA-080,Controlnet,train,080-1.png
AIGCIQA2023,aigciqa2023_Controlnet_69,AIGCIQA-017,Controlnet,test,017-2.png
AIGCIQA2023,aigciqa2023_Controlnet_313,AIGCIQA-078,Controlnet,train,078-2.png
AIGCIQA2023,aigciqa2023_Controlnet_6,AIGCIQA-001,Controlnet,train,001-3.png
AIGCIQA2023,aigciqa2023_Controlnet_397,AIGCIQA-099,Controlnet,train,099-2.png
AIGCIQA2023,aigciqa2023_Controlnet_281,AIGCIQA-070,Controlnet,train,070-2.png
AIGCIQA2023,aigciqa2023_Controlnet_109,AIGCIQA-027,Controlnet,val,027-2.png
AIGCIQA2023,aigciqa2023_Controlnet_149,AIGCIQA-037,Controlnet,train,037-2.png
AIGCIQA2023,aigciqa2023_Controlnet_178,AIGCIQA-044,Controlnet,train,044-3.png
AIGCIQA2023,aigciqa2023_Controlnet_113,AIGCIQA-028,Controlnet,test,028-2.png
AIGCIQA2023,aigciqa2023_Controlnet_19,AIGCIQA-004,Controlnet,test,004-4.png
AIGCIQA2023,aigciqa2023_Controlnet_250,AIGCIQA-062,Controlnet,train,062-3.png
AIGCIQA2023,aigciqa2023_Controlnet_118,AIGCIQA-029,Controlnet,val,029-3.png
AIGCIQA2023,aigciqa2023_Controlnet_247,AIGCIQA-061,Controlnet,train,061-4.png
AIGCIQA2023,aigciqa2023_Controlnet_278,AIGCIQA-069,Controlnet,test,069-3.png
AIGCIQA2023,aigciqa2023_Controlnet_157,AIGCIQA-039,Controlnet,train,039-2.png
AIGCIQA2023,aigciqa2023_Controlnet_334,AIGCIQA-083,Controlnet,train,083-3.png
AIGCIQA2023,aigciqa2023_Controlnet_393,AIGCIQA-098,Controlnet,train,098-2.png
AIGCIQA2023,aigciqa2023_Controlnet_152,AIGCIQA-038,Controlnet,train,038-1.png
AIGCIQA2023,aigciqa2023_Controlnet_352,AIGCIQA-088,Controlnet,val,088-1.png
AIGCIQA2023,aigciqa2023_Controlnet_184,AIGCIQA-046,Controlnet,train,046-1.png
AIGCIQA2023,aigciqa2023_Controlnet_370,AIGCIQA-092,Controlnet,train,092-3.png
AIGCIQA2023,aigciqa2023_Controlnet_339,AIGCIQA-084,Controlnet,val,084-4.png
AIGCIQA2023,aigciqa2023_Controlnet_103,AIGCIQA-025,Controlnet,val,025-4.png
AIGCIQA2023,aigciqa2023_Controlnet_191,AIGCIQA-047,Controlnet,train,047-4.png
AIGCIQA2023,aigciqa2023_Controlnet_25,AIGCIQA-006,Controlnet,train,006-2.png
AIGCIQA2023,aigciqa2023_Controlnet_376,AIGCIQA-094,Controlnet,test,094-1.png
AIGCIQA2023,aigciqa2023_Controlnet_329,AIGCIQA-082,Controlnet,train,082-2.png
AIGCIQA2023,aigciqa2023_Controlnet_105,AIGCIQA-026,Controlnet,train,026-2.png
AIGCIQA2023,aigciqa2023_Controlnet_201,AIGCIQA-050,Controlnet,train,050-2.png
AIGCIQA2023,aigciqa2023_Controlnet_90,AIGCIQA-022,Controlnet,train,022-3.png
AIGCIQA2023,aigciqa2023_Controlnet_362,AIGCIQA-090,Controlnet,train,090-3.png
AIGCIQA2023,aigciqa2023_Controlnet_151,AIGCIQA-037,Controlnet,train,037-4.png
AIGCIQA2023,aigciqa2023_Controlnet_277,AIGCIQA-069,Controlnet,test,069-2.png
AIGCIQA2023,aigciqa2023_Controlnet_48,AIGCIQA-012,Controlnet,train,012-1.png
AIGCIQA2023,aigciqa2023_Controlnet_104,AIGCIQA-026,Controlnet,train,026-1.png
AIGCIQA2023,aigciqa2023_Controlnet_156,AIGCIQA-039,Controlnet,train,039-1.png
AIGCIQA2023,aigciqa2023_Controlnet_62,AIGCIQA-015,Controlnet,train,015-3.png
AIGCIQA2023,aigciqa2023_Controlnet_207,AIGCIQA-051,Controlnet,train,051-4.png
AIGCIQA2023,aigciqa2023_Controlnet_147,AIGCIQA-036,Controlnet,train,036-4.png
AIGCIQA2023,aigciqa2023_Controlnet_146,AIGCIQA-036,Controlnet,train,036-3.png
AIGCIQA2023,aigciqa2023_Controlnet_300,AIGCIQA-075,Controlnet,test,075-1.png
AIGCIQA2023,aigciqa2023_Controlnet_238,AIGCIQA-059,Controlnet,train,059-3.png
AIGCIQA2023,aigciqa2023_Controlnet_200,AIGCIQA-050,Controlnet,train,050-1.png
AIGCIQA2023,aigciqa2023_Controlnet_315,AIGCIQA-078,Controlnet,train,078-4.png
AIGCIQA2023,aigciqa2023_Controlnet_298,AIGCIQA-074,Controlnet,train,074-3.png
AIGCIQA2023,aigciqa2023_Controlnet_60,AIGCIQA-015,Controlnet,train,015-1.png
AIGCIQA2023,aigciqa2023_Controlnet_131,AIGCIQA-032,Controlnet,train,032-4.png
AIGCIQA2023,aigciqa2023_Controlnet_173,AIGCIQA-043,Controlnet,train,043-2.png
AIGCIQA2023,aigciqa2023_Controlnet_84,AIGCIQA-021,Controlnet,train,021-1.png
AIGCIQA2023,aigciqa2023_Controlnet_8,AIGCIQA-002,Controlnet,train,002-1.png
AIGCIQA2023,aigciqa2023_Controlnet_369,AIGCIQA-092,Controlnet,train,092-2.png
AIGCIQA2023,aigciqa2023_Controlnet_177,AIGCIQA-044,Controlnet,train,044-2.png
AIGCIQA2023,aigciqa2023_Controlnet_382,AIGCIQA-095,Controlnet,val,095-3.png
AIGCIQA2023,aigciqa2023_Controlnet_297,AIGCIQA-074,Controlnet,train,074-2.png
AIGCIQA2023,aigciqa2023_Controlnet_18,AIGCIQA-004,Controlnet,test,004-3.png
AIGCIQA2023,aigciqa2023_Controlnet_378,AIGCIQA-094,Controlnet,test,094-3.png
AIGCIQA2023,aigciqa2023_Controlnet_276,AIGCIQA-069,Controlnet,test,069-1.png
AIGCIQA2023,aigciqa2023_Controlnet_179,AIGCIQA-044,Controlnet,train,044-4.png
AIGCIQA2023,aigciqa2023_Controlnet_266,AIGCIQA-066,Controlnet,train,066-3.png
AIGCIQA2023,aigciqa2023_Controlnet_141,AIGCIQA-035,Controlnet,test,035-2.png
AIGCIQA2023,aigciqa2023_Controlnet_262,AIGCIQA-065,Controlnet,train,065-3.png
AIGCIQA2023,aigciqa2023_Controlnet_267,AIGCIQA-066,Controlnet,train,066-4.png
AIGCIQA2023,aigciqa2023_Controlnet_86,AIGCIQA-021,Controlnet,train,021-3.png
AIGCIQA2023,aigciqa2023_Controlnet_304,AIGCIQA-076,Controlnet,train,076-1.png
AIGCIQA2023,aigciqa2023_Controlnet_263,AIGCIQA-065,Controlnet,train,065-4.png
AIGCIQA2023,aigciqa2023_Controlnet_344,AIGCIQA-086,Controlnet,test,086-1.png
AIGCIQA2023,aigciqa2023_Controlnet_30,AIGCIQA-007,Controlnet,train,007-3.png
AIGCIQA2023,aigciqa2023_Controlnet_115,AIGCIQA-028,Controlnet,test,028-4.png
AIGCIQA2023,aigciqa2023_Controlnet_132,AIGCIQA-033,Controlnet,train,033-1.png
AIGCIQA2023,aigciqa2023_Controlnet_341,AIGCIQA-085,Controlnet,train,085-2.png
AIGCIQA2023,aigciqa2023_Controlnet_242,AIGCIQA-060,Controlnet,train,060-3.png
AIGCIQA2023,aigciqa2023_Controlnet_307,AIGCIQA-076,Controlnet,train,076-4.png
AIGCIQA2023,aigciqa2023_Controlnet_171,AIGCIQA-042,Controlnet,train,042-4.png
AIGCIQA2023,aigciqa2023_Controlnet_102,AIGCIQA-025,Controlnet,val,025-3.png
AIGCIQA2023,aigciqa2023_Controlnet_358,AIGCIQA-089,Controlnet,val,089-3.png
AIGCIQA2023,aigciqa2023_Controlnet_182,AIGCIQA-045,Controlnet,train,045-3.png
AIGCIQA2023,aigciqa2023_Controlnet_328,AIGCIQA-082,Controlnet,train,082-1.png
AIGCIQA2023,aigciqa2023_Controlnet_350,AIGCIQA-087,Controlnet,train,087-3.png
AIGCIQA2023,aigciqa2023_Controlnet_324,AIGCIQA-081,Controlnet,test,081-1.png
AIGCIQA2023,aigciqa2023_Controlnet_343,AIGCIQA-085,Controlnet,train,085-4.png
AIGCIQA2023,aigciqa2023_Controlnet_269,AIGCIQA-067,Controlnet,train,067-2.png
AIGCIQA2023,aigciqa2023_Controlnet_54,AIGCIQA-013,Controlnet,test,013-3.png
AIGCIQA2023,aigciqa2023_Controlnet_296,AIGCIQA-074,Controlnet,train,074-1.png
AIGCIQA2023,aigciqa2023_Controlnet_245,AIGCIQA-061,Controlnet,train,061-2.png
AIGCIQA2023,aigciqa2023_Controlnet_237,AIGCIQA-059,Controlnet,train,059-2.png
AIGCIQA2023,aigciqa2023_Controlnet_67,AIGCIQA-016,Controlnet,train,016-4.png
AIGCIQA2023,aigciqa2023_Controlnet_42,AIGCIQA-010,Controlnet,train,010-3.png
AIGCIQA2023,aigciqa2023_Controlnet_395,AIGCIQA-098,Controlnet,train,098-4.png
AIGCIQA2023,aigciqa2023_Controlnet_121,AIGCIQA-030,Controlnet,train,030-2.png
AIGCIQA2023,aigciqa2023_Controlnet_168,AIGCIQA-042,Controlnet,train,042-1.png
AIGCIQA2023,aigciqa2023_Controlnet_210,AIGCIQA-052,Controlnet,train,052-3.png
AIGCIQA2023,aigciqa2023_Controlnet_272,AIGCIQA-068,Controlnet,train,068-1.png
AIGCIQA2023,aigciqa2023_Controlnet_196,AIGCIQA-049,Controlnet,train,049-1.png
AIGCIQA2023,aigciqa2023_Controlnet_265,AIGCIQA-066,Controlnet,train,066-2.png
AIGCIQA2023,aigciqa2023_Controlnet_317,AIGCIQA-079,Controlnet,train,079-2.png
AIGCIQA2023,aigciqa2023_Controlnet_17,AIGCIQA-004,Controlnet,test,004-2.png
AIGCIQA2023,aigciqa2023_Controlnet_208,AIGCIQA-052,Controlnet,train,052-1.png
AIGCIQA2023,aigciqa2023_Controlnet_124,AIGCIQA-031,Controlnet,test,031-1.png
AIGCIQA2023,aigciqa2023_Controlnet_187,AIGCIQA-046,Controlnet,train,046-4.png
AIGCIQA2023,aigciqa2023_Controlnet_21,AIGCIQA-005,Controlnet,train,005-2.png
AIGCIQA2023,aigciqa2023_Controlnet_20,AIGCIQA-005,Controlnet,train,005-1.png
AIGCIQA2023,aigciqa2023_Controlnet_145,AIGCIQA-036,Controlnet,train,036-2.png
AIGCIQA2023,aigciqa2023_Controlnet_223,AIGCIQA-055,Controlnet,train,055-4.png
AIGCIQA2023,aigciqa2023_Controlnet_14,AIGCIQA-003,Controlnet,test,003-3.png
AIGCIQA2023,aigciqa2023_Controlnet_61,AIGCIQA-015,Controlnet,train,015-2.png
AIGCIQA2023,aigciqa2023_Controlnet_288,AIGCIQA-072,Controlnet,train,072-1.png
AIGCIQA2023,aigciqa2023_Controlnet_206,AIGCIQA-051,Controlnet,train,051-3.png
AIGCIQA2023,aigciqa2023_Controlnet_212,AIGCIQA-053,Controlnet,val,053-1.png
AIGCIQA2023,aigciqa2023_Controlnet_224,AIGCIQA-056,Controlnet,train,056-1.png
AIGCIQA2023,aigciqa2023_Controlnet_92,AIGCIQA-023,Controlnet,train,023-1.png
AIGCIQA2023,aigciqa2023_Controlnet_306,AIGCIQA-076,Controlnet,train,076-3.png
AIGCIQA2023,aigciqa2023_Controlnet_4,AIGCIQA-001,Controlnet,train,001-1.png
AIGCIQA2023,aigciqa2023_Controlnet_314,AIGCIQA-078,Controlnet,train,078-3.png
AIGCIQA2023,aigciqa2023_Controlnet_82,AIGCIQA-020,Controlnet,train,020-3.png
AIGCIQA2023,aigciqa2023_Controlnet_153,AIGCIQA-038,Controlnet,train,038-2.png
AIGCIQA2023,aigciqa2023_Controlnet_0,AIGCIQA-000,Controlnet,val,000-1.png
AIGCIQA2023,aigciqa2023_Controlnet_389,AIGCIQA-097,Controlnet,val,097-2.png
AIGCIQA2023,aigciqa2023_Controlnet_291,AIGCIQA-072,Controlnet,train,072-4.png
AIGCIQA2023,aigciqa2023_Controlnet_312,AIGCIQA-078,Controlnet,train,078-1.png
AIGCIQA2023,aigciqa2023_Controlnet_199,AIGCIQA-049,Controlnet,train,049-4.png
AIGCIQA2023,aigciqa2023_Controlnet_310,AIGCIQA-077,Controlnet,val,077-3.png
AIGCIQA2023,aigciqa2023_Controlnet_41,AIGCIQA-010,Controlnet,train,010-2.png
AIGCIQA2023,aigciqa2023_Controlnet_270,AIGCIQA-067,Controlnet,train,067-3.png
AIGCIQA2023,aigciqa2023_Controlnet_95,AIGCIQA-023,Controlnet,train,023-4.png
AIGCIQA2023,aigciqa2023_Controlnet_39,AIGCIQA-009,Controlnet,train,009-4.png
AIGCIQA2023,aigciqa2023_Controlnet_50,AIGCIQA-012,Controlnet,train,012-3.png
AIGCIQA2023,aigciqa2023_Controlnet_155,AIGCIQA-038,Controlnet,train,038-4.png
AIGCIQA2023,aigciqa2023_Controlnet_254,AIGCIQA-063,Controlnet,train,063-3.png
AIGCIQA2023,aigciqa2023_Controlnet_163,AIGCIQA-040,Controlnet,train,040-4.png
AIGCIQA2023,aigciqa2023_Controlnet_215,AIGCIQA-053,Controlnet,val,053-4.png
AIGCIQA2023,aigciqa2023_Controlnet_76,AIGCIQA-019,Controlnet,train,019-1.png
AIGCIQA2023,aigciqa2023_Controlnet_160,AIGCIQA-040,Controlnet,train,040-1.png
AIGCIQA2023,aigciqa2023_Controlnet_261,AIGCIQA-065,Controlnet,train,065-2.png
AIGCIQA2023,aigciqa2023_Controlnet_27,AIGCIQA-006,Controlnet,train,006-4.png
AIGCIQA2023,aigciqa2023_Controlnet_233,AIGCIQA-058,Controlnet,train,058-2.png
AIGCIQA2023,aigciqa2023_Controlnet_129,AIGCIQA-032,Controlnet,train,032-2.png
AIGCIQA2023,aigciqa2023_Controlnet_91,AIGCIQA-022,Controlnet,train,022-4.png
AIGCIQA2023,aigciqa2023_Controlnet_256,AIGCIQA-064,Controlnet,val,064-1.png
AIGCIQA2023,aigciqa2023_Controlnet_286,AIGCIQA-071,Controlnet,val,071-3.png
AIGCIQA2023,aigciqa2023_Controlnet_1,AIGCIQA-000,Controlnet,val,000-2.png
AIGCIQA2023,aigciqa2023_Controlnet_325,AIGCIQA-081,Controlnet,test,081-2.png
AIGCIQA2023,aigciqa2023_Controlnet_80,AIGCIQA-020,Controlnet,train,020-1.png
AIGCIQA2023,aigciqa2023_Controlnet_222,AIGCIQA-055,Controlnet,train,055-3.png
AIGCIQA2023,aigciqa2023_Controlnet_340,AIGCIQA-085,Controlnet,train,085-1.png
AIGCIQA2023,aigciqa2023_Controlnet_398,AIGCIQA-099,Controlnet,train,099-3.png
AIGCIQA2023,aigciqa2023_Controlnet_360,AIGCIQA-090,Controlnet,train,090-1.png
AIGCIQA2023,aigciqa2023_Controlnet_319,AIGCIQA-079,Controlnet,train,079-4.png
AIGCIQA2023,aigciqa2023_Controlnet_58,AIGCIQA-014,Controlnet,test,014-3.png
AIGCIQA2023,aigciqa2023_Controlnet_5,AIGCIQA-001,Controlnet,train,001-2.png
AIGCIQA2023,aigciqa2023_Controlnet_128,AIGCIQA-032,Controlnet,train,032-1.png
AIGCIQA2023,aigciqa2023_Controlnet_239,AIGCIQA-059,Controlnet,train,059-4.png
AIGCIQA2023,aigciqa2023_Controlnet_195,AIGCIQA-048,Controlnet,train,048-4.png
AIGCIQA2023,aigciqa2023_Controlnet_197,AIGCIQA-049,Controlnet,train,049-2.png
AIGCIQA2023,aigciqa2023_Controlnet_32,AIGCIQA-008,Controlnet,train,008-1.png
AIGCIQA2023,aigciqa2023_Controlnet_361,AIGCIQA-090,Controlnet,train,090-2.png
AIGCIQA2023,aigciqa2023_Controlnet_363,AIGCIQA-090,Controlnet,train,090-4.png
AIGCIQA2023,aigciqa2023_Controlnet_78,AIGCIQA-019,Controlnet,train,019-3.png
AIGCIQA2023,aigciqa2023_Controlnet_56,AIGCIQA-014,Controlnet,test,014-1.png
AIGCIQA2023,aigciqa2023_Controlnet_24,AIGCIQA-006,Controlnet,train,006-1.png
AIGCIQA2023,aigciqa2023_Controlnet_46,AIGCIQA-011,Controlnet,test,011-3.png
AIGCIQA2023,aigciqa2023_Controlnet_252,AIGCIQA-063,Controlnet,train,063-1.png
AIGCIQA2023,aigciqa2023_Controlnet_260,AIGCIQA-065,Controlnet,train,065-1.png
AIGCIQA2023,aigciqa2023_Controlnet_70,AIGCIQA-017,Controlnet,test,017-3.png
AIGCIQA2023,aigciqa2023_Controlnet_391,AIGCIQA-097,Controlnet,val,097-4.png
AIGCIQA2023,aigciqa2023_Controlnet_337,AIGCIQA-084,Controlnet,val,084-2.png
AIGCIQA2023,aigciqa2023_Controlnet_204,AIGCIQA-051,Controlnet,train,051-1.png
AIGCIQA2023,aigciqa2023_Controlnet_219,AIGCIQA-054,Controlnet,test,054-4.png
AIGCIQA2023,aigciqa2023_Controlnet_134,AIGCIQA-033,Controlnet,train,033-3.png
AIGCIQA2023,aigciqa2023_Controlnet_275,AIGCIQA-068,Controlnet,train,068-4.png
AIGCIQA2023,aigciqa2023_Controlnet_375,AIGCIQA-093,Controlnet,val,093-4.png
AIGCIQA2023,aigciqa2023_Controlnet_126,AIGCIQA-031,Controlnet,test,031-3.png
AIGCIQA2023,aigciqa2023_Controlnet_392,AIGCIQA-098,Controlnet,train,098-1.png
AIGCIQA2023,aigciqa2023_Controlnet_348,AIGCIQA-087,Controlnet,train,087-1.png
AIGCIQA2023,aigciqa2023_Controlnet_73,AIGCIQA-018,Controlnet,train,018-2.png
AIGCIQA2023,aigciqa2023_Controlnet_234,AIGCIQA-058,Controlnet,train,058-3.png
AIGCIQA2023,aigciqa2023_Controlnet_202,AIGCIQA-050,Controlnet,train,050-3.png
AIGCIQA2023,aigciqa2023_Controlnet_255,AIGCIQA-063,Controlnet,train,063-4.png
AIGCIQA2023,aigciqa2023_Controlnet_299,AIGCIQA-074,Controlnet,train,074-4.png
AIGCIQA2023,aigciqa2023_Controlnet_303,AIGCIQA-075,Controlnet,test,075-4.png
AIGCIQA2023,aigciqa2023_Controlnet_290,AIGCIQA-072,Controlnet,train,072-3.png
AIGCIQA2023,aigciqa2023_Controlnet_108,AIGCIQA-027,Controlnet,val,027-1.png
AIGCIQA2023,aigciqa2023_Controlnet_33,AIGCIQA-008,Controlnet,train,008-2.png
AIGCIQA2023,aigciqa2023_Controlnet_137,AIGCIQA-034,Controlnet,train,034-2.png
AIGCIQA2023,aigciqa2023_Controlnet_205,AIGCIQA-051,Controlnet,train,051-2.png
AIGCIQA2023,aigciqa2023_Controlnet_161,AIGCIQA-040,Controlnet,train,040-2.png
AIGCIQA2023,aigciqa2023_Controlnet_383,AIGCIQA-095,Controlnet,val,095-4.png
AIGCIQA2023,aigciqa2023_Controlnet_117,AIGCIQA-029,Controlnet,val,029-2.png
AIGCIQA2023,aigciqa2023_Controlnet_28,AIGCIQA-007,Controlnet,train,007-1.png
AIGCIQA2023,aigciqa2023_Controlnet_166,AIGCIQA-041,Controlnet,train,041-3.png
AIGCIQA2023,aigciqa2023_Controlnet_368,AIGCIQA-092,Controlnet,train,092-1.png
AIGCIQA2023,aigciqa2023_Controlnet_285,AIGCIQA-071,Controlnet,val,071-2.png
AIGCIQA2023,aigciqa2023_Controlnet_138,AIGCIQA-034,Controlnet,train,034-3.png
AIGCIQA2023,aigciqa2023_Controlnet_399,AIGCIQA-099,Controlnet,train,099-4.png
AIGCIQA2023,aigciqa2023_Controlnet_236,AIGCIQA-059,Controlnet,train,059-1.png
AIGCIQA2023,aigciqa2023_Controlnet_323,AIGCIQA-080,Controlnet,train,080-4.png
AIGCIQA2023,aigciqa2023_Controlnet_394,AIGCIQA-098,Controlnet,train,098-3.png
AIGCIQA2023,aigciqa2023_Controlnet_273,AIGCIQA-068,Controlnet,train,068-2.png
AIGCIQA2023,aigciqa2023_Controlnet_87,AIGCIQA-021,Controlnet,train,021-4.png
AIGCIQA2023,aigciqa2023_Controlnet_311,AIGCIQA-077,Controlnet,val,077-4.png
AIGCIQA2023,aigciqa2023_Controlnet_36,AIGCIQA-009,Controlnet,train,009-1.png
AIGCIQA2023,aigciqa2023_Controlnet_136,AIGCIQA-034,Controlnet,train,034-1.png
AIGCIQA2023,aigciqa2023_Controlnet_107,AIGCIQA-026,Controlnet,train,026-4.png
AIGCIQA2023,aigciqa2023_Controlnet_181,AIGCIQA-045,Controlnet,train,045-2.png
AIGCIQA2023,aigciqa2023_Controlnet_189,AIGCIQA-047,Controlnet,train,047-2.png
AIGCIQA2023,aigciqa2023_Controlnet_83,AIGCIQA-020,Controlnet,train,020-4.png
AIGCIQA2023,aigciqa2023_Controlnet_186,AIGCIQA-046,Controlnet,train,046-3.png
AIGCIQA2023,aigciqa2023_Controlnet_232,AIGCIQA-058,Controlnet,train,058-1.png
AIGCIQA2023,aigciqa2023_Controlnet_371,AIGCIQA-092,Controlnet,train,092-4.png
AIGCIQA2023,aigciqa2023_Controlnet_353,AIGCIQA-088,Controlnet,val,088-2.png
AIGCIQA2023,aigciqa2023_Controlnet_51,AIGCIQA-012,Controlnet,train,012-4.png
AIGCIQA2023,aigciqa2023_Controlnet_388,AIGCIQA-097,Controlnet,val,097-1.png
AIGCIQA2023,aigciqa2023_Controlnet_342,AIGCIQA-085,Controlnet,train,085-3.png
AIGCIQA2023,aigciqa2023_Controlnet_148,AIGCIQA-037,Controlnet,train,037-1.png
AIGCIQA2023,aigciqa2023_Controlnet_116,AIGCIQA-029,Controlnet,val,029-1.png
AIGCIQA2023,aigciqa2023_Controlnet_23,AIGCIQA-005,Controlnet,train,005-4.png
AIGCIQA2023,aigciqa2023_Controlnet_35,AIGCIQA-008,Controlnet,train,008-4.png
AIGCIQA2023,aigciqa2023_Controlnet_98,AIGCIQA-024,Controlnet,train,024-3.png
AIGCIQA2023,aigciqa2023_Controlnet_295,AIGCIQA-073,Controlnet,train,073-4.png
AIGCIQA2023,aigciqa2023_Controlnet_185,AIGCIQA-046,Controlnet,train,046-2.png
AIGCIQA2023,aigciqa2023_Controlnet_316,AIGCIQA-079,Controlnet,train,079-1.png
AIGCIQA2023,aigciqa2023_Controlnet_321,AIGCIQA-080,Controlnet,train,080-2.png
AIGCIQA2023,aigciqa2023_Controlnet_150,AIGCIQA-037,Controlnet,train,037-3.png
AIGCIQA2023,aigciqa2023_Controlnet_282,AIGCIQA-070,Controlnet,train,070-3.png
AIGCIQA2023,aigciqa2023_Controlnet_40,AIGCIQA-010,Controlnet,train,010-1.png
AIGCIQA2023,aigciqa2023_Controlnet_193,AIGCIQA-048,Controlnet,train,048-2.png
AIGCIQA2023,aigciqa2023_Controlnet_63,AIGCIQA-015,Controlnet,train,015-4.png
AIGCIQA2023,aigciqa2023_Controlnet_274,AIGCIQA-068,Controlnet,train,068-3.png
AIGCIQA2023,aigciqa2023_Controlnet_235,AIGCIQA-058,Controlnet,train,058-4.png
AIGCIQA2023,aigciqa2023_Controlnet_22,AIGCIQA-005,Controlnet,train,005-3.png
AIGCIQA2023,aigciqa2023_Controlnet_135,AIGCIQA-033,Controlnet,train,033-4.png
AIGCIQA2023,aigciqa2023_Controlnet_309,AIGCIQA-077,Controlnet,val,077-2.png
AIGCIQA2023,aigciqa2023_Controlnet_176,AIGCIQA-044,Controlnet,train,044-1.png
AIGCIQA2023,aigciqa2023_Controlnet_183,AIGCIQA-045,Controlnet,train,045-4.png
AIGCIQA2023,aigciqa2023_Controlnet_49,AIGCIQA-012,Controlnet,train,012-2.png
AIGCIQA2023,aigciqa2023_Controlnet_194,AIGCIQA-048,Controlnet,train,048-3.png
AIGCIQA2023,aigciqa2023_Controlnet_381,AIGCIQA-095,Controlnet,val,095-2.png
AIGCIQA2023,aigciqa2023_Controlnet_390,AIGCIQA-097,Controlnet,val,097-3.png
AIGCIQA2023,aigciqa2023_Controlnet_172,AIGCIQA-043,Controlnet,train,043-1.png
AIGCIQA2023,aigciqa2023_Controlnet_110,AIGCIQA-027,Controlnet,val,027-3.png
AIGCIQA2023,aigciqa2023_Controlnet_79,AIGCIQA-019,Controlnet,train,019-4.png
AIGCIQA2023,aigciqa2023_Controlnet_365,AIGCIQA-091,Controlnet,train,091-2.png
AIGCIQA2023,aigciqa2023_Controlnet_174,AIGCIQA-043,Controlnet,train,043-3.png
AIGCIQA2023,aigciqa2023_Controlnet_384,AIGCIQA-096,Controlnet,train,096-1.png
AIGCIQA2023,aigciqa2023_Controlnet_357,AIGCIQA-089,Controlnet,val,089-2.png
AIGCIQA2023,aigciqa2023_Controlnet_81,AIGCIQA-020,Controlnet,train,020-2.png
AIGCIQA2023,aigciqa2023_Controlnet_3,AIGCIQA-000,Controlnet,val,000-4.png
AIGCIQA2023,aigciqa2023_Controlnet_142,AIGCIQA-035,Controlnet,test,035-3.png
AIGCIQA2023,aigciqa2023_Controlnet_301,AIGCIQA-075,Controlnet,test,075-2.png
AIGCIQA2023,aigciqa2023_Controlnet_229,AIGCIQA-057,Controlnet,val,057-2.png
AIGCIQA2023,aigciqa2023_Controlnet_112,AIGCIQA-028,Controlnet,test,028-1.png
AIGCIQA2023,aigciqa2023_Controlnet_214,AIGCIQA-053,Controlnet,val,053-3.png
AIGCIQA2023,aigciqa2023_Controlnet_387,AIGCIQA-096,Controlnet,train,096-4.png
AIGCIQA2023,aigciqa2023_Controlnet_359,AIGCIQA-089,Controlnet,val,089-4.png
AIGCIQA2023,aigciqa2023_Controlnet_332,AIGCIQA-083,Controlnet,train,083-1.png
AIGCIQA2023,aigciqa2023_Controlnet_366,AIGCIQA-091,Controlnet,train,091-3.png
AIGCIQA2023,aigciqa2023_Controlnet_101,AIGCIQA-025,Controlnet,val,025-2.png
AIGCIQA2023,aigciqa2023_Controlnet_287,AIGCIQA-071,Controlnet,val,071-4.png
AIGCIQA2023,aigciqa2023_Controlnet_13,AIGCIQA-003,Controlnet,test,003-2.png
AIGCIQA2023,aigciqa2023_Controlnet_308,AIGCIQA-077,Controlnet,val,077-1.png
AIGCIQA2023,aigciqa2023_Controlnet_258,AIGCIQA-064,Controlnet,val,064-3.png
AIGCIQA2023,aigciqa2023_Controlnet_119,AIGCIQA-029,Controlnet,val,029-4.png
AIGCIQA2023,aigciqa2023_Controlnet_111,AIGCIQA-027,Controlnet,val,027-4.png
AIGCIQA2023,aigciqa2023_Controlnet_47,AIGCIQA-011,Controlnet,test,011-4.png
AIGCIQA2023,aigciqa2023_Controlnet_15,AIGCIQA-003,Controlnet,test,003-4.png
AIGCIQA2023,aigciqa2023_Controlnet_16,AIGCIQA-004,Controlnet,test,004-1.png
AIGCIQA2023,aigciqa2023_Controlnet_216,AIGCIQA-054,Controlnet,test,054-1.png
AIGCIQA2023,aigciqa2023_Controlnet_302,AIGCIQA-075,Controlnet,test,075-3.png
AIGCIQA2023,aigciqa2023_Controlnet_44,AIGCIQA-011,Controlnet,test,011-1.png
AIGCIQA2023,aigciqa2023_Controlnet_279,AIGCIQA-069,Controlnet,test,069-4.png
AIGCIQA2023,aigciqa2023_Controlnet_396,AIGCIQA-099,Controlnet,train,099-1.png
AIGCIQA2023,aigciqa2023_Controlnet_346,AIGCIQA-086,Controlnet,test,086-3.png
AIGCIQA2023,aigciqa2023_Controlnet_52,AIGCIQA-013,Controlnet,test,013-1.png
AIGCIQA2023,aigciqa2023_Controlnet_377,AIGCIQA-094,Controlnet,test,094-2.png
AIGCIQA2023,aigciqa2023_Controlnet_71,AIGCIQA-017,Controlnet,test,017-4.png
AIGCIQA2023,aigciqa2023_Controlnet_114,AIGCIQA-028,Controlnet,test,028-3.png
AIGCIQA2023,aigciqa2023_Controlnet_125,AIGCIQA-031,Controlnet,test,031-2.png
AIGCIQA2023,aigciqa2023_Controlnet_140,AIGCIQA-035,Controlnet,test,035-1.png
AIGCIQA2023,aigciqa2023_Controlnet_379,AIGCIQA-094,Controlnet,test,094-4.png
AIGCIQA2023,aigciqa2023_Controlnet_12,AIGCIQA-003,Controlnet,test,003-1.png
AIGCIQA2023,aigciqa2023_Controlnet_57,AIGCIQA-014,Controlnet,test,014-2.png
AIGCIQA2023,aigciqa2023_Controlnet_327,AIGCIQA-081,Controlnet,test,081-4.png
AIGCIQA2023,aigciqa2023_DALLE_612,AIGCIQA-053,DALLE,val,053-1.png
AIGCIQA2023,aigciqa2023_DALLE_747,AIGCIQA-086,DALLE,test,086-4.png
AIGCIQA2023,aigciqa2023_DALLE_495,AIGCIQA-023,DALLE,train,023-4.png
AIGCIQA2023,aigciqa2023_DALLE_648,AIGCIQA-062,DALLE,train,062-1.png
AIGCIQA2023,aigciqa2023_DALLE_590,AIGCIQA-047,DALLE,train,047-3.png
AIGCIQA2023,aigciqa2023_DALLE_691,AIGCIQA-072,DALLE,train,072-4.png
AIGCIQA2023,aigciqa2023_DALLE_792,AIGCIQA-098,DALLE,train,098-1.png
AIGCIQA2023,aigciqa2023_DALLE_631,AIGCIQA-057,DALLE,val,057-4.png
AIGCIQA2023,aigciqa2023_DALLE_668,AIGCIQA-067,DALLE,train,067-1.png
AIGCIQA2023,aigciqa2023_DALLE_464,AIGCIQA-016,DALLE,train,016-1.png
AIGCIQA2023,aigciqa2023_DALLE_544,AIGCIQA-036,DALLE,train,036-1.png
AIGCIQA2023,aigciqa2023_DALLE_474,AIGCIQA-018,DALLE,train,018-3.png
AIGCIQA2023,aigciqa2023_DALLE_409,AIGCIQA-002,DALLE,train,002-2.png
AIGCIQA2023,aigciqa2023_DALLE_429,AIGCIQA-007,DALLE,train,007-2.png
AIGCIQA2023,aigciqa2023_DALLE_637,AIGCIQA-059,DALLE,train,059-2.png
AIGCIQA2023,aigciqa2023_DALLE_585,AIGCIQA-046,DALLE,train,046-2.png
AIGCIQA2023,aigciqa2023_DALLE_793,AIGCIQA-098,DALLE,train,098-2.png
AIGCIQA2023,aigciqa2023_DALLE_451,AIGCIQA-012,DALLE,train,012-4.png
AIGCIQA2023,aigciqa2023_DALLE_664,AIGCIQA-066,DALLE,train,066-1.png
AIGCIQA2023,aigciqa2023_DALLE_487,AIGCIQA-021,DALLE,train,021-4.png
AIGCIQA2023,aigciqa2023_DALLE_673,AIGCIQA-068,DALLE,train,068-2.png
AIGCIQA2023,aigciqa2023_DALLE_477,AIGCIQA-019,DALLE,train,019-2.png
AIGCIQA2023,aigciqa2023_DALLE_798,AIGCIQA-099,DALLE,train,099-3.png
AIGCIQA2023,aigciqa2023_DALLE_677,AIGCIQA-069,DALLE,test,069-2.png
AIGCIQA2023,aigciqa2023_DALLE_446,AIGCIQA-011,DALLE,test,011-3.png
AIGCIQA2023,aigciqa2023_DALLE_619,AIGCIQA-054,DALLE,test,054-4.png
AIGCIQA2023,aigciqa2023_DALLE_786,AIGCIQA-096,DALLE,train,096-3.png
AIGCIQA2023,aigciqa2023_DALLE_711,AIGCIQA-077,DALLE,val,077-4.png
AIGCIQA2023,aigciqa2023_DALLE_467,AIGCIQA-016,DALLE,train,016-4.png
AIGCIQA2023,aigciqa2023_DALLE_653,AIGCIQA-063,DALLE,train,063-2.png
AIGCIQA2023,aigciqa2023_DALLE_478,AIGCIQA-019,DALLE,train,019-3.png
AIGCIQA2023,aigciqa2023_DALLE_672,AIGCIQA-068,DALLE,train,068-1.png
AIGCIQA2023,aigciqa2023_DALLE_588,AIGCIQA-047,DALLE,train,047-1.png
AIGCIQA2023,aigciqa2023_DALLE_531,AIGCIQA-032,DALLE,train,032-4.png
AIGCIQA2023,aigciqa2023_DALLE_796,AIGCIQA-099,DALLE,train,099-1.png
AIGCIQA2023,aigciqa2023_DALLE_670,AIGCIQA-067,DALLE,train,067-3.png
AIGCIQA2023,aigciqa2023_DALLE_492,AIGCIQA-023,DALLE,train,023-1.png
AIGCIQA2023,aigciqa2023_DALLE_471,AIGCIQA-017,DALLE,test,017-4.png
AIGCIQA2023,aigciqa2023_DALLE_708,AIGCIQA-077,DALLE,val,077-1.png
AIGCIQA2023,aigciqa2023_DALLE_577,AIGCIQA-044,DALLE,train,044-2.png
AIGCIQA2023,aigciqa2023_DALLE_575,AIGCIQA-043,DALLE,train,043-4.png
AIGCIQA2023,aigciqa2023_DALLE_718,AIGCIQA-079,DALLE,train,079-3.png
AIGCIQA2023,aigciqa2023_DALLE_696,AIGCIQA-074,DALLE,train,074-1.png
AIGCIQA2023,aigciqa2023_DALLE_656,AIGCIQA-064,DALLE,val,064-1.png
AIGCIQA2023,aigciqa2023_DALLE_625,AIGCIQA-056,DALLE,train,056-2.png
AIGCIQA2023,aigciqa2023_DALLE_582,AIGCIQA-045,DALLE,train,045-3.png
AIGCIQA2023,aigciqa2023_DALLE_699,AIGCIQA-074,DALLE,train,074-4.png
AIGCIQA2023,aigciqa2023_DALLE_720,AIGCIQA-080,DALLE,train,080-1.png
AIGCIQA2023,aigciqa2023_DALLE_480,AIGCIQA-020,DALLE,train,020-1.png
AIGCIQA2023,aigciqa2023_DALLE_501,AIGCIQA-025,DALLE,val,025-2.png
AIGCIQA2023,aigciqa2023_DALLE_712,AIGCIQA-078,DALLE,train,078-1.png
AIGCIQA2023,aigciqa2023_DALLE_669,AIGCIQA-067,DALLE,train,067-2.png
AIGCIQA2023,aigciqa2023_DALLE_771,AIGCIQA-092,DALLE,train,092-4.png
AIGCIQA2023,aigciqa2023_DALLE_657,AIGCIQA-064,DALLE,val,064-2.png
AIGCIQA2023,aigciqa2023_DALLE_624,AIGCIQA-056,DALLE,train,056-1.png
AIGCIQA2023,aigciqa2023_DALLE_778,AIGCIQA-094,DALLE,test,094-3.png
AIGCIQA2023,aigciqa2023_DALLE_654,AIGCIQA-063,DALLE,train,063-3.png
AIGCIQA2023,aigciqa2023_DALLE_614,AIGCIQA-053,DALLE,val,053-3.png
AIGCIQA2023,aigciqa2023_DALLE_587,AIGCIQA-046,DALLE,train,046-4.png
AIGCIQA2023,aigciqa2023_DALLE_424,AIGCIQA-006,DALLE,train,006-1.png
AIGCIQA2023,aigciqa2023_DALLE_580,AIGCIQA-045,DALLE,train,045-1.png
AIGCIQA2023,aigciqa2023_DALLE_634,AIGCIQA-058,DALLE,train,058-3.png
AIGCIQA2023,aigciqa2023_DALLE_436,AIGCIQA-009,DALLE,train,009-1.png
AIGCIQA2023,aigciqa2023_DALLE_690,AIGCIQA-072,DALLE,train,072-3.png
AIGCIQA2023,aigciqa2023_DALLE_603,AIGCIQA-050,DALLE,train,050-4.png
AIGCIQA2023,aigciqa2023_DALLE_413,AIGCIQA-003,DALLE,test,003-2.png
AIGCIQA2023,aigciqa2023_DALLE_665,AIGCIQA-066,DALLE,train,066-2.png
AIGCIQA2023,aigciqa2023_DALLE_784,AIGCIQA-096,DALLE,train,096-1.png
AIGCIQA2023,aigciqa2023_DALLE_520,AIGCIQA-030,DALLE,train,030-1.png
AIGCIQA2023,aigciqa2023_DALLE_765,AIGCIQA-091,DALLE,train,091-2.png
AIGCIQA2023,aigciqa2023_DALLE_655,AIGCIQA-063,DALLE,train,063-4.png
AIGCIQA2023,aigciqa2023_DALLE_565,AIGCIQA-041,DALLE,train,041-2.png
AIGCIQA2023,aigciqa2023_DALLE_601,AIGCIQA-050,DALLE,train,050-2.png
AIGCIQA2023,aigciqa2023_DALLE_505,AIGCIQA-026,DALLE,train,026-2.png
AIGCIQA2023,aigciqa2023_DALLE_797,AIGCIQA-099,DALLE,train,099-2.png
AIGCIQA2023,aigciqa2023_DALLE_715,AIGCIQA-078,DALLE,train,078-4.png
AIGCIQA2023,aigciqa2023_DALLE_494,AIGCIQA-023,DALLE,train,023-3.png
AIGCIQA2023,aigciqa2023_DALLE_562,AIGCIQA-040,DALLE,train,040-3.png
AIGCIQA2023,aigciqa2023_DALLE_430,AIGCIQA-007,DALLE,train,007-3.png
AIGCIQA2023,aigciqa2023_DALLE_706,AIGCIQA-076,DALLE,train,076-3.png
AIGCIQA2023,aigciqa2023_DALLE_627,AIGCIQA-056,DALLE,train,056-4.png
AIGCIQA2023,aigciqa2023_DALLE_493,AIGCIQA-023,DALLE,train,023-2.png
AIGCIQA2023,aigciqa2023_DALLE_425,AIGCIQA-006,DALLE,train,006-2.png
AIGCIQA2023,aigciqa2023_DALLE_647,AIGCIQA-061,DALLE,train,061-4.png
AIGCIQA2023,aigciqa2023_DALLE_517,AIGCIQA-029,DALLE,val,029-2.png
AIGCIQA2023,aigciqa2023_DALLE_550,AIGCIQA-037,DALLE,train,037-3.png
AIGCIQA2023,aigciqa2023_DALLE_488,AIGCIQA-022,DALLE,train,022-1.png
AIGCIQA2023,aigciqa2023_DALLE_408,AIGCIQA-002,DALLE,train,002-1.png
AIGCIQA2023,aigciqa2023_DALLE_759,AIGCIQA-089,DALLE,val,089-4.png
AIGCIQA2023,aigciqa2023_DALLE_428,AIGCIQA-007,DALLE,train,007-1.png
AIGCIQA2023,aigciqa2023_DALLE_444,AIGCIQA-011,DALLE,test,011-1.png
AIGCIQA2023,aigciqa2023_DALLE_693,AIGCIQA-073,DALLE,train,073-2.png
AIGCIQA2023,aigciqa2023_DALLE_740,AIGCIQA-085,DALLE,train,085-1.png
AIGCIQA2023,aigciqa2023_DALLE_402,AIGCIQA-000,DALLE,val,000-3.png
AIGCIQA2023,aigciqa2023_DALLE_574,AIGCIQA-043,DALLE,train,043-3.png
AIGCIQA2023,aigciqa2023_DALLE_678,AIGCIQA-069,DALLE,test,069-3.png
AIGCIQA2023,aigciqa2023_DALLE_757,AIGCIQA-089,DALLE,val,089-2.png
AIGCIQA2023,aigciqa2023_DALLE_453,AIGCIQA-013,DALLE,test,013-2.png
AIGCIQA2023,aigciqa2023_DALLE_496,AIGCIQA-024,DALLE,train,024-1.png
AIGCIQA2023,aigciqa2023_DALLE_794,AIGCIQA-098,DALLE,train,098-3.png
AIGCIQA2023,aigciqa2023_DALLE_775,AIGCIQA-093,DALLE,val,093-4.png
AIGCIQA2023,aigciqa2023_DALLE_548,AIGCIQA-037,DALLE,train,037-1.png
AIGCIQA2023,aigciqa2023_DALLE_799,AIGCIQA-099,DALLE,train,099-4.png
AIGCIQA2023,aigciqa2023_DALLE_737,AIGCIQA-084,DALLE,val,084-2.png
AIGCIQA2023,aigciqa2023_DALLE_458,AIGCIQA-014,DALLE,test,014-3.png
AIGCIQA2023,aigciqa2023_DALLE_780,AIGCIQA-095,DALLE,val,095-1.png
AIGCIQA2023,aigciqa2023_DALLE_441,AIGCIQA-010,DALLE,train,010-2.png
AIGCIQA2023,aigciqa2023_DALLE_448,AIGCIQA-012,DALLE,train,012-1.png
AIGCIQA2023,aigciqa2023_DALLE_433,AIGCIQA-008,DALLE,train,008-2.png
AIGCIQA2023,aigciqa2023_DALLE_644,AIGCIQA-061,DALLE,train,061-1.png
AIGCIQA2023,aigciqa2023_DALLE_423,AIGCIQA-005,DALLE,train,005-4.png
AIGCIQA2023,aigciqa2023_DALLE_566,AIGCIQA-041,DALLE,train,041-3.png
AIGCIQA2023,aigciqa2023_DALLE_510,AIGCIQA-027,DALLE,val,027-3.png
AIGCIQA2023,aigciqa2023_DALLE_417,AIGCIQA-004,DALLE,test,004-2.png
AIGCIQA2023,aigciqa2023_DALLE_752,AIGCIQA-088,DALLE,val,088-1.png
AIGCIQA2023,aigciqa2023_DALLE_785,AIGCIQA-096,DALLE,train,096-2.png
AIGCIQA2023,aigciqa2023_DALLE_410,AIGCIQA-002,DALLE,train,002-3.png
AIGCIQA2023,aigciqa2023_DALLE_523,AIGCIQA-030,DALLE,train,030-4.png
AIGCIQA2023,aigciqa2023_DALLE_559,AIGCIQA-039,DALLE,train,039-4.png
AIGCIQA2023,aigciqa2023_DALLE_472,AIGCIQA-018,DALLE,train,018-1.png
AIGCIQA2023,aigciqa2023_DALLE_768,AIGCIQA-092,DALLE,train,092-1.png
AIGCIQA2023,aigciqa2023_DALLE_646,AIGCIQA-061,DALLE,train,061-3.png
AIGCIQA2023,aigciqa2023_DALLE_613,AIGCIQA-053,DALLE,val,053-2.png
AIGCIQA2023,aigciqa2023_DALLE_403,AIGCIQA-000,DALLE,val,000-4.png
AIGCIQA2023,aigciqa2023_DALLE_468,AIGCIQA-017,DALLE,test,017-1.png
AIGCIQA2023,aigciqa2023_DALLE_649,AIGCIQA-062,DALLE,train,062-2.png
AIGCIQA2023,aigciqa2023_DALLE_525,AIGCIQA-031,DALLE,test,031-2.png
AIGCIQA2023,aigciqa2023_DALLE_432,AIGCIQA-008,DALLE,train,008-1.png
AIGCIQA2023,aigciqa2023_DALLE_764,AIGCIQA-091,DALLE,train,091-1.png
AIGCIQA2023,aigciqa2023_DALLE_442,AIGCIQA-010,DALLE,train,010-3.png
AIGCIQA2023,aigciqa2023_DALLE_503,AIGCIQA-025,DALLE,val,025-4.png
AIGCIQA2023,aigciqa2023_DALLE_683,AIGCIQA-070,DALLE,train,070-4.png
AIGCIQA2023,aigciqa2023_DALLE_600,AIGCIQA-050,DALLE,train,050-1.png
AIGCIQA2023,aigciqa2023_DALLE_407,AIGCIQA-001,DALLE,train,001-4.png
AIGCIQA2023,aigciqa2023_DALLE_769,AIGCIQA-092,DALLE,train,092-2.png
AIGCIQA2023,aigciqa2023_DALLE_511,AIGCIQA-027,DALLE,val,027-4.png
AIGCIQA2023,aigciqa2023_DALLE_573,AIGCIQA-043,DALLE,train,043-2.png
AIGCIQA2023,aigciqa2023_DALLE_591,AIGCIQA-047,DALLE,train,047-4.png
AIGCIQA2023,aigciqa2023_DALLE_755,AIGCIQA-088,DALLE,val,088-4.png
AIGCIQA2023,aigciqa2023_DALLE_692,AIGCIQA-073,DALLE,train,073-1.png
AIGCIQA2023,aigciqa2023_DALLE_539,AIGCIQA-034,DALLE,train,034-4.png
AIGCIQA2023,aigciqa2023_DALLE_537,AIGCIQA-034,DALLE,train,034-2.png
AIGCIQA2023,aigciqa2023_DALLE_684,AIGCIQA-071,DALLE,val,071-1.png
AIGCIQA2023,aigciqa2023_DALLE_639,AIGCIQA-059,DALLE,train,059-4.png
AIGCIQA2023,aigciqa2023_DALLE_774,AIGCIQA-093,DALLE,val,093-3.png
AIGCIQA2023,aigciqa2023_DALLE_748,AIGCIQA-087,DALLE,train,087-1.png
AIGCIQA2023,aigciqa2023_DALLE_621,AIGCIQA-055,DALLE,train,055-2.png
AIGCIQA2023,aigciqa2023_DALLE_522,AIGCIQA-030,DALLE,train,030-3.png
AIGCIQA2023,aigciqa2023_DALLE_770,AIGCIQA-092,DALLE,train,092-3.png
AIGCIQA2023,aigciqa2023_DALLE_632,AIGCIQA-058,DALLE,train,058-1.png
AIGCIQA2023,aigciqa2023_DALLE_405,AIGCIQA-001,DALLE,train,001-2.png
AIGCIQA2023,aigciqa2023_DALLE_549,AIGCIQA-037,DALLE,train,037-2.png
AIGCIQA2023,aigciqa2023_DALLE_499,AIGCIQA-024,DALLE,train,024-4.png
AIGCIQA2023,aigciqa2023_DALLE_667,AIGCIQA-066,DALLE,train,066-4.png
AIGCIQA2023,aigciqa2023_DALLE_756,AIGCIQA-089,DALLE,val,089-1.png
AIGCIQA2023,aigciqa2023_DALLE_415,AIGCIQA-003,DALLE,test,003-4.png
AIGCIQA2023,aigciqa2023_DALLE_633,AIGCIQA-058,DALLE,train,058-2.png
AIGCIQA2023,aigciqa2023_DALLE_519,AIGCIQA-029,DALLE,val,029-4.png
AIGCIQA2023,aigciqa2023_DALLE_602,AIGCIQA-050,DALLE,train,050-3.png
AIGCIQA2023,aigciqa2023_DALLE_484,AIGCIQA-021,DALLE,train,021-1.png
AIGCIQA2023,aigciqa2023_DALLE_504,AIGCIQA-026,DALLE,train,026-1.png
AIGCIQA2023,aigciqa2023_DALLE_732,AIGCIQA-083,DALLE,train,083-1.png
AIGCIQA2023,aigciqa2023_DALLE_416,AIGCIQA-004,DALLE,test,004-1.png
AIGCIQA2023,aigciqa2023_DALLE_454,AIGCIQA-013,DALLE,test,013-3.png
AIGCIQA2023,aigciqa2023_DALLE_439,AIGCIQA-009,DALLE,train,009-4.png
AIGCIQA2023,aigciqa2023_DALLE_628,AIGCIQA-057,DALLE,val,057-1.png
AIGCIQA2023,aigciqa2023_DALLE_701,AIGCIQA-075,DALLE,test,075-2.png
AIGCIQA2023,aigciqa2023_DALLE_776,AIGCIQA-094,DALLE,test,094-1.png
AIGCIQA2023,aigciqa2023_DALLE_688,AIGCIQA-072,DALLE,train,072-1.png
AIGCIQA2023,aigciqa2023_DALLE_762,AIGCIQA-090,DALLE,train,090-3.png
AIGCIQA2023,aigciqa2023_DALLE_538,AIGCIQA-034,DALLE,train,034-3.png
AIGCIQA2023,aigciqa2023_DALLE_598,AIGCIQA-049,DALLE,train,049-3.png
AIGCIQA2023,aigciqa2023_DALLE_485,AIGCIQA-021,DALLE,train,021-2.png
AIGCIQA2023,aigciqa2023_DALLE_469,AIGCIQA-017,DALLE,test,017-2.png
AIGCIQA2023,aigciqa2023_DALLE_651,AIGCIQA-062,DALLE,train,062-4.png
AIGCIQA2023,aigciqa2023_DALLE_473,AIGCIQA-018,DALLE,train,018-2.png
AIGCIQA2023,aigciqa2023_DALLE_709,AIGCIQA-077,DALLE,val,077-2.png
AIGCIQA2023,aigciqa2023_DALLE_512,AIGCIQA-028,DALLE,test,028-1.png
AIGCIQA2023,aigciqa2023_DALLE_630,AIGCIQA-057,DALLE,val,057-3.png
AIGCIQA2023,aigciqa2023_DALLE_461,AIGCIQA-015,DALLE,train,015-2.png
AIGCIQA2023,aigciqa2023_DALLE_754,AIGCIQA-088,DALLE,val,088-3.png
AIGCIQA2023,aigciqa2023_DALLE_524,AIGCIQA-031,DALLE,test,031-1.png
AIGCIQA2023,aigciqa2023_DALLE_713,AIGCIQA-078,DALLE,train,078-2.png
AIGCIQA2023,aigciqa2023_DALLE_470,AIGCIQA-017,DALLE,test,017-3.png
AIGCIQA2023,aigciqa2023_DALLE_563,AIGCIQA-040,DALLE,train,040-4.png
AIGCIQA2023,aigciqa2023_DALLE_671,AIGCIQA-067,DALLE,train,067-4.png
AIGCIQA2023,aigciqa2023_DALLE_788,AIGCIQA-097,DALLE,val,097-1.png
AIGCIQA2023,aigciqa2023_DALLE_515,AIGCIQA-028,DALLE,test,028-4.png
AIGCIQA2023,aigciqa2023_DALLE_641,AIGCIQA-060,DALLE,train,060-2.png
AIGCIQA2023,aigciqa2023_DALLE_440,AIGCIQA-010,DALLE,train,010-1.png
AIGCIQA2023,aigciqa2023_DALLE_728,AIGCIQA-082,DALLE,train,082-1.png
AIGCIQA2023,aigciqa2023_DALLE_540,AIGCIQA-035,DALLE,test,035-1.png
AIGCIQA2023,aigciqa2023_DALLE_702,AIGCIQA-075,DALLE,test,075-3.png
AIGCIQA2023,aigciqa2023_DALLE_529,AIGCIQA-032,DALLE,train,032-2.png
AIGCIQA2023,aigciqa2023_DALLE_584,AIGCIQA-046,DALLE,train,046-1.png
AIGCIQA2023,aigciqa2023_DALLE_735,AIGCIQA-083,DALLE,train,083-4.png
AIGCIQA2023,aigciqa2023_DALLE_734,AIGCIQA-083,DALLE,train,083-3.png
AIGCIQA2023,aigciqa2023_DALLE_593,AIGCIQA-048,DALLE,train,048-2.png
AIGCIQA2023,aigciqa2023_DALLE_739,AIGCIQA-084,DALLE,val,084-4.png
AIGCIQA2023,aigciqa2023_DALLE_552,AIGCIQA-038,DALLE,train,038-1.png
AIGCIQA2023,aigciqa2023_DALLE_543,AIGCIQA-035,DALLE,test,035-4.png
AIGCIQA2023,aigciqa2023_DALLE_710,AIGCIQA-077,DALLE,val,077-3.png
AIGCIQA2023,aigciqa2023_DALLE_744,AIGCIQA-086,DALLE,test,086-1.png
AIGCIQA2023,aigciqa2023_DALLE_743,AIGCIQA-085,DALLE,train,085-4.png
AIGCIQA2023,aigciqa2023_DALLE_434,AIGCIQA-008,DALLE,train,008-3.png
AIGCIQA2023,aigciqa2023_DALLE_636,AIGCIQA-059,DALLE,train,059-1.png
AIGCIQA2023,aigciqa2023_DALLE_431,AIGCIQA-007,DALLE,train,007-4.png
AIGCIQA2023,aigciqa2023_DALLE_685,AIGCIQA-071,DALLE,val,071-2.png
AIGCIQA2023,aigciqa2023_DALLE_721,AIGCIQA-080,DALLE,train,080-2.png
AIGCIQA2023,aigciqa2023_DALLE_727,AIGCIQA-081,DALLE,test,081-4.png
AIGCIQA2023,aigciqa2023_DALLE_518,AIGCIQA-029,DALLE,val,029-3.png
AIGCIQA2023,aigciqa2023_DALLE_532,AIGCIQA-033,DALLE,train,033-1.png
AIGCIQA2023,aigciqa2023_DALLE_629,AIGCIQA-057,DALLE,val,057-2.png
AIGCIQA2023,aigciqa2023_DALLE_605,AIGCIQA-051,DALLE,train,051-2.png
AIGCIQA2023,aigciqa2023_DALLE_445,AIGCIQA-011,DALLE,test,011-2.png
AIGCIQA2023,aigciqa2023_DALLE_456,AIGCIQA-014,DALLE,test,014-1.png
AIGCIQA2023,aigciqa2023_DALLE_508,AIGCIQA-027,DALLE,val,027-1.png
AIGCIQA2023,aigciqa2023_DALLE_599,AIGCIQA-049,DALLE,train,049-4.png
AIGCIQA2023,aigciqa2023_DALLE_427,AIGCIQA-006,DALLE,train,006-4.png
AIGCIQA2023,aigciqa2023_DALLE_700,AIGCIQA-075,DALLE,test,075-1.png
AIGCIQA2023,aigciqa2023_DALLE_652,AIGCIQA-063,DALLE,train,063-1.png
AIGCIQA2023,aigciqa2023_DALLE_790,AIGCIQA-097,DALLE,val,097-3.png
AIGCIQA2023,aigciqa2023_DALLE_707,AIGCIQA-076,DALLE,train,076-4.png
AIGCIQA2023,aigciqa2023_DALLE_680,AIGCIQA-070,DALLE,train,070-1.png
AIGCIQA2023,aigciqa2023_DALLE_645,AIGCIQA-061,DALLE,train,061-2.png
AIGCIQA2023,aigciqa2023_DALLE_719,AIGCIQA-079,DALLE,train,079-4.png
AIGCIQA2023,aigciqa2023_DALLE_733,AIGCIQA-083,DALLE,train,083-2.png
AIGCIQA2023,aigciqa2023_DALLE_526,AIGCIQA-031,DALLE,test,031-3.png
AIGCIQA2023,aigciqa2023_DALLE_676,AIGCIQA-069,DALLE,test,069-1.png
AIGCIQA2023,aigciqa2023_DALLE_578,AIGCIQA-044,DALLE,train,044-3.png
AIGCIQA2023,aigciqa2023_DALLE_781,AIGCIQA-095,DALLE,val,095-2.png
AIGCIQA2023,aigciqa2023_DALLE_449,AIGCIQA-012,DALLE,train,012-2.png
AIGCIQA2023,aigciqa2023_DALLE_547,AIGCIQA-036,DALLE,train,036-4.png
AIGCIQA2023,aigciqa2023_DALLE_561,AIGCIQA-040,DALLE,train,040-2.png
AIGCIQA2023,aigciqa2023_DALLE_662,AIGCIQA-065,DALLE,train,065-3.png
AIGCIQA2023,aigciqa2023_DALLE_506,AIGCIQA-026,DALLE,train,026-3.png
AIGCIQA2023,aigciqa2023_DALLE_729,AIGCIQA-082,DALLE,train,082-2.png
AIGCIQA2023,aigciqa2023_DALLE_772,AIGCIQA-093,DALLE,val,093-1.png
AIGCIQA2023,aigciqa2023_DALLE_596,AIGCIQA-049,DALLE,train,049-1.png
AIGCIQA2023,aigciqa2023_DALLE_617,AIGCIQA-054,DALLE,test,054-2.png
AIGCIQA2023,aigciqa2023_DALLE_730,AIGCIQA-082,DALLE,train,082-3.png
AIGCIQA2023,aigciqa2023_DALLE_750,AIGCIQA-087,DALLE,train,087-3.png
AIGCIQA2023,aigciqa2023_DALLE_462,AIGCIQA-015,DALLE,train,015-3.png
AIGCIQA2023,aigciqa2023_DALLE_411,AIGCIQA-002,DALLE,train,002-4.png
AIGCIQA2023,aigciqa2023_DALLE_406,AIGCIQA-001,DALLE,train,001-3.png
AIGCIQA2023,aigciqa2023_DALLE_437,AIGCIQA-009,DALLE,train,009-2.png
AIGCIQA2023,aigciqa2023_DALLE_450,AIGCIQA-012,DALLE,train,012-3.png
AIGCIQA2023,aigciqa2023_DALLE_773,AIGCIQA-093,DALLE,val,093-2.png
AIGCIQA2023,aigciqa2023_DALLE_777,AIGCIQA-094,DALLE,test,094-2.png
AIGCIQA2023,aigciqa2023_DALLE_751,AIGCIQA-087,DALLE,train,087-4.png
AIGCIQA2023,aigciqa2023_DALLE_572,AIGCIQA-043,DALLE,train,043-1.png
AIGCIQA2023,aigciqa2023_DALLE_460,AIGCIQA-015,DALLE,train,015-1.png
AIGCIQA2023,aigciqa2023_DALLE_592,AIGCIQA-048,DALLE,train,048-1.png
AIGCIQA2023,aigciqa2023_DALLE_643,AIGCIQA-060,DALLE,train,060-4.png
AIGCIQA2023,aigciqa2023_DALLE_681,AIGCIQA-070,DALLE,train,070-2.png
AIGCIQA2023,aigciqa2023_DALLE_795,AIGCIQA-098,DALLE,train,098-4.png
AIGCIQA2023,aigciqa2023_DALLE_571,AIGCIQA-042,DALLE,train,042-4.png
AIGCIQA2023,aigciqa2023_DALLE_545,AIGCIQA-036,DALLE,train,036-2.png
AIGCIQA2023,aigciqa2023_DALLE_443,AIGCIQA-010,DALLE,train,010-4.png
AIGCIQA2023,aigciqa2023_DALLE_486,AIGCIQA-021,DALLE,train,021-3.png
AIGCIQA2023,aigciqa2023_DALLE_642,AIGCIQA-060,DALLE,train,060-3.png
AIGCIQA2023,aigciqa2023_DALLE_509,AIGCIQA-027,DALLE,val,027-2.png
AIGCIQA2023,aigciqa2023_DALLE_663,AIGCIQA-065,DALLE,train,065-4.png
AIGCIQA2023,aigciqa2023_DALLE_783,AIGCIQA-095,DALLE,val,095-4.png
AIGCIQA2023,aigciqa2023_DALLE_638,AIGCIQA-059,DALLE,train,059-3.png
AIGCIQA2023,aigciqa2023_DALLE_564,AIGCIQA-041,DALLE,train,041-1.png
AIGCIQA2023,aigciqa2023_DALLE_689,AIGCIQA-072,DALLE,train,072-2.png
AIGCIQA2023,aigciqa2023_DALLE_760,AIGCIQA-090,DALLE,train,090-1.png
AIGCIQA2023,aigciqa2023_DALLE_546,AIGCIQA-036,DALLE,train,036-3.png
AIGCIQA2023,aigciqa2023_DALLE_555,AIGCIQA-038,DALLE,train,038-4.png
AIGCIQA2023,aigciqa2023_DALLE_694,AIGCIQA-073,DALLE,train,073-3.png
AIGCIQA2023,aigciqa2023_DALLE_607,AIGCIQA-051,DALLE,train,051-4.png
AIGCIQA2023,aigciqa2023_DALLE_554,AIGCIQA-038,DALLE,train,038-3.png
AIGCIQA2023,aigciqa2023_DALLE_489,AIGCIQA-022,DALLE,train,022-2.png
AIGCIQA2023,aigciqa2023_DALLE_594,AIGCIQA-048,DALLE,train,048-3.png
AIGCIQA2023,aigciqa2023_DALLE_615,AIGCIQA-053,DALLE,val,053-4.png
AIGCIQA2023,aigciqa2023_DALLE_787,AIGCIQA-096,DALLE,train,096-4.png
AIGCIQA2023,aigciqa2023_DALLE_766,AIGCIQA-091,DALLE,train,091-3.png
AIGCIQA2023,aigciqa2023_DALLE_551,AIGCIQA-037,DALLE,train,037-4.png
AIGCIQA2023,aigciqa2023_DALLE_606,AIGCIQA-051,DALLE,train,051-3.png
AIGCIQA2023,aigciqa2023_DALLE_567,AIGCIQA-041,DALLE,train,041-4.png
AIGCIQA2023,aigciqa2023_DALLE_609,AIGCIQA-052,DALLE,train,052-2.png
AIGCIQA2023,aigciqa2023_DALLE_558,AIGCIQA-039,DALLE,train,039-3.png
AIGCIQA2023,aigciqa2023_DALLE_659,AIGCIQA-064,DALLE,val,064-4.png
AIGCIQA2023,aigciqa2023_DALLE_553,AIGCIQA-038,DALLE,train,038-2.png
AIGCIQA2023,aigciqa2023_DALLE_463,AIGCIQA-015,DALLE,train,015-4.png
AIGCIQA2023,aigciqa2023_DALLE_704,AIGCIQA-076,DALLE,train,076-1.png
AIGCIQA2023,aigciqa2023_DALLE_716,AIGCIQA-079,DALLE,train,079-1.png
AIGCIQA2023,aigciqa2023_DALLE_722,AIGCIQA-080,DALLE,train,080-3.png
AIGCIQA2023,aigciqa2023_DALLE_767,AIGCIQA-091,DALLE,train,091-4.png
AIGCIQA2023,aigciqa2023_DALLE_763,AIGCIQA-090,DALLE,train,090-4.png
AIGCIQA2023,aigciqa2023_DALLE_500,AIGCIQA-025,DALLE,val,025-1.png
AIGCIQA2023,aigciqa2023_DALLE_675,AIGCIQA-068,DALLE,train,068-4.png
AIGCIQA2023,aigciqa2023_DALLE_666,AIGCIQA-066,DALLE,train,066-3.png
AIGCIQA2023,aigciqa2023_DALLE_400,AIGCIQA-000,DALLE,val,000-1.png
AIGCIQA2023,aigciqa2023_DALLE_703,AIGCIQA-075,DALLE,test,075-4.png
AIGCIQA2023,aigciqa2023_DALLE_791,AIGCIQA-097,DALLE,val,097-4.png
AIGCIQA2023,aigciqa2023_DALLE_530,AIGCIQA-032,DALLE,train,032-3.png
AIGCIQA2023,aigciqa2023_DALLE_497,AIGCIQA-024,DALLE,train,024-2.png
AIGCIQA2023,aigciqa2023_DALLE_695,AIGCIQA-073,DALLE,train,073-4.png
AIGCIQA2023,aigciqa2023_DALLE_597,AIGCIQA-049,DALLE,train,049-2.png
AIGCIQA2023,aigciqa2023_DALLE_714,AIGCIQA-078,DALLE,train,078-3.png
AIGCIQA2023,aigciqa2023_DALLE_661,AIGCIQA-065,DALLE,train,065-2.png
AIGCIQA2023,aigciqa2023_DALLE_623,AIGCIQA-055,DALLE,train,055-4.png
AIGCIQA2023,aigciqa2023_DALLE_560,AIGCIQA-040,DALLE,train,040-1.png
AIGCIQA2023,aigciqa2023_DALLE_576,AIGCIQA-044,DALLE,train,044-1.png
AIGCIQA2023,aigciqa2023_DALLE_622,AIGCIQA-055,DALLE,train,055-3.png
AIGCIQA2023,aigciqa2023_DALLE_705,AIGCIQA-076,DALLE,train,076-2.png
AIGCIQA2023,aigciqa2023_DALLE_738,AIGCIQA-084,DALLE,val,084-3.png
AIGCIQA2023,aigciqa2023_DALLE_736,AIGCIQA-084,DALLE,val,084-1.png
AIGCIQA2023,aigciqa2023_DALLE_535,AIGCIQA-033,DALLE,train,033-4.png
AIGCIQA2023,aigciqa2023_DALLE_697,AIGCIQA-074,DALLE,train,074-2.png
AIGCIQA2023,aigciqa2023_DALLE_745,AIGCIQA-086,DALLE,test,086-2.png
AIGCIQA2023,aigciqa2023_DALLE_533,AIGCIQA-033,DALLE,train,033-2.png
AIGCIQA2023,aigciqa2023_DALLE_459,AIGCIQA-014,DALLE,test,014-4.png
AIGCIQA2023,aigciqa2023_DALLE_414,AIGCIQA-003,DALLE,test,003-3.png
AIGCIQA2023,aigciqa2023_DALLE_569,AIGCIQA-042,DALLE,train,042-2.png
AIGCIQA2023,aigciqa2023_DALLE_674,AIGCIQA-068,DALLE,train,068-3.png
AIGCIQA2023,aigciqa2023_DALLE_725,AIGCIQA-081,DALLE,test,081-2.png
AIGCIQA2023,aigciqa2023_DALLE_660,AIGCIQA-065,DALLE,train,065-1.png
AIGCIQA2023,aigciqa2023_DALLE_731,AIGCIQA-082,DALLE,train,082-4.png
AIGCIQA2023,aigciqa2023_DALLE_723,AIGCIQA-080,DALLE,train,080-4.png
AIGCIQA2023,aigciqa2023_DALLE_435,AIGCIQA-008,DALLE,train,008-4.png
AIGCIQA2023,aigciqa2023_DALLE_542,AIGCIQA-035,DALLE,test,035-3.png
AIGCIQA2023,aigciqa2023_DALLE_568,AIGCIQA-042,DALLE,train,042-1.png
AIGCIQA2023,aigciqa2023_DALLE_604,AIGCIQA-051,DALLE,train,051-1.png
AIGCIQA2023,aigciqa2023_DALLE_498,AIGCIQA-024,DALLE,train,024-3.png
AIGCIQA2023,aigciqa2023_DALLE_746,AIGCIQA-086,DALLE,test,086-3.png
AIGCIQA2023,aigciqa2023_DALLE_514,AIGCIQA-028,DALLE,test,028-3.png
AIGCIQA2023,aigciqa2023_DALLE_516,AIGCIQA-029,DALLE,val,029-1.png
AIGCIQA2023,aigciqa2023_DALLE_556,AIGCIQA-039,DALLE,train,039-1.png
AIGCIQA2023,aigciqa2023_DALLE_579,AIGCIQA-044,DALLE,train,044-4.png
AIGCIQA2023,aigciqa2023_DALLE_635,AIGCIQA-058,DALLE,train,058-4.png
AIGCIQA2023,aigciqa2023_DALLE_502,AIGCIQA-025,DALLE,val,025-3.png
AIGCIQA2023,aigciqa2023_DALLE_513,AIGCIQA-028,DALLE,test,028-2.png
AIGCIQA2023,aigciqa2023_DALLE_640,AIGCIQA-060,DALLE,train,060-1.png
AIGCIQA2023,aigciqa2023_DALLE_419,AIGCIQA-004,DALLE,test,004-4.png
AIGCIQA2023,aigciqa2023_DALLE_595,AIGCIQA-048,DALLE,train,048-4.png
AIGCIQA2023,aigciqa2023_DALLE_455,AIGCIQA-013,DALLE,test,013-4.png
AIGCIQA2023,aigciqa2023_DALLE_481,AIGCIQA-020,DALLE,train,020-2.png
AIGCIQA2023,aigciqa2023_DALLE_536,AIGCIQA-034,DALLE,train,034-1.png
AIGCIQA2023,aigciqa2023_DALLE_758,AIGCIQA-089,DALLE,val,089-3.png
AIGCIQA2023,aigciqa2023_DALLE_742,AIGCIQA-085,DALLE,train,085-3.png
AIGCIQA2023,aigciqa2023_DALLE_610,AIGCIQA-052,DALLE,train,052-3.png
AIGCIQA2023,aigciqa2023_DALLE_789,AIGCIQA-097,DALLE,val,097-2.png
AIGCIQA2023,aigciqa2023_DALLE_491,AIGCIQA-022,DALLE,train,022-4.png
AIGCIQA2023,aigciqa2023_DALLE_412,AIGCIQA-003,DALLE,test,003-1.png
AIGCIQA2023,aigciqa2023_DALLE_611,AIGCIQA-052,DALLE,train,052-4.png
AIGCIQA2023,aigciqa2023_DALLE_490,AIGCIQA-022,DALLE,train,022-3.png
AIGCIQA2023,aigciqa2023_DALLE_483,AIGCIQA-020,DALLE,train,020-4.png
AIGCIQA2023,aigciqa2023_DALLE_521,AIGCIQA-030,DALLE,train,030-2.png
AIGCIQA2023,aigciqa2023_DALLE_479,AIGCIQA-019,DALLE,train,019-4.png
AIGCIQA2023,aigciqa2023_DALLE_717,AIGCIQA-079,DALLE,train,079-2.png
AIGCIQA2023,aigciqa2023_DALLE_608,AIGCIQA-052,DALLE,train,052-1.png
AIGCIQA2023,aigciqa2023_DALLE_686,AIGCIQA-071,DALLE,val,071-3.png
AIGCIQA2023,aigciqa2023_DALLE_581,AIGCIQA-045,DALLE,train,045-2.png
AIGCIQA2023,aigciqa2023_DALLE_452,AIGCIQA-013,DALLE,test,013-1.png
AIGCIQA2023,aigciqa2023_DALLE_741,AIGCIQA-085,DALLE,train,085-2.png
AIGCIQA2023,aigciqa2023_DALLE_527,AIGCIQA-031,DALLE,test,031-4.png
AIGCIQA2023,aigciqa2023_DALLE_749,AIGCIQA-087,DALLE,train,087-2.png
AIGCIQA2023,aigciqa2023_DALLE_507,AIGCIQA-026,DALLE,train,026-4.png
AIGCIQA2023,aigciqa2023_DALLE_583,AIGCIQA-045,DALLE,train,045-4.png
AIGCIQA2023,aigciqa2023_DALLE_420,AIGCIQA-005,DALLE,train,005-1.png
AIGCIQA2023,aigciqa2023_DALLE_586,AIGCIQA-046,DALLE,train,046-3.png
AIGCIQA2023,aigciqa2023_DALLE_557,AIGCIQA-039,DALLE,train,039-2.png
AIGCIQA2023,aigciqa2023_DALLE_421,AIGCIQA-005,DALLE,train,005-2.png
AIGCIQA2023,aigciqa2023_DALLE_465,AIGCIQA-016,DALLE,train,016-2.png
AIGCIQA2023,aigciqa2023_DALLE_620,AIGCIQA-055,DALLE,train,055-1.png
AIGCIQA2023,aigciqa2023_DALLE_475,AIGCIQA-018,DALLE,train,018-4.png
AIGCIQA2023,aigciqa2023_DALLE_782,AIGCIQA-095,DALLE,val,095-3.png
AIGCIQA2023,aigciqa2023_DALLE_698,AIGCIQA-074,DALLE,train,074-3.png
AIGCIQA2023,aigciqa2023_DALLE_589,AIGCIQA-047,DALLE,train,047-2.png
AIGCIQA2023,aigciqa2023_DALLE_418,AIGCIQA-004,DALLE,test,004-3.png
AIGCIQA2023,aigciqa2023_DALLE_679,AIGCIQA-069,DALLE,test,069-4.png
AIGCIQA2023,aigciqa2023_DALLE_476,AIGCIQA-019,DALLE,train,019-1.png
AIGCIQA2023,aigciqa2023_DALLE_753,AIGCIQA-088,DALLE,val,088-2.png
AIGCIQA2023,aigciqa2023_DALLE_438,AIGCIQA-009,DALLE,train,009-3.png
AIGCIQA2023,aigciqa2023_DALLE_457,AIGCIQA-014,DALLE,test,014-2.png
AIGCIQA2023,aigciqa2023_DALLE_404,AIGCIQA-001,DALLE,train,001-1.png
AIGCIQA2023,aigciqa2023_DALLE_687,AIGCIQA-071,DALLE,val,071-4.png
AIGCIQA2023,aigciqa2023_DALLE_618,AIGCIQA-054,DALLE,test,054-3.png
AIGCIQA2023,aigciqa2023_DALLE_761,AIGCIQA-090,DALLE,train,090-2.png
AIGCIQA2023,aigciqa2023_DALLE_682,AIGCIQA-070,DALLE,train,070-3.png
AIGCIQA2023,aigciqa2023_DALLE_626,AIGCIQA-056,DALLE,train,056-3.png
AIGCIQA2023,aigciqa2023_DALLE_779,AIGCIQA-094,DALLE,test,094-4.png
AIGCIQA2023,aigciqa2023_DALLE_482,AIGCIQA-020,DALLE,train,020-3.png
AIGCIQA2023,aigciqa2023_DALLE_534,AIGCIQA-033,DALLE,train,033-3.png
AIGCIQA2023,aigciqa2023_DALLE_726,AIGCIQA-081,DALLE,test,081-3.png
AIGCIQA2023,aigciqa2023_DALLE_466,AIGCIQA-016,DALLE,train,016-3.png
AIGCIQA2023,aigciqa2023_DALLE_570,AIGCIQA-042,DALLE,train,042-3.png
AIGCIQA2023,aigciqa2023_DALLE_401,AIGCIQA-000,DALLE,val,000-2.png
AIGCIQA2023,aigciqa2023_DALLE_422,AIGCIQA-005,DALLE,train,005-3.png
AIGCIQA2023,aigciqa2023_DALLE_541,AIGCIQA-035,DALLE,test,035-2.png
AIGCIQA2023,aigciqa2023_DALLE_616,AIGCIQA-054,DALLE,test,054-1.png
AIGCIQA2023,aigciqa2023_DALLE_724,AIGCIQA-081,DALLE,test,081-1.png
AIGCIQA2023,aigciqa2023_DALLE_447,AIGCIQA-011,DALLE,test,011-4.png
AIGCIQA2023,aigciqa2023_DALLE_426,AIGCIQA-006,DALLE,train,006-3.png
AIGCIQA2023,aigciqa2023_DALLE_528,AIGCIQA-032,DALLE,train,032-1.png
AIGCIQA2023,aigciqa2023_DALLE_650,AIGCIQA-062,DALLE,train,062-3.png
AIGCIQA2023,aigciqa2023_DALLE_658,AIGCIQA-064,DALLE,val,064-3.png
AIGCIQA2023,aigciqa2023_Glide_872,AIGCIQA-018,Glide,train,018-1.png
AIGCIQA2023,aigciqa2023_Glide_992,AIGCIQA-048,Glide,train,048-1.png
AIGCIQA2023,aigciqa2023_Glide_1191,AIGCIQA-097,Glide,val,097-4.png
AIGCIQA2023,aigciqa2023_Glide_959,AIGCIQA-039,Glide,train,039-4.png
AIGCIQA2023,aigciqa2023_Glide_1054,AIGCIQA-063,Glide,train,063-3.png
AIGCIQA2023,aigciqa2023_Glide_845,AIGCIQA-011,Glide,test,011-2.png
AIGCIQA2023,aigciqa2023_Glide_1131,AIGCIQA-082,Glide,train,082-4.png
AIGCIQA2023,aigciqa2023_Glide_914,AIGCIQA-028,Glide,test,028-3.png
AIGCIQA2023,aigciqa2023_Glide_1039,AIGCIQA-059,Glide,train,059-4.png
AIGCIQA2023,aigciqa2023_Glide_1020,AIGCIQA-055,Glide,train,055-1.png
AIGCIQA2023,aigciqa2023_Glide_1184,AIGCIQA-096,Glide,train,096-1.png
AIGCIQA2023,aigciqa2023_Glide_1038,AIGCIQA-059,Glide,train,059-3.png
AIGCIQA2023,aigciqa2023_Glide_859,AIGCIQA-014,Glide,test,014-4.png
AIGCIQA2023,aigciqa2023_Glide_1099,AIGCIQA-074,Glide,train,074-4.png
AIGCIQA2023,aigciqa2023_Glide_1094,AIGCIQA-073,Glide,train,073-3.png
AIGCIQA2023,aigciqa2023_Glide_1065,AIGCIQA-066,Glide,train,066-2.png
AIGCIQA2023,aigciqa2023_Glide_811,AIGCIQA-002,Glide,train,002-4.png
AIGCIQA2023,aigciqa2023_Glide_937,AIGCIQA-034,Glide,train,034-2.png
AIGCIQA2023,aigciqa2023_Glide_828,AIGCIQA-007,Glide,train,007-1.png
AIGCIQA2023,aigciqa2023_Glide_1041,AIGCIQA-060,Glide,train,060-2.png
AIGCIQA2023,aigciqa2023_Glide_1135,AIGCIQA-083,Glide,train,083-4.png
AIGCIQA2023,aigciqa2023_Glide_1087,AIGCIQA-071,Glide,val,071-4.png
AIGCIQA2023,aigciqa2023_Glide_970,AIGCIQA-042,Glide,train,042-3.png
AIGCIQA2023,aigciqa2023_Glide_907,AIGCIQA-026,Glide,train,026-4.png
AIGCIQA2023,aigciqa2023_Glide_832,AIGCIQA-008,Glide,train,008-1.png
AIGCIQA2023,aigciqa2023_Glide_948,AIGCIQA-037,Glide,train,037-1.png
AIGCIQA2023,aigciqa2023_Glide_854,AIGCIQA-013,Glide,test,013-3.png
AIGCIQA2023,aigciqa2023_Glide_1108,AIGCIQA-077,Glide,val,077-1.png
AIGCIQA2023,aigciqa2023_Glide_1169,AIGCIQA-092,Glide,train,092-2.png
AIGCIQA2023,aigciqa2023_Glide_867,AIGCIQA-016,Glide,train,016-4.png
AIGCIQA2023,aigciqa2023_Glide_1052,AIGCIQA-063,Glide,train,063-1.png
AIGCIQA2023,aigciqa2023_Glide_1161,AIGCIQA-090,Glide,train,090-2.png
AIGCIQA2023,aigciqa2023_Glide_1127,AIGCIQA-081,Glide,test,081-4.png
AIGCIQA2023,aigciqa2023_Glide_814,AIGCIQA-003,Glide,test,003-3.png
AIGCIQA2023,aigciqa2023_Glide_921,AIGCIQA-030,Glide,train,030-2.png
AIGCIQA2023,aigciqa2023_Glide_1175,AIGCIQA-093,Glide,val,093-4.png
AIGCIQA2023,aigciqa2023_Glide_1089,AIGCIQA-072,Glide,train,072-2.png
AIGCIQA2023,aigciqa2023_Glide_802,AIGCIQA-000,Glide,val,000-3.png
AIGCIQA2023,aigciqa2023_Glide_881,AIGCIQA-020,Glide,train,020-2.png
AIGCIQA2023,aigciqa2023_Glide_1036,AIGCIQA-059,Glide,train,059-1.png
AIGCIQA2023,aigciqa2023_Glide_934,AIGCIQA-033,Glide,train,033-3.png
AIGCIQA2023,aigciqa2023_Glide_1021,AIGCIQA-055,Glide,train,055-2.png
AIGCIQA2023,aigciqa2023_Glide_883,AIGCIQA-020,Glide,train,020-4.png
AIGCIQA2023,aigciqa2023_Glide_964,AIGCIQA-041,Glide,train,041-1.png
AIGCIQA2023,aigciqa2023_Glide_1109,AIGCIQA-077,Glide,val,077-2.png
AIGCIQA2023,aigciqa2023_Glide_1132,AIGCIQA-083,Glide,train,083-1.png
AIGCIQA2023,aigciqa2023_Glide_1171,AIGCIQA-092,Glide,train,092-4.png
AIGCIQA2023,aigciqa2023_Glide_1197,AIGCIQA-099,Glide,train,099-2.png
AIGCIQA2023,aigciqa2023_Glide_825,AIGCIQA-006,Glide,train,006-2.png
AIGCIQA2023,aigciqa2023_Glide_890,AIGCIQA-022,Glide,train,022-3.png
AIGCIQA2023,aigciqa2023_Glide_1080,AIGCIQA-070,Glide,train,070-1.png
AIGCIQA2023,aigciqa2023_Glide_821,AIGCIQA-005,Glide,train,005-2.png
AIGCIQA2023,aigciqa2023_Glide_887,AIGCIQA-021,Glide,train,021-4.png
AIGCIQA2023,aigciqa2023_Glide_1078,AIGCIQA-069,Glide,test,069-3.png
AIGCIQA2023,aigciqa2023_Glide_996,AIGCIQA-049,Glide,train,049-1.png
AIGCIQA2023,aigciqa2023_Glide_1157,AIGCIQA-089,Glide,val,089-2.png
AIGCIQA2023,aigciqa2023_Glide_909,AIGCIQA-027,Glide,val,027-2.png
AIGCIQA2023,aigciqa2023_Glide_896,AIGCIQA-024,Glide,train,024-1.png
AIGCIQA2023,aigciqa2023_Glide_855,AIGCIQA-013,Glide,test,013-4.png
AIGCIQA2023,aigciqa2023_Glide_1194,AIGCIQA-098,Glide,train,098-3.png
AIGCIQA2023,aigciqa2023_Glide_982,AIGCIQA-045,Glide,train,045-3.png
AIGCIQA2023,aigciqa2023_Glide_1000,AIGCIQA-050,Glide,train,050-1.png
AIGCIQA2023,aigciqa2023_Glide_973,AIGCIQA-043,Glide,train,043-2.png
AIGCIQA2023,aigciqa2023_Glide_1128,AIGCIQA-082,Glide,train,082-1.png
AIGCIQA2023,aigciqa2023_Glide_866,AIGCIQA-016,Glide,train,016-3.png
AIGCIQA2023,aigciqa2023_Glide_856,AIGCIQA-014,Glide,test,014-1.png
AIGCIQA2023,aigciqa2023_Glide_812,AIGCIQA-003,Glide,test,003-1.png
AIGCIQA2023,aigciqa2023_Glide_986,AIGCIQA-046,Glide,train,046-3.png
AIGCIQA2023,aigciqa2023_Glide_1144,AIGCIQA-086,Glide,test,086-1.png
AIGCIQA2023,aigciqa2023_Glide_1063,AIGCIQA-065,Glide,train,065-4.png
AIGCIQA2023,aigciqa2023_Glide_804,AIGCIQA-001,Glide,train,001-1.png
AIGCIQA2023,aigciqa2023_Glide_863,AIGCIQA-015,Glide,train,015-4.png
AIGCIQA2023,aigciqa2023_Glide_1107,AIGCIQA-076,Glide,train,076-4.png
AIGCIQA2023,aigciqa2023_Glide_968,AIGCIQA-042,Glide,train,042-1.png
AIGCIQA2023,aigciqa2023_Glide_886,AIGCIQA-021,Glide,train,021-3.png
AIGCIQA2023,aigciqa2023_Glide_1066,AIGCIQA-066,Glide,train,066-3.png
AIGCIQA2023,aigciqa2023_Glide_1137,AIGCIQA-084,Glide,val,084-2.png
AIGCIQA2023,aigciqa2023_Glide_1166,AIGCIQA-091,Glide,train,091-3.png
AIGCIQA2023,aigciqa2023_Glide_1174,AIGCIQA-093,Glide,val,093-3.png
AIGCIQA2023,aigciqa2023_Glide_1056,AIGCIQA-064,Glide,val,064-1.png
AIGCIQA2023,aigciqa2023_Glide_987,AIGCIQA-046,Glide,train,046-4.png
AIGCIQA2023,aigciqa2023_Glide_1003,AIGCIQA-050,Glide,train,050-4.png
AIGCIQA2023,aigciqa2023_Glide_933,AIGCIQA-033,Glide,train,033-2.png
AIGCIQA2023,aigciqa2023_Glide_1031,AIGCIQA-057,Glide,val,057-4.png
AIGCIQA2023,aigciqa2023_Glide_1152,AIGCIQA-088,Glide,val,088-1.png
AIGCIQA2023,aigciqa2023_Glide_963,AIGCIQA-040,Glide,train,040-4.png
AIGCIQA2023,aigciqa2023_Glide_957,AIGCIQA-039,Glide,train,039-2.png
AIGCIQA2023,aigciqa2023_Glide_1134,AIGCIQA-083,Glide,train,083-3.png
AIGCIQA2023,aigciqa2023_Glide_1072,AIGCIQA-068,Glide,train,068-1.png
AIGCIQA2023,aigciqa2023_Glide_1189,AIGCIQA-097,Glide,val,097-2.png
AIGCIQA2023,aigciqa2023_Glide_999,AIGCIQA-049,Glide,train,049-4.png
AIGCIQA2023,aigciqa2023_Glide_942,AIGCIQA-035,Glide,test,035-3.png
AIGCIQA2023,aigciqa2023_Glide_1180,AIGCIQA-095,Glide,val,095-1.png
AIGCIQA2023,aigciqa2023_Glide_936,AIGCIQA-034,Glide,train,034-1.png
AIGCIQA2023,aigciqa2023_Glide_819,AIGCIQA-004,Glide,test,004-4.png
AIGCIQA2023,aigciqa2023_Glide_862,AIGCIQA-015,Glide,train,015-3.png
AIGCIQA2023,aigciqa2023_Glide_1028,AIGCIQA-057,Glide,val,057-1.png
AIGCIQA2023,aigciqa2023_Glide_930,AIGCIQA-032,Glide,train,032-3.png
AIGCIQA2023,aigciqa2023_Glide_875,AIGCIQA-018,Glide,train,018-4.png
AIGCIQA2023,aigciqa2023_Glide_1196,AIGCIQA-099,Glide,train,099-1.png
AIGCIQA2023,aigciqa2023_Glide_1113,AIGCIQA-078,Glide,train,078-2.png
AIGCIQA2023,aigciqa2023_Glide_1110,AIGCIQA-077,Glide,val,077-3.png
AIGCIQA2023,aigciqa2023_Glide_990,AIGCIQA-047,Glide,train,047-3.png
AIGCIQA2023,aigciqa2023_Glide_834,AIGCIQA-008,Glide,train,008-3.png
AIGCIQA2023,aigciqa2023_Glide_967,AIGCIQA-041,Glide,train,041-4.png
AIGCIQA2023,aigciqa2023_Glide_900,AIGCIQA-025,Glide,val,025-1.png
AIGCIQA2023,aigciqa2023_Glide_1092,AIGCIQA-073,Glide,train,073-1.png
AIGCIQA2023,aigciqa2023_Glide_853,AIGCIQA-013,Glide,test,013-2.png
AIGCIQA2023,aigciqa2023_Glide_1055,AIGCIQA-063,Glide,train,063-4.png
AIGCIQA2023,aigciqa2023_Glide_1140,AIGCIQA-085,Glide,train,085-1.png
AIGCIQA2023,aigciqa2023_Glide_835,AIGCIQA-008,Glide,train,008-4.png
AIGCIQA2023,aigciqa2023_Glide_1170,AIGCIQA-092,Glide,train,092-3.png
AIGCIQA2023,aigciqa2023_Glide_1018,AIGCIQA-054,Glide,test,054-3.png
AIGCIQA2023,aigciqa2023_Glide_817,AIGCIQA-004,Glide,test,004-2.png
AIGCIQA2023,aigciqa2023_Glide_946,AIGCIQA-036,Glide,train,036-3.png
AIGCIQA2023,aigciqa2023_Glide_895,AIGCIQA-023,Glide,train,023-4.png
AIGCIQA2023,aigciqa2023_Glide_865,AIGCIQA-016,Glide,train,016-2.png
AIGCIQA2023,aigciqa2023_Glide_1098,AIGCIQA-074,Glide,train,074-3.png
AIGCIQA2023,aigciqa2023_Glide_917,AIGCIQA-029,Glide,val,029-2.png
AIGCIQA2023,aigciqa2023_Glide_824,AIGCIQA-006,Glide,train,006-1.png
AIGCIQA2023,aigciqa2023_Glide_849,AIGCIQA-012,Glide,train,012-2.png
AIGCIQA2023,aigciqa2023_Glide_1104,AIGCIQA-076,Glide,train,076-1.png
AIGCIQA2023,aigciqa2023_Glide_870,AIGCIQA-017,Glide,test,017-3.png
AIGCIQA2023,aigciqa2023_Glide_1037,AIGCIQA-059,Glide,train,059-2.png
AIGCIQA2023,aigciqa2023_Glide_1060,AIGCIQA-065,Glide,train,065-1.png
AIGCIQA2023,aigciqa2023_Glide_1090,AIGCIQA-072,Glide,train,072-3.png
AIGCIQA2023,aigciqa2023_Glide_989,AIGCIQA-047,Glide,train,047-2.png
AIGCIQA2023,aigciqa2023_Glide_1177,AIGCIQA-094,Glide,test,094-2.png
AIGCIQA2023,aigciqa2023_Glide_1077,AIGCIQA-069,Glide,test,069-2.png
AIGCIQA2023,aigciqa2023_Glide_1119,AIGCIQA-079,Glide,train,079-4.png
AIGCIQA2023,aigciqa2023_Glide_874,AIGCIQA-018,Glide,train,018-3.png
AIGCIQA2023,aigciqa2023_Glide_1015,AIGCIQA-053,Glide,val,053-4.png
AIGCIQA2023,aigciqa2023_Glide_839,AIGCIQA-009,Glide,train,009-4.png
AIGCIQA2023,aigciqa2023_Glide_1079,AIGCIQA-069,Glide,test,069-4.png
AIGCIQA2023,aigciqa2023_Glide_960,AIGCIQA-040,Glide,train,040-1.png
AIGCIQA2023,aigciqa2023_Glide_1179,AIGCIQA-094,Glide,test,094-4.png
AIGCIQA2023,aigciqa2023_Glide_1100,AIGCIQA-075,Glide,test,075-1.png
AIGCIQA2023,aigciqa2023_Glide_1155,AIGCIQA-088,Glide,val,088-4.png
AIGCIQA2023,aigciqa2023_Glide_985,AIGCIQA-046,Glide,train,046-2.png
AIGCIQA2023,aigciqa2023_Glide_803,AIGCIQA-000,Glide,val,000-4.png
AIGCIQA2023,aigciqa2023_Glide_879,AIGCIQA-019,Glide,train,019-4.png
AIGCIQA2023,aigciqa2023_Glide_840,AIGCIQA-010,Glide,train,010-1.png
AIGCIQA2023,aigciqa2023_Glide_1143,AIGCIQA-085,Glide,train,085-4.png
AIGCIQA2023,aigciqa2023_Glide_1125,AIGCIQA-081,Glide,test,081-2.png
AIGCIQA2023,aigciqa2023_Glide_1048,AIGCIQA-062,Glide,train,062-1.png
AIGCIQA2023,aigciqa2023_Glide_1173,AIGCIQA-093,Glide,val,093-2.png
AIGCIQA2023,aigciqa2023_Glide_1022,AIGCIQA-055,Glide,train,055-3.png
AIGCIQA2023,aigciqa2023_Glide_975,AIGCIQA-043,Glide,train,043-4.png
AIGCIQA2023,aigciqa2023_Glide_1102,AIGCIQA-075,Glide,test,075-3.png
AIGCIQA2023,aigciqa2023_Glide_1136,AIGCIQA-084,Glide,val,084-1.png
AIGCIQA2023,aigciqa2023_Glide_1004,AIGCIQA-051,Glide,train,051-1.png
AIGCIQA2023,aigciqa2023_Glide_1115,AIGCIQA-078,Glide,train,078-4.png
AIGCIQA2023,aigciqa2023_Glide_958,AIGCIQA-039,Glide,train,039-3.png
AIGCIQA2023,aigciqa2023_Glide_1001,AIGCIQA-050,Glide,train,050-2.png
AIGCIQA2023,aigciqa2023_Glide_1091,AIGCIQA-072,Glide,train,072-4.png
AIGCIQA2023,aigciqa2023_Glide_892,AIGCIQA-023,Glide,train,023-1.png
AIGCIQA2023,aigciqa2023_Glide_997,AIGCIQA-049,Glide,train,049-2.png
AIGCIQA2023,aigciqa2023_Glide_848,AIGCIQA-012,Glide,train,012-1.png
AIGCIQA2023,aigciqa2023_Glide_813,AIGCIQA-003,Glide,test,003-2.png
AIGCIQA2023,aigciqa2023_Glide_978,AIGCIQA-044,Glide,train,044-3.png
AIGCIQA2023,aigciqa2023_Glide_1062,AIGCIQA-065,Glide,train,065-3.png
AIGCIQA2023,aigciqa2023_Glide_1024,AIGCIQA-056,Glide,train,056-1.png
AIGCIQA2023,aigciqa2023_Glide_800,AIGCIQA-000,Glide,val,000-1.png
AIGCIQA2023,aigciqa2023_Glide_931,AIGCIQA-032,Glide,train,032-4.png
AIGCIQA2023,aigciqa2023_Glide_1027,AIGCIQA-056,Glide,train,056-4.png
AIGCIQA2023,aigciqa2023_Glide_1199,AIGCIQA-099,Glide,train,099-4.png
AIGCIQA2023,aigciqa2023_Glide_983,AIGCIQA-045,Glide,train,045-4.png
AIGCIQA2023,aigciqa2023_Glide_1014,AIGCIQA-053,Glide,val,053-3.png
AIGCIQA2023,aigciqa2023_Glide_1069,AIGCIQA-067,Glide,train,067-2.png
AIGCIQA2023,aigciqa2023_Glide_822,AIGCIQA-005,Glide,train,005-3.png
AIGCIQA2023,aigciqa2023_Glide_1129,AIGCIQA-082,Glide,train,082-2.png
AIGCIQA2023,aigciqa2023_Glide_809,AIGCIQA-002,Glide,train,002-2.png
AIGCIQA2023,aigciqa2023_Glide_1122,AIGCIQA-080,Glide,train,080-3.png
AIGCIQA2023,aigciqa2023_Glide_902,AIGCIQA-025,Glide,val,025-3.png
AIGCIQA2023,aigciqa2023_Glide_1176,AIGCIQA-094,Glide,test,094-1.png
AIGCIQA2023,aigciqa2023_Glide_1034,AIGCIQA-058,Glide,train,058-3.png
AIGCIQA2023,aigciqa2023_Glide_1023,AIGCIQA-055,Glide,train,055-4.png
AIGCIQA2023,aigciqa2023_Glide_977,AIGCIQA-044,Glide,train,044-2.png
AIGCIQA2023,aigciqa2023_Glide_905,AIGCIQA-026,Glide,train,026-2.png
AIGCIQA2023,aigciqa2023_Glide_884,AIGCIQA-021,Glide,train,021-1.png
AIGCIQA2023,aigciqa2023_Glide_1142,AIGCIQA-085,Glide,train,085-3.png
AIGCIQA2023,aigciqa2023_Glide_1106,AIGCIQA-076,Glide,train,076-3.png
AIGCIQA2023,aigciqa2023_Glide_971,AIGCIQA-042,Glide,train,042-4.png
AIGCIQA2023,aigciqa2023_Glide_1016,AIGCIQA-054,Glide,test,054-1.png
AIGCIQA2023,aigciqa2023_Glide_885,AIGCIQA-021,Glide,train,021-2.png
AIGCIQA2023,aigciqa2023_Glide_904,AIGCIQA-026,Glide,train,026-1.png
AIGCIQA2023,aigciqa2023_Glide_889,AIGCIQA-022,Glide,train,022-2.png
AIGCIQA2023,aigciqa2023_Glide_998,AIGCIQA-049,Glide,train,049-3.png
AIGCIQA2023,aigciqa2023_Glide_1012,AIGCIQA-053,Glide,val,053-1.png
AIGCIQA2023,aigciqa2023_Glide_925,AIGCIQA-031,Glide,test,031-2.png
AIGCIQA2023,aigciqa2023_Glide_962,AIGCIQA-040,Glide,train,040-3.png
AIGCIQA2023,aigciqa2023_Glide_911,AIGCIQA-027,Glide,val,027-4.png
AIGCIQA2023,aigciqa2023_Glide_1185,AIGCIQA-096,Glide,train,096-2.png
AIGCIQA2023,aigciqa2023_Glide_846,AIGCIQA-011,Glide,test,011-3.png
AIGCIQA2023,aigciqa2023_Glide_871,AIGCIQA-017,Glide,test,017-4.png
AIGCIQA2023,aigciqa2023_Glide_1167,AIGCIQA-091,Glide,train,091-4.png
AIGCIQA2023,aigciqa2023_Glide_1198,AIGCIQA-099,Glide,train,099-3.png
AIGCIQA2023,aigciqa2023_Glide_1193,AIGCIQA-098,Glide,train,098-2.png
AIGCIQA2023,aigciqa2023_Glide_920,AIGCIQA-030,Glide,train,030-1.png
AIGCIQA2023,aigciqa2023_Glide_844,AIGCIQA-011,Glide,test,011-1.png
AIGCIQA2023,aigciqa2023_Glide_993,AIGCIQA-048,Glide,train,048-2.png
AIGCIQA2023,aigciqa2023_Glide_1006,AIGCIQA-051,Glide,train,051-3.png
AIGCIQA2023,aigciqa2023_Glide_1165,AIGCIQA-091,Glide,train,091-2.png
AIGCIQA2023,aigciqa2023_Glide_1086,AIGCIQA-071,Glide,val,071-3.png
AIGCIQA2023,aigciqa2023_Glide_1138,AIGCIQA-084,Glide,val,084-3.png
AIGCIQA2023,aigciqa2023_Glide_1010,AIGCIQA-052,Glide,train,052-3.png
AIGCIQA2023,aigciqa2023_Glide_995,AIGCIQA-048,Glide,train,048-4.png
AIGCIQA2023,aigciqa2023_Glide_1186,AIGCIQA-096,Glide,train,096-3.png
AIGCIQA2023,aigciqa2023_Glide_1181,AIGCIQA-095,Glide,val,095-2.png
AIGCIQA2023,aigciqa2023_Glide_1061,AIGCIQA-065,Glide,train,065-2.png
AIGCIQA2023,aigciqa2023_Glide_972,AIGCIQA-043,Glide,train,043-1.png
AIGCIQA2023,aigciqa2023_Glide_1103,AIGCIQA-075,Glide,test,075-4.png
AIGCIQA2023,aigciqa2023_Glide_1121,AIGCIQA-080,Glide,train,080-2.png
AIGCIQA2023,aigciqa2023_Glide_1114,AIGCIQA-078,Glide,train,078-3.png
AIGCIQA2023,aigciqa2023_Glide_1117,AIGCIQA-079,Glide,train,079-2.png
AIGCIQA2023,aigciqa2023_Glide_1126,AIGCIQA-081,Glide,test,081-3.png
AIGCIQA2023,aigciqa2023_Glide_882,AIGCIQA-020,Glide,train,020-3.png
AIGCIQA2023,aigciqa2023_Glide_1160,AIGCIQA-090,Glide,train,090-1.png
AIGCIQA2023,aigciqa2023_Glide_1162,AIGCIQA-090,Glide,train,090-3.png
AIGCIQA2023,aigciqa2023_Glide_810,AIGCIQA-002,Glide,train,002-3.png
AIGCIQA2023,aigciqa2023_Glide_953,AIGCIQA-038,Glide,train,038-2.png
AIGCIQA2023,aigciqa2023_Glide_820,AIGCIQA-005,Glide,train,005-1.png
AIGCIQA2023,aigciqa2023_Glide_1033,AIGCIQA-058,Glide,train,058-2.png
AIGCIQA2023,aigciqa2023_Glide_926,AIGCIQA-031,Glide,test,031-3.png
AIGCIQA2023,aigciqa2023_Glide_1150,AIGCIQA-087,Glide,train,087-3.png
AIGCIQA2023,aigciqa2023_Glide_1148,AIGCIQA-087,Glide,train,087-1.png
AIGCIQA2023,aigciqa2023_Glide_869,AIGCIQA-017,Glide,test,017-2.png
AIGCIQA2023,aigciqa2023_Glide_903,AIGCIQA-025,Glide,val,025-4.png
AIGCIQA2023,aigciqa2023_Glide_979,AIGCIQA-044,Glide,train,044-4.png
AIGCIQA2023,aigciqa2023_Glide_1096,AIGCIQA-074,Glide,train,074-1.png
AIGCIQA2023,aigciqa2023_Glide_1156,AIGCIQA-089,Glide,val,089-1.png
AIGCIQA2023,aigciqa2023_Glide_1057,AIGCIQA-064,Glide,val,064-2.png
AIGCIQA2023,aigciqa2023_Glide_831,AIGCIQA-007,Glide,train,007-4.png
AIGCIQA2023,aigciqa2023_Glide_912,AIGCIQA-028,Glide,test,028-1.png
AIGCIQA2023,aigciqa2023_Glide_873,AIGCIQA-018,Glide,train,018-2.png
AIGCIQA2023,aigciqa2023_Glide_1035,AIGCIQA-058,Glide,train,058-4.png
AIGCIQA2023,aigciqa2023_Glide_1112,AIGCIQA-078,Glide,train,078-1.png
AIGCIQA2023,aigciqa2023_Glide_1046,AIGCIQA-061,Glide,train,061-3.png
AIGCIQA2023,aigciqa2023_Glide_991,AIGCIQA-047,Glide,train,047-4.png
AIGCIQA2023,aigciqa2023_Glide_1082,AIGCIQA-070,Glide,train,070-3.png
AIGCIQA2023,aigciqa2023_Glide_878,AIGCIQA-019,Glide,train,019-3.png
AIGCIQA2023,aigciqa2023_Glide_1002,AIGCIQA-050,Glide,train,050-3.png
AIGCIQA2023,aigciqa2023_Glide_842,AIGCIQA-010,Glide,train,010-3.png
AIGCIQA2023,aigciqa2023_Glide_815,AIGCIQA-003,Glide,test,003-4.png
AIGCIQA2023,aigciqa2023_Glide_818,AIGCIQA-004,Glide,test,004-3.png
AIGCIQA2023,aigciqa2023_Glide_1058,AIGCIQA-064,Glide,val,064-3.png
AIGCIQA2023,aigciqa2023_Glide_1011,AIGCIQA-052,Glide,train,052-4.png
AIGCIQA2023,aigciqa2023_Glide_868,AIGCIQA-017,Glide,test,017-1.png
AIGCIQA2023,aigciqa2023_Glide_1059,AIGCIQA-064,Glide,val,064-4.png
AIGCIQA2023,aigciqa2023_Glide_1070,AIGCIQA-067,Glide,train,067-3.png
AIGCIQA2023,aigciqa2023_Glide_965,AIGCIQA-041,Glide,train,041-2.png
AIGCIQA2023,aigciqa2023_Glide_857,AIGCIQA-014,Glide,test,014-2.png
AIGCIQA2023,aigciqa2023_Glide_939,AIGCIQA-034,Glide,train,034-4.png
AIGCIQA2023,aigciqa2023_Glide_829,AIGCIQA-007,Glide,train,007-2.png
AIGCIQA2023,aigciqa2023_Glide_1076,AIGCIQA-069,Glide,test,069-1.png
AIGCIQA2023,aigciqa2023_Glide_901,AIGCIQA-025,Glide,val,025-2.png
AIGCIQA2023,aigciqa2023_Glide_1075,AIGCIQA-068,Glide,train,068-4.png
AIGCIQA2023,aigciqa2023_Glide_919,AIGCIQA-029,Glide,val,029-4.png
AIGCIQA2023,aigciqa2023_Glide_836,AIGCIQA-009,Glide,train,009-1.png
AIGCIQA2023,aigciqa2023_Glide_1151,AIGCIQA-087,Glide,train,087-4.png
AIGCIQA2023,aigciqa2023_Glide_1133,AIGCIQA-083,Glide,train,083-2.png
AIGCIQA2023,aigciqa2023_Glide_947,AIGCIQA-036,Glide,train,036-4.png
AIGCIQA2023,aigciqa2023_Glide_1147,AIGCIQA-086,Glide,test,086-4.png
AIGCIQA2023,aigciqa2023_Glide_816,AIGCIQA-004,Glide,test,004-1.png
AIGCIQA2023,aigciqa2023_Glide_1118,AIGCIQA-079,Glide,train,079-3.png
AIGCIQA2023,aigciqa2023_Glide_1111,AIGCIQA-077,Glide,val,077-4.png
AIGCIQA2023,aigciqa2023_Glide_1178,AIGCIQA-094,Glide,test,094-3.png
AIGCIQA2023,aigciqa2023_Glide_1009,AIGCIQA-052,Glide,train,052-2.png
AIGCIQA2023,aigciqa2023_Glide_801,AIGCIQA-000,Glide,val,000-2.png
AIGCIQA2023,aigciqa2023_Glide_1124,AIGCIQA-081,Glide,test,081-1.png
AIGCIQA2023,aigciqa2023_Glide_838,AIGCIQA-009,Glide,train,009-3.png
AIGCIQA2023,aigciqa2023_Glide_888,AIGCIQA-022,Glide,train,022-1.png
AIGCIQA2023,aigciqa2023_Glide_922,AIGCIQA-030,Glide,train,030-3.png
AIGCIQA2023,aigciqa2023_Glide_880,AIGCIQA-020,Glide,train,020-1.png
AIGCIQA2023,aigciqa2023_Glide_841,AIGCIQA-010,Glide,train,010-2.png
AIGCIQA2023,aigciqa2023_Glide_935,AIGCIQA-033,Glide,train,033-4.png
AIGCIQA2023,aigciqa2023_Glide_1195,AIGCIQA-098,Glide,train,098-4.png
AIGCIQA2023,aigciqa2023_Glide_906,AIGCIQA-026,Glide,train,026-3.png
AIGCIQA2023,aigciqa2023_Glide_850,AIGCIQA-012,Glide,train,012-3.png
AIGCIQA2023,aigciqa2023_Glide_830,AIGCIQA-007,Glide,train,007-3.png
AIGCIQA2023,aigciqa2023_Glide_1149,AIGCIQA-087,Glide,train,087-2.png
AIGCIQA2023,aigciqa2023_Glide_1019,AIGCIQA-054,Glide,test,054-4.png
AIGCIQA2023,aigciqa2023_Glide_952,AIGCIQA-038,Glide,train,038-1.png
AIGCIQA2023,aigciqa2023_Glide_1026,AIGCIQA-056,Glide,train,056-3.png
AIGCIQA2023,aigciqa2023_Glide_1030,AIGCIQA-057,Glide,val,057-3.png
AIGCIQA2023,aigciqa2023_Glide_994,AIGCIQA-048,Glide,train,048-3.png
AIGCIQA2023,aigciqa2023_Glide_1067,AIGCIQA-066,Glide,train,066-4.png
AIGCIQA2023,aigciqa2023_Glide_915,AIGCIQA-028,Glide,test,028-4.png
AIGCIQA2023,aigciqa2023_Glide_1013,AIGCIQA-053,Glide,val,053-2.png
AIGCIQA2023,aigciqa2023_Glide_1085,AIGCIQA-071,Glide,val,071-2.png
AIGCIQA2023,aigciqa2023_Glide_860,AIGCIQA-015,Glide,train,015-1.png
AIGCIQA2023,aigciqa2023_Glide_927,AIGCIQA-031,Glide,test,031-4.png
AIGCIQA2023,aigciqa2023_Glide_1183,AIGCIQA-095,Glide,val,095-4.png
AIGCIQA2023,aigciqa2023_Glide_955,AIGCIQA-038,Glide,train,038-4.png
AIGCIQA2023,aigciqa2023_Glide_1088,AIGCIQA-072,Glide,train,072-1.png
AIGCIQA2023,aigciqa2023_Glide_876,AIGCIQA-019,Glide,train,019-1.png
AIGCIQA2023,aigciqa2023_Glide_877,AIGCIQA-019,Glide,train,019-2.png
AIGCIQA2023,aigciqa2023_Glide_1120,AIGCIQA-080,Glide,train,080-1.png
AIGCIQA2023,aigciqa2023_Glide_1095,AIGCIQA-073,Glide,train,073-4.png
AIGCIQA2023,aigciqa2023_Glide_837,AIGCIQA-009,Glide,train,009-2.png
AIGCIQA2023,aigciqa2023_Glide_1116,AIGCIQA-079,Glide,train,079-1.png
AIGCIQA2023,aigciqa2023_Glide_1005,AIGCIQA-051,Glide,train,051-2.png
AIGCIQA2023,aigciqa2023_Glide_833,AIGCIQA-008,Glide,train,008-2.png
AIGCIQA2023,aigciqa2023_Glide_858,AIGCIQA-014,Glide,test,014-3.png
AIGCIQA2023,aigciqa2023_Glide_1044,AIGCIQA-061,Glide,train,061-1.png
AIGCIQA2023,aigciqa2023_Glide_929,AIGCIQA-032,Glide,train,032-2.png
AIGCIQA2023,aigciqa2023_Glide_826,AIGCIQA-006,Glide,train,006-3.png
AIGCIQA2023,aigciqa2023_Glide_1141,AIGCIQA-085,Glide,train,085-2.png
AIGCIQA2023,aigciqa2023_Glide_1192,AIGCIQA-098,Glide,train,098-1.png
AIGCIQA2023,aigciqa2023_Glide_1025,AIGCIQA-056,Glide,train,056-2.png
AIGCIQA2023,aigciqa2023_Glide_1045,AIGCIQA-061,Glide,train,061-2.png
AIGCIQA2023,aigciqa2023_Glide_1040,AIGCIQA-060,Glide,train,060-1.png
AIGCIQA2023,aigciqa2023_Glide_945,AIGCIQA-036,Glide,train,036-2.png
AIGCIQA2023,aigciqa2023_Glide_1093,AIGCIQA-073,Glide,train,073-2.png
AIGCIQA2023,aigciqa2023_Glide_806,AIGCIQA-001,Glide,train,001-3.png
AIGCIQA2023,aigciqa2023_Glide_852,AIGCIQA-013,Glide,test,013-1.png
AIGCIQA2023,aigciqa2023_Glide_1172,AIGCIQA-093,Glide,val,093-1.png
AIGCIQA2023,aigciqa2023_Glide_1123,AIGCIQA-080,Glide,train,080-4.png
AIGCIQA2023,aigciqa2023_Glide_949,AIGCIQA-037,Glide,train,037-2.png
AIGCIQA2023,aigciqa2023_Glide_1158,AIGCIQA-089,Glide,val,089-3.png
AIGCIQA2023,aigciqa2023_Glide_827,AIGCIQA-006,Glide,train,006-4.png
AIGCIQA2023,aigciqa2023_Glide_823,AIGCIQA-005,Glide,train,005-4.png
AIGCIQA2023,aigciqa2023_Glide_940,AIGCIQA-035,Glide,test,035-1.png
AIGCIQA2023,aigciqa2023_Glide_864,AIGCIQA-016,Glide,train,016-1.png
AIGCIQA2023,aigciqa2023_Glide_1073,AIGCIQA-068,Glide,train,068-2.png
AIGCIQA2023,aigciqa2023_Glide_807,AIGCIQA-001,Glide,train,001-4.png
AIGCIQA2023,aigciqa2023_Glide_954,AIGCIQA-038,Glide,train,038-3.png
AIGCIQA2023,aigciqa2023_Glide_891,AIGCIQA-022,Glide,train,022-4.png
AIGCIQA2023,aigciqa2023_Glide_984,AIGCIQA-046,Glide,train,046-1.png
AIGCIQA2023,aigciqa2023_Glide_916,AIGCIQA-029,Glide,val,029-1.png
AIGCIQA2023,aigciqa2023_Glide_951,AIGCIQA-037,Glide,train,037-4.png
AIGCIQA2023,aigciqa2023_Glide_899,AIGCIQA-024,Glide,train,024-4.png
AIGCIQA2023,aigciqa2023_Glide_851,AIGCIQA-012,Glide,train,012-4.png
AIGCIQA2023,aigciqa2023_Glide_944,AIGCIQA-036,Glide,train,036-1.png
AIGCIQA2023,aigciqa2023_Glide_1190,AIGCIQA-097,Glide,val,097-3.png
AIGCIQA2023,aigciqa2023_Glide_1068,AIGCIQA-067,Glide,train,067-1.png
AIGCIQA2023,aigciqa2023_Glide_1101,AIGCIQA-075,Glide,test,075-2.png
AIGCIQA2023,aigciqa2023_Glide_1188,AIGCIQA-097,Glide,val,097-1.png
AIGCIQA2023,aigciqa2023_Glide_1047,AIGCIQA-061,Glide,train,061-4.png
AIGCIQA2023,aigciqa2023_Glide_910,AIGCIQA-027,Glide,val,027-3.png
AIGCIQA2023,aigciqa2023_Glide_1145,AIGCIQA-086,Glide,test,086-2.png
AIGCIQA2023,aigciqa2023_Glide_894,AIGCIQA-023,Glide,train,023-3.png
AIGCIQA2023,aigciqa2023_Glide_1074,AIGCIQA-068,Glide,train,068-3.png
AIGCIQA2023,aigciqa2023_Glide_1146,AIGCIQA-086,Glide,test,086-3.png
AIGCIQA2023,aigciqa2023_Glide_961,AIGCIQA-040,Glide,train,040-2.png
AIGCIQA2023,aigciqa2023_Glide_898,AIGCIQA-024,Glide,train,024-3.png
AIGCIQA2023,aigciqa2023_Glide_861,AIGCIQA-015,Glide,train,015-2.png
AIGCIQA2023,aigciqa2023_Glide_918,AIGCIQA-029,Glide,val,029-3.png
AIGCIQA2023,aigciqa2023_Glide_928,AIGCIQA-032,Glide,train,032-1.png
AIGCIQA2023,aigciqa2023_Glide_1163,AIGCIQA-090,Glide,train,090-4.png
AIGCIQA2023,aigciqa2023_Glide_938,AIGCIQA-034,Glide,train,034-3.png
AIGCIQA2023,aigciqa2023_Glide_1032,AIGCIQA-058,Glide,train,058-1.png
AIGCIQA2023,aigciqa2023_Glide_980,AIGCIQA-045,Glide,train,045-1.png
AIGCIQA2023,aigciqa2023_Glide_969,AIGCIQA-042,Glide,train,042-2.png
AIGCIQA2023,aigciqa2023_Glide_1081,AIGCIQA-070,Glide,train,070-2.png
AIGCIQA2023,aigciqa2023_Glide_1017,AIGCIQA-054,Glide,test,054-2.png
AIGCIQA2023,aigciqa2023_Glide_976,AIGCIQA-044,Glide,train,044-1.png
AIGCIQA2023,aigciqa2023_Glide_1071,AIGCIQA-067,Glide,train,067-4.png
AIGCIQA2023,aigciqa2023_Glide_1083,AIGCIQA-070,Glide,train,070-4.png
AIGCIQA2023,aigciqa2023_Glide_1042,AIGCIQA-060,Glide,train,060-3.png
AIGCIQA2023,aigciqa2023_Glide_988,AIGCIQA-047,Glide,train,047-1.png
AIGCIQA2023,aigciqa2023_Glide_1097,AIGCIQA-074,Glide,train,074-2.png
AIGCIQA2023,aigciqa2023_Glide_1139,AIGCIQA-084,Glide,val,084-4.png
AIGCIQA2023,aigciqa2023_Glide_956,AIGCIQA-039,Glide,train,039-1.png
AIGCIQA2023,aigciqa2023_Glide_924,AIGCIQA-031,Glide,test,031-1.png
AIGCIQA2023,aigciqa2023_Glide_1154,AIGCIQA-088,Glide,val,088-3.png
AIGCIQA2023,aigciqa2023_Glide_1007,AIGCIQA-051,Glide,train,051-4.png
AIGCIQA2023,aigciqa2023_Glide_913,AIGCIQA-028,Glide,test,028-2.png
AIGCIQA2023,aigciqa2023_Glide_950,AIGCIQA-037,Glide,train,037-3.png
AIGCIQA2023,aigciqa2023_Glide_847,AIGCIQA-011,Glide,test,011-4.png
AIGCIQA2023,aigciqa2023_Glide_808,AIGCIQA-002,Glide,train,002-1.png
AIGCIQA2023,aigciqa2023_Glide_1029,AIGCIQA-057,Glide,val,057-2.png
AIGCIQA2023,aigciqa2023_Glide_1051,AIGCIQA-062,Glide,train,062-4.png
AIGCIQA2023,aigciqa2023_Glide_1164,AIGCIQA-091,Glide,train,091-1.png
AIGCIQA2023,aigciqa2023_Glide_1130,AIGCIQA-082,Glide,train,082-3.png
AIGCIQA2023,aigciqa2023_Glide_1043,AIGCIQA-060,Glide,train,060-4.png
AIGCIQA2023,aigciqa2023_Glide_1153,AIGCIQA-088,Glide,val,088-2.png
AIGCIQA2023,aigciqa2023_Glide_1182,AIGCIQA-095,Glide,val,095-3.png
AIGCIQA2023,aigciqa2023_Glide_1187,AIGCIQA-096,Glide,train,096-4.png
AIGCIQA2023,aigciqa2023_Glide_1050,AIGCIQA-062,Glide,train,062-3.png
AIGCIQA2023,aigciqa2023_Glide_1008,AIGCIQA-052,Glide,train,052-1.png
AIGCIQA2023,aigciqa2023_Glide_1168,AIGCIQA-092,Glide,train,092-1.png
AIGCIQA2023,aigciqa2023_Glide_923,AIGCIQA-030,Glide,train,030-4.png
AIGCIQA2023,aigciqa2023_Glide_843,AIGCIQA-010,Glide,train,010-4.png
AIGCIQA2023,aigciqa2023_Glide_897,AIGCIQA-024,Glide,train,024-2.png
AIGCIQA2023,aigciqa2023_Glide_1064,AIGCIQA-066,Glide,train,066-1.png
AIGCIQA2023,aigciqa2023_Glide_805,AIGCIQA-001,Glide,train,001-2.png
AIGCIQA2023,aigciqa2023_Glide_1084,AIGCIQA-071,Glide,val,071-1.png
AIGCIQA2023,aigciqa2023_Glide_941,AIGCIQA-035,Glide,test,035-2.png
AIGCIQA2023,aigciqa2023_Glide_1159,AIGCIQA-089,Glide,val,089-4.png
AIGCIQA2023,aigciqa2023_Glide_1105,AIGCIQA-076,Glide,train,076-2.png
AIGCIQA2023,aigciqa2023_Glide_943,AIGCIQA-035,Glide,test,035-4.png
AIGCIQA2023,aigciqa2023_Glide_974,AIGCIQA-043,Glide,train,043-3.png
AIGCIQA2023,aigciqa2023_Glide_932,AIGCIQA-033,Glide,train,033-1.png
AIGCIQA2023,aigciqa2023_Glide_981,AIGCIQA-045,Glide,train,045-2.png
AIGCIQA2023,aigciqa2023_Glide_908,AIGCIQA-027,Glide,val,027-1.png
AIGCIQA2023,aigciqa2023_Glide_1049,AIGCIQA-062,Glide,train,062-2.png
AIGCIQA2023,aigciqa2023_Glide_893,AIGCIQA-023,Glide,train,023-2.png
AIGCIQA2023,aigciqa2023_Glide_966,AIGCIQA-041,Glide,train,041-3.png
AIGCIQA2023,aigciqa2023_Glide_1053,AIGCIQA-063,Glide,train,063-2.png
AIGCIQA2023,aigciqa2023_Lafite_1531,AIGCIQA-082,Lafite,train,082-4.png
AIGCIQA2023,aigciqa2023_Lafite_1483,AIGCIQA-070,Lafite,train,070-4.png
AIGCIQA2023,aigciqa2023_Lafite_1360,AIGCIQA-040,Lafite,train,040-1.png
AIGCIQA2023,aigciqa2023_Lafite_1565,AIGCIQA-091,Lafite,train,091-2.png
AIGCIQA2023,aigciqa2023_Lafite_1598,AIGCIQA-099,Lafite,train,099-3.png
AIGCIQA2023,aigciqa2023_Lafite_1202,AIGCIQA-000,Lafite,val,000-3.png
AIGCIQA2023,aigciqa2023_Lafite_1251,AIGCIQA-012,Lafite,train,012-4.png
AIGCIQA2023,aigciqa2023_Lafite_1581,AIGCIQA-095,Lafite,val,095-2.png
AIGCIQA2023,aigciqa2023_Lafite_1290,AIGCIQA-022,Lafite,train,022-3.png
AIGCIQA2023,aigciqa2023_Lafite_1222,AIGCIQA-005,Lafite,train,005-3.png
AIGCIQA2023,aigciqa2023_Lafite_1442,AIGCIQA-060,Lafite,train,060-3.png
AIGCIQA2023,aigciqa2023_Lafite_1428,AIGCIQA-057,Lafite,val,057-1.png
AIGCIQA2023,aigciqa2023_Lafite_1384,AIGCIQA-046,Lafite,train,046-1.png
AIGCIQA2023,aigciqa2023_Lafite_1266,AIGCIQA-016,Lafite,train,016-3.png
AIGCIQA2023,aigciqa2023_Lafite_1241,AIGCIQA-010,Lafite,train,010-2.png
AIGCIQA2023,aigciqa2023_Lafite_1348,AIGCIQA-037,Lafite,train,037-1.png
AIGCIQA2023,aigciqa2023_Lafite_1361,AIGCIQA-040,Lafite,train,040-2.png
AIGCIQA2023,aigciqa2023_Lafite_1327,AIGCIQA-031,Lafite,test,031-4.png
AIGCIQA2023,aigciqa2023_Lafite_1503,AIGCIQA-075,Lafite,test,075-4.png
AIGCIQA2023,aigciqa2023_Lafite_1421,AIGCIQA-055,Lafite,train,055-2.png
AIGCIQA2023,aigciqa2023_Lafite_1443,AIGCIQA-060,Lafite,train,060-4.png
AIGCIQA2023,aigciqa2023_Lafite_1345,AIGCIQA-036,Lafite,train,036-2.png
AIGCIQA2023,aigciqa2023_Lafite_1586,AIGCIQA-096,Lafite,train,096-3.png
AIGCIQA2023,aigciqa2023_Lafite_1518,AIGCIQA-079,Lafite,train,079-3.png
AIGCIQA2023,aigciqa2023_Lafite_1274,AIGCIQA-018,Lafite,train,018-3.png
AIGCIQA2023,aigciqa2023_Lafite_1230,AIGCIQA-007,Lafite,train,007-3.png
AIGCIQA2023,aigciqa2023_Lafite_1300,AIGCIQA-025,Lafite,val,025-1.png
AIGCIQA2023,aigciqa2023_Lafite_1445,AIGCIQA-061,Lafite,train,061-2.png
AIGCIQA2023,aigciqa2023_Lafite_1499,AIGCIQA-074,Lafite,train,074-4.png
AIGCIQA2023,aigciqa2023_Lafite_1323,AIGCIQA-030,Lafite,train,030-4.png
AIGCIQA2023,aigciqa2023_Lafite_1371,AIGCIQA-042,Lafite,train,042-4.png
AIGCIQA2023,aigciqa2023_Lafite_1423,AIGCIQA-055,Lafite,train,055-4.png
AIGCIQA2023,aigciqa2023_Lafite_1356,AIGCIQA-039,Lafite,train,039-1.png
AIGCIQA2023,aigciqa2023_Lafite_1509,AIGCIQA-077,Lafite,val,077-2.png
AIGCIQA2023,aigciqa2023_Lafite_1257,AIGCIQA-014,Lafite,test,014-2.png
AIGCIQA2023,aigciqa2023_Lafite_1362,AIGCIQA-040,Lafite,train,040-3.png
AIGCIQA2023,aigciqa2023_Lafite_1268,AIGCIQA-017,Lafite,test,017-1.png
AIGCIQA2023,aigciqa2023_Lafite_1465,AIGCIQA-066,Lafite,train,066-2.png
AIGCIQA2023,aigciqa2023_Lafite_1337,AIGCIQA-034,Lafite,train,034-2.png
AIGCIQA2023,aigciqa2023_Lafite_1359,AIGCIQA-039,Lafite,train,039-4.png
AIGCIQA2023,aigciqa2023_Lafite_1298,AIGCIQA-024,Lafite,train,024-3.png
AIGCIQA2023,aigciqa2023_Lafite_1391,AIGCIQA-047,Lafite,train,047-4.png
AIGCIQA2023,aigciqa2023_Lafite_1370,AIGCIQA-042,Lafite,train,042-3.png
AIGCIQA2023,aigciqa2023_Lafite_1221,AIGCIQA-005,Lafite,train,005-2.png
AIGCIQA2023,aigciqa2023_Lafite_1342,AIGCIQA-035,Lafite,test,035-3.png
AIGCIQA2023,aigciqa2023_Lafite_1226,AIGCIQA-006,Lafite,train,006-3.png
AIGCIQA2023,aigciqa2023_Lafite_1381,AIGCIQA-045,Lafite,train,045-2.png
AIGCIQA2023,aigciqa2023_Lafite_1281,AIGCIQA-020,Lafite,train,020-2.png
AIGCIQA2023,aigciqa2023_Lafite_1399,AIGCIQA-049,Lafite,train,049-4.png
AIGCIQA2023,aigciqa2023_Lafite_1419,AIGCIQA-054,Lafite,test,054-4.png
AIGCIQA2023,aigciqa2023_Lafite_1470,AIGCIQA-067,Lafite,train,067-3.png
AIGCIQA2023,aigciqa2023_Lafite_1201,AIGCIQA-000,Lafite,val,000-2.png
AIGCIQA2023,aigciqa2023_Lafite_1240,AIGCIQA-010,Lafite,train,010-1.png
AIGCIQA2023,aigciqa2023_Lafite_1278,AIGCIQA-019,Lafite,train,019-3.png
AIGCIQA2023,aigciqa2023_Lafite_1415,AIGCIQA-053,Lafite,val,053-4.png
AIGCIQA2023,aigciqa2023_Lafite_1393,AIGCIQA-048,Lafite,train,048-2.png
AIGCIQA2023,aigciqa2023_Lafite_1462,AIGCIQA-065,Lafite,train,065-3.png
AIGCIQA2023,aigciqa2023_Lafite_1464,AIGCIQA-066,Lafite,train,066-1.png
AIGCIQA2023,aigciqa2023_Lafite_1293,AIGCIQA-023,Lafite,train,023-2.png
AIGCIQA2023,aigciqa2023_Lafite_1209,AIGCIQA-002,Lafite,train,002-2.png
AIGCIQA2023,aigciqa2023_Lafite_1405,AIGCIQA-051,Lafite,train,051-2.png
AIGCIQA2023,aigciqa2023_Lafite_1504,AIGCIQA-076,Lafite,train,076-1.png
AIGCIQA2023,aigciqa2023_Lafite_1482,AIGCIQA-070,Lafite,train,070-3.png
AIGCIQA2023,aigciqa2023_Lafite_1377,AIGCIQA-044,Lafite,train,044-2.png
AIGCIQA2023,aigciqa2023_Lafite_1243,AIGCIQA-010,Lafite,train,010-4.png
AIGCIQA2023,aigciqa2023_Lafite_1397,AIGCIQA-049,Lafite,train,049-2.png
AIGCIQA2023,aigciqa2023_Lafite_1472,AIGCIQA-068,Lafite,train,068-1.png
AIGCIQA2023,aigciqa2023_Lafite_1588,AIGCIQA-097,Lafite,val,097-1.png
AIGCIQA2023,aigciqa2023_Lafite_1579,AIGCIQA-094,Lafite,test,094-4.png
AIGCIQA2023,aigciqa2023_Lafite_1234,AIGCIQA-008,Lafite,train,008-3.png
AIGCIQA2023,aigciqa2023_Lafite_1413,AIGCIQA-053,Lafite,val,053-2.png
AIGCIQA2023,aigciqa2023_Lafite_1508,AIGCIQA-077,Lafite,val,077-1.png
AIGCIQA2023,aigciqa2023_Lafite_1467,AIGCIQA-066,Lafite,train,066-4.png
AIGCIQA2023,aigciqa2023_Lafite_1440,AIGCIQA-060,Lafite,train,060-1.png
AIGCIQA2023,aigciqa2023_Lafite_1534,AIGCIQA-083,Lafite,train,083-3.png
AIGCIQA2023,aigciqa2023_Lafite_1288,AIGCIQA-022,Lafite,train,022-1.png
AIGCIQA2023,aigciqa2023_Lafite_1235,AIGCIQA-008,Lafite,train,008-4.png
AIGCIQA2023,aigciqa2023_Lafite_1214,AIGCIQA-003,Lafite,test,003-3.png
AIGCIQA2023,aigciqa2023_Lafite_1459,AIGCIQA-064,Lafite,val,064-4.png
AIGCIQA2023,aigciqa2023_Lafite_1304,AIGCIQA-026,Lafite,train,026-1.png
AIGCIQA2023,aigciqa2023_Lafite_1392,AIGCIQA-048,Lafite,train,048-1.png
AIGCIQA2023,aigciqa2023_Lafite_1524,AIGCIQA-081,Lafite,test,081-1.png
AIGCIQA2023,aigciqa2023_Lafite_1502,AIGCIQA-075,Lafite,test,075-3.png
AIGCIQA2023,aigciqa2023_Lafite_1261,AIGCIQA-015,Lafite,train,015-2.png
AIGCIQA2023,aigciqa2023_Lafite_1468,AIGCIQA-067,Lafite,train,067-1.png
AIGCIQA2023,aigciqa2023_Lafite_1324,AIGCIQA-031,Lafite,test,031-1.png
AIGCIQA2023,aigciqa2023_Lafite_1434,AIGCIQA-058,Lafite,train,058-3.png
AIGCIQA2023,aigciqa2023_Lafite_1404,AIGCIQA-051,Lafite,train,051-1.png
AIGCIQA2023,aigciqa2023_Lafite_1597,AIGCIQA-099,Lafite,train,099-2.png
AIGCIQA2023,aigciqa2023_Lafite_1493,AIGCIQA-073,Lafite,train,073-2.png
AIGCIQA2023,aigciqa2023_Lafite_1299,AIGCIQA-024,Lafite,train,024-4.png
AIGCIQA2023,aigciqa2023_Lafite_1239,AIGCIQA-009,Lafite,train,009-4.png
AIGCIQA2023,aigciqa2023_Lafite_1276,AIGCIQA-019,Lafite,train,019-1.png
AIGCIQA2023,aigciqa2023_Lafite_1236,AIGCIQA-009,Lafite,train,009-1.png
AIGCIQA2023,aigciqa2023_Lafite_1400,AIGCIQA-050,Lafite,train,050-1.png
AIGCIQA2023,aigciqa2023_Lafite_1382,AIGCIQA-045,Lafite,train,045-3.png
AIGCIQA2023,aigciqa2023_Lafite_1595,AIGCIQA-098,Lafite,train,098-4.png
AIGCIQA2023,aigciqa2023_Lafite_1296,AIGCIQA-024,Lafite,train,024-1.png
AIGCIQA2023,aigciqa2023_Lafite_1372,AIGCIQA-043,Lafite,train,043-1.png
AIGCIQA2023,aigciqa2023_Lafite_1245,AIGCIQA-011,Lafite,test,011-2.png
AIGCIQA2023,aigciqa2023_Lafite_1424,AIGCIQA-056,Lafite,train,056-1.png
AIGCIQA2023,aigciqa2023_Lafite_1488,AIGCIQA-072,Lafite,train,072-1.png
AIGCIQA2023,aigciqa2023_Lafite_1429,AIGCIQA-057,Lafite,val,057-2.png
AIGCIQA2023,aigciqa2023_Lafite_1242,AIGCIQA-010,Lafite,train,010-3.png
AIGCIQA2023,aigciqa2023_Lafite_1336,AIGCIQA-034,Lafite,train,034-1.png
AIGCIQA2023,aigciqa2023_Lafite_1308,AIGCIQA-027,Lafite,val,027-1.png
AIGCIQA2023,aigciqa2023_Lafite_1587,AIGCIQA-096,Lafite,train,096-4.png
AIGCIQA2023,aigciqa2023_Lafite_1512,AIGCIQA-078,Lafite,train,078-1.png
AIGCIQA2023,aigciqa2023_Lafite_1480,AIGCIQA-070,Lafite,train,070-1.png
AIGCIQA2023,aigciqa2023_Lafite_1590,AIGCIQA-097,Lafite,val,097-3.png
AIGCIQA2023,aigciqa2023_Lafite_1303,AIGCIQA-025,Lafite,val,025-4.png
AIGCIQA2023,aigciqa2023_Lafite_1326,AIGCIQA-031,Lafite,test,031-3.png
AIGCIQA2023,aigciqa2023_Lafite_1453,AIGCIQA-063,Lafite,train,063-2.png
AIGCIQA2023,aigciqa2023_Lafite_1295,AIGCIQA-023,Lafite,train,023-4.png
AIGCIQA2023,aigciqa2023_Lafite_1431,AIGCIQA-057,Lafite,val,057-4.png
AIGCIQA2023,aigciqa2023_Lafite_1547,AIGCIQA-086,Lafite,test,086-4.png
AIGCIQA2023,aigciqa2023_Lafite_1491,AIGCIQA-072,Lafite,train,072-4.png
AIGCIQA2023,aigciqa2023_Lafite_1210,AIGCIQA-002,Lafite,train,002-3.png
AIGCIQA2023,aigciqa2023_Lafite_1332,AIGCIQA-033,Lafite,train,033-1.png
AIGCIQA2023,aigciqa2023_Lafite_1374,AIGCIQA-043,Lafite,train,043-3.png
AIGCIQA2023,aigciqa2023_Lafite_1208,AIGCIQA-002,Lafite,train,002-1.png
AIGCIQA2023,aigciqa2023_Lafite_1571,AIGCIQA-092,Lafite,train,092-4.png
AIGCIQA2023,aigciqa2023_Lafite_1596,AIGCIQA-099,Lafite,train,099-1.png
AIGCIQA2023,aigciqa2023_Lafite_1287,AIGCIQA-021,Lafite,train,021-4.png
AIGCIQA2023,aigciqa2023_Lafite_1478,AIGCIQA-069,Lafite,test,069-3.png
AIGCIQA2023,aigciqa2023_Lafite_1366,AIGCIQA-041,Lafite,train,041-3.png
AIGCIQA2023,aigciqa2023_Lafite_1247,AIGCIQA-011,Lafite,test,011-4.png
AIGCIQA2023,aigciqa2023_Lafite_1265,AIGCIQA-016,Lafite,train,016-2.png
AIGCIQA2023,aigciqa2023_Lafite_1591,AIGCIQA-097,Lafite,val,097-4.png
AIGCIQA2023,aigciqa2023_Lafite_1411,AIGCIQA-052,Lafite,train,052-4.png
AIGCIQA2023,aigciqa2023_Lafite_1584,AIGCIQA-096,Lafite,train,096-1.png
AIGCIQA2023,aigciqa2023_Lafite_1224,AIGCIQA-006,Lafite,train,006-1.png
AIGCIQA2023,aigciqa2023_Lafite_1306,AIGCIQA-026,Lafite,train,026-3.png
AIGCIQA2023,aigciqa2023_Lafite_1448,AIGCIQA-062,Lafite,train,062-1.png
AIGCIQA2023,aigciqa2023_Lafite_1550,AIGCIQA-087,Lafite,train,087-3.png
AIGCIQA2023,aigciqa2023_Lafite_1286,AIGCIQA-021,Lafite,train,021-3.png
AIGCIQA2023,aigciqa2023_Lafite_1305,AIGCIQA-026,Lafite,train,026-2.png
AIGCIQA2023,aigciqa2023_Lafite_1511,AIGCIQA-077,Lafite,val,077-4.png
AIGCIQA2023,aigciqa2023_Lafite_1378,AIGCIQA-044,Lafite,train,044-3.png
AIGCIQA2023,aigciqa2023_Lafite_1533,AIGCIQA-083,Lafite,train,083-2.png
AIGCIQA2023,aigciqa2023_Lafite_1490,AIGCIQA-072,Lafite,train,072-3.png
AIGCIQA2023,aigciqa2023_Lafite_1420,AIGCIQA-055,Lafite,train,055-1.png
AIGCIQA2023,aigciqa2023_Lafite_1536,AIGCIQA-084,Lafite,val,084-1.png
AIGCIQA2023,aigciqa2023_Lafite_1554,AIGCIQA-088,Lafite,val,088-3.png
AIGCIQA2023,aigciqa2023_Lafite_1310,AIGCIQA-027,Lafite,val,027-3.png
AIGCIQA2023,aigciqa2023_Lafite_1329,AIGCIQA-032,Lafite,train,032-2.png
AIGCIQA2023,aigciqa2023_Lafite_1548,AIGCIQA-087,Lafite,train,087-1.png
AIGCIQA2023,aigciqa2023_Lafite_1275,AIGCIQA-018,Lafite,train,018-4.png
AIGCIQA2023,aigciqa2023_Lafite_1580,AIGCIQA-095,Lafite,val,095-1.png
AIGCIQA2023,aigciqa2023_Lafite_1544,AIGCIQA-086,Lafite,test,086-1.png
AIGCIQA2023,aigciqa2023_Lafite_1283,AIGCIQA-020,Lafite,train,020-4.png
AIGCIQA2023,aigciqa2023_Lafite_1557,AIGCIQA-089,Lafite,val,089-2.png
AIGCIQA2023,aigciqa2023_Lafite_1349,AIGCIQA-037,Lafite,train,037-2.png
AIGCIQA2023,aigciqa2023_Lafite_1416,AIGCIQA-054,Lafite,test,054-1.png
AIGCIQA2023,aigciqa2023_Lafite_1460,AIGCIQA-065,Lafite,train,065-1.png
AIGCIQA2023,aigciqa2023_Lafite_1455,AIGCIQA-063,Lafite,train,063-4.png
AIGCIQA2023,aigciqa2023_Lafite_1407,AIGCIQA-051,Lafite,train,051-4.png
AIGCIQA2023,aigciqa2023_Lafite_1477,AIGCIQA-069,Lafite,test,069-2.png
AIGCIQA2023,aigciqa2023_Lafite_1394,AIGCIQA-048,Lafite,train,048-3.png
AIGCIQA2023,aigciqa2023_Lafite_1535,AIGCIQA-083,Lafite,train,083-4.png
AIGCIQA2023,aigciqa2023_Lafite_1218,AIGCIQA-004,Lafite,test,004-3.png
AIGCIQA2023,aigciqa2023_Lafite_1486,AIGCIQA-071,Lafite,val,071-3.png
AIGCIQA2023,aigciqa2023_Lafite_1325,AIGCIQA-031,Lafite,test,031-2.png
AIGCIQA2023,aigciqa2023_Lafite_1379,AIGCIQA-044,Lafite,train,044-4.png
AIGCIQA2023,aigciqa2023_Lafite_1309,AIGCIQA-027,Lafite,val,027-2.png
AIGCIQA2023,aigciqa2023_Lafite_1523,AIGCIQA-080,Lafite,train,080-4.png
AIGCIQA2023,aigciqa2023_Lafite_1322,AIGCIQA-030,Lafite,train,030-3.png
AIGCIQA2023,aigciqa2023_Lafite_1514,AIGCIQA-078,Lafite,train,078-3.png
AIGCIQA2023,aigciqa2023_Lafite_1501,AIGCIQA-075,Lafite,test,075-2.png
AIGCIQA2023,aigciqa2023_Lafite_1592,AIGCIQA-098,Lafite,train,098-1.png
AIGCIQA2023,aigciqa2023_Lafite_1549,AIGCIQA-087,Lafite,train,087-2.png
AIGCIQA2023,aigciqa2023_Lafite_1277,AIGCIQA-019,Lafite,train,019-2.png
AIGCIQA2023,aigciqa2023_Lafite_1333,AIGCIQA-033,Lafite,train,033-2.png
AIGCIQA2023,aigciqa2023_Lafite_1368,AIGCIQA-042,Lafite,train,042-1.png
AIGCIQA2023,aigciqa2023_Lafite_1560,AIGCIQA-090,Lafite,train,090-1.png
AIGCIQA2023,aigciqa2023_Lafite_1357,AIGCIQA-039,Lafite,train,039-2.png
AIGCIQA2023,aigciqa2023_Lafite_1256,AIGCIQA-014,Lafite,test,014-1.png
AIGCIQA2023,aigciqa2023_Lafite_1542,AIGCIQA-085,Lafite,train,085-3.png
AIGCIQA2023,aigciqa2023_Lafite_1507,AIGCIQA-076,Lafite,train,076-4.png
AIGCIQA2023,aigciqa2023_Lafite_1227,AIGCIQA-006,Lafite,train,006-4.png
AIGCIQA2023,aigciqa2023_Lafite_1513,AIGCIQA-078,Lafite,train,078-2.png
AIGCIQA2023,aigciqa2023_Lafite_1515,AIGCIQA-078,Lafite,train,078-4.png
AIGCIQA2023,aigciqa2023_Lafite_1292,AIGCIQA-023,Lafite,train,023-1.png
AIGCIQA2023,aigciqa2023_Lafite_1314,AIGCIQA-028,Lafite,test,028-3.png
AIGCIQA2023,aigciqa2023_Lafite_1568,AIGCIQA-092,Lafite,train,092-1.png
AIGCIQA2023,aigciqa2023_Lafite_1461,AIGCIQA-065,Lafite,train,065-2.png
AIGCIQA2023,aigciqa2023_Lafite_1229,AIGCIQA-007,Lafite,train,007-2.png
AIGCIQA2023,aigciqa2023_Lafite_1495,AIGCIQA-073,Lafite,train,073-4.png
AIGCIQA2023,aigciqa2023_Lafite_1307,AIGCIQA-026,Lafite,train,026-4.png
AIGCIQA2023,aigciqa2023_Lafite_1457,AIGCIQA-064,Lafite,val,064-2.png
AIGCIQA2023,aigciqa2023_Lafite_1213,AIGCIQA-003,Lafite,test,003-2.png
AIGCIQA2023,aigciqa2023_Lafite_1522,AIGCIQA-080,Lafite,train,080-3.png
AIGCIQA2023,aigciqa2023_Lafite_1506,AIGCIQA-076,Lafite,train,076-3.png
AIGCIQA2023,aigciqa2023_Lafite_1556,AIGCIQA-089,Lafite,val,089-1.png
AIGCIQA2023,aigciqa2023_Lafite_1282,AIGCIQA-020,Lafite,train,020-3.png
AIGCIQA2023,aigciqa2023_Lafite_1418,AIGCIQA-054,Lafite,test,054-3.png
AIGCIQA2023,aigciqa2023_Lafite_1260,AIGCIQA-015,Lafite,train,015-1.png
AIGCIQA2023,aigciqa2023_Lafite_1570,AIGCIQA-092,Lafite,train,092-3.png
AIGCIQA2023,aigciqa2023_Lafite_1203,AIGCIQA-000,Lafite,val,000-4.png
AIGCIQA2023,aigciqa2023_Lafite_1406,AIGCIQA-051,Lafite,train,051-3.png
AIGCIQA2023,aigciqa2023_Lafite_1206,AIGCIQA-001,Lafite,train,001-3.png
AIGCIQA2023,aigciqa2023_Lafite_1484,AIGCIQA-071,Lafite,val,071-1.png
AIGCIQA2023,aigciqa2023_Lafite_1228,AIGCIQA-007,Lafite,train,007-1.png
AIGCIQA2023,aigciqa2023_Lafite_1244,AIGCIQA-011,Lafite,test,011-1.png
AIGCIQA2023,aigciqa2023_Lafite_1264,AIGCIQA-016,Lafite,train,016-1.png
AIGCIQA2023,aigciqa2023_Lafite_1338,AIGCIQA-034,Lafite,train,034-3.png
AIGCIQA2023,aigciqa2023_Lafite_1233,AIGCIQA-008,Lafite,train,008-2.png
AIGCIQA2023,aigciqa2023_Lafite_1422,AIGCIQA-055,Lafite,train,055-3.png
AIGCIQA2023,aigciqa2023_Lafite_1444,AIGCIQA-061,Lafite,train,061-1.png
AIGCIQA2023,aigciqa2023_Lafite_1200,AIGCIQA-000,Lafite,val,000-1.png
AIGCIQA2023,aigciqa2023_Lafite_1574,AIGCIQA-093,Lafite,val,093-3.png
AIGCIQA2023,aigciqa2023_Lafite_1582,AIGCIQA-095,Lafite,val,095-3.png
AIGCIQA2023,aigciqa2023_Lafite_1583,AIGCIQA-095,Lafite,val,095-4.png
AIGCIQA2023,aigciqa2023_Lafite_1519,AIGCIQA-079,Lafite,train,079-4.png
AIGCIQA2023,aigciqa2023_Lafite_1516,AIGCIQA-079,Lafite,train,079-1.png
AIGCIQA2023,aigciqa2023_Lafite_1475,AIGCIQA-068,Lafite,train,068-4.png
AIGCIQA2023,aigciqa2023_Lafite_1463,AIGCIQA-065,Lafite,train,065-4.png
AIGCIQA2023,aigciqa2023_Lafite_1566,AIGCIQA-091,Lafite,train,091-3.png
AIGCIQA2023,aigciqa2023_Lafite_1350,AIGCIQA-037,Lafite,train,037-3.png
AIGCIQA2023,aigciqa2023_Lafite_1253,AIGCIQA-013,Lafite,test,013-2.png
AIGCIQA2023,aigciqa2023_Lafite_1341,AIGCIQA-035,Lafite,test,035-2.png
AIGCIQA2023,aigciqa2023_Lafite_1564,AIGCIQA-091,Lafite,train,091-1.png
AIGCIQA2023,aigciqa2023_Lafite_1466,AIGCIQA-066,Lafite,train,066-3.png
AIGCIQA2023,aigciqa2023_Lafite_1532,AIGCIQA-083,Lafite,train,083-1.png
AIGCIQA2023,aigciqa2023_Lafite_1252,AIGCIQA-013,Lafite,test,013-1.png
AIGCIQA2023,aigciqa2023_Lafite_1344,AIGCIQA-036,Lafite,train,036-1.png
AIGCIQA2023,aigciqa2023_Lafite_1449,AIGCIQA-062,Lafite,train,062-2.png
AIGCIQA2023,aigciqa2023_Lafite_1505,AIGCIQA-076,Lafite,train,076-2.png
AIGCIQA2023,aigciqa2023_Lafite_1262,AIGCIQA-015,Lafite,train,015-3.png
AIGCIQA2023,aigciqa2023_Lafite_1285,AIGCIQA-021,Lafite,train,021-2.png
AIGCIQA2023,aigciqa2023_Lafite_1401,AIGCIQA-050,Lafite,train,050-2.png
AIGCIQA2023,aigciqa2023_Lafite_1555,AIGCIQA-088,Lafite,val,088-4.png
AIGCIQA2023,aigciqa2023_Lafite_1205,AIGCIQA-001,Lafite,train,001-2.png
AIGCIQA2023,aigciqa2023_Lafite_1352,AIGCIQA-038,Lafite,train,038-1.png
AIGCIQA2023,aigciqa2023_Lafite_1363,AIGCIQA-040,Lafite,train,040-4.png
AIGCIQA2023,aigciqa2023_Lafite_1364,AIGCIQA-041,Lafite,train,041-1.png
AIGCIQA2023,aigciqa2023_Lafite_1569,AIGCIQA-092,Lafite,train,092-2.png
AIGCIQA2023,aigciqa2023_Lafite_1369,AIGCIQA-042,Lafite,train,042-2.png
AIGCIQA2023,aigciqa2023_Lafite_1585,AIGCIQA-096,Lafite,train,096-2.png
AIGCIQA2023,aigciqa2023_Lafite_1316,AIGCIQA-029,Lafite,val,029-1.png
AIGCIQA2023,aigciqa2023_Lafite_1410,AIGCIQA-052,Lafite,train,052-3.png
AIGCIQA2023,aigciqa2023_Lafite_1577,AIGCIQA-094,Lafite,test,094-2.png
AIGCIQA2023,aigciqa2023_Lafite_1231,AIGCIQA-007,Lafite,train,007-4.png
AIGCIQA2023,aigciqa2023_Lafite_1248,AIGCIQA-012,Lafite,train,012-1.png
AIGCIQA2023,aigciqa2023_Lafite_1540,AIGCIQA-085,Lafite,train,085-1.png
AIGCIQA2023,aigciqa2023_Lafite_1572,AIGCIQA-093,Lafite,val,093-1.png
AIGCIQA2023,aigciqa2023_Lafite_1215,AIGCIQA-003,Lafite,test,003-4.png
AIGCIQA2023,aigciqa2023_Lafite_1291,AIGCIQA-022,Lafite,train,022-4.png
AIGCIQA2023,aigciqa2023_Lafite_1365,AIGCIQA-041,Lafite,train,041-2.png
AIGCIQA2023,aigciqa2023_Lafite_1430,AIGCIQA-057,Lafite,val,057-3.png
AIGCIQA2023,aigciqa2023_Lafite_1543,AIGCIQA-085,Lafite,train,085-4.png
AIGCIQA2023,aigciqa2023_Lafite_1294,AIGCIQA-023,Lafite,train,023-3.png
AIGCIQA2023,aigciqa2023_Lafite_1375,AIGCIQA-043,Lafite,train,043-4.png
AIGCIQA2023,aigciqa2023_Lafite_1451,AIGCIQA-062,Lafite,train,062-4.png
AIGCIQA2023,aigciqa2023_Lafite_1576,AIGCIQA-094,Lafite,test,094-1.png
AIGCIQA2023,aigciqa2023_Lafite_1385,AIGCIQA-046,Lafite,train,046-2.png
AIGCIQA2023,aigciqa2023_Lafite_1473,AIGCIQA-068,Lafite,train,068-2.png
AIGCIQA2023,aigciqa2023_Lafite_1458,AIGCIQA-064,Lafite,val,064-3.png
AIGCIQA2023,aigciqa2023_Lafite_1427,AIGCIQA-056,Lafite,train,056-4.png
AIGCIQA2023,aigciqa2023_Lafite_1311,AIGCIQA-027,Lafite,val,027-4.png
AIGCIQA2023,aigciqa2023_Lafite_1469,AIGCIQA-067,Lafite,train,067-2.png
AIGCIQA2023,aigciqa2023_Lafite_1216,AIGCIQA-004,Lafite,test,004-1.png
AIGCIQA2023,aigciqa2023_Lafite_1343,AIGCIQA-035,Lafite,test,035-4.png
AIGCIQA2023,aigciqa2023_Lafite_1408,AIGCIQA-052,Lafite,train,052-1.png
AIGCIQA2023,aigciqa2023_Lafite_1450,AIGCIQA-062,Lafite,train,062-3.png
AIGCIQA2023,aigciqa2023_Lafite_1250,AIGCIQA-012,Lafite,train,012-3.png
AIGCIQA2023,aigciqa2023_Lafite_1545,AIGCIQA-086,Lafite,test,086-2.png
AIGCIQA2023,aigciqa2023_Lafite_1279,AIGCIQA-019,Lafite,train,019-4.png
AIGCIQA2023,aigciqa2023_Lafite_1414,AIGCIQA-053,Lafite,val,053-3.png
AIGCIQA2023,aigciqa2023_Lafite_1389,AIGCIQA-047,Lafite,train,047-2.png
AIGCIQA2023,aigciqa2023_Lafite_1497,AIGCIQA-074,Lafite,train,074-2.png
AIGCIQA2023,aigciqa2023_Lafite_1398,AIGCIQA-049,Lafite,train,049-3.png
AIGCIQA2023,aigciqa2023_Lafite_1269,AIGCIQA-017,Lafite,test,017-2.png
AIGCIQA2023,aigciqa2023_Lafite_1320,AIGCIQA-030,Lafite,train,030-1.png
AIGCIQA2023,aigciqa2023_Lafite_1538,AIGCIQA-084,Lafite,val,084-3.png
AIGCIQA2023,aigciqa2023_Lafite_1481,AIGCIQA-070,Lafite,train,070-2.png
AIGCIQA2023,aigciqa2023_Lafite_1452,AIGCIQA-063,Lafite,train,063-1.png
AIGCIQA2023,aigciqa2023_Lafite_1355,AIGCIQA-038,Lafite,train,038-4.png
AIGCIQA2023,aigciqa2023_Lafite_1219,AIGCIQA-004,Lafite,test,004-4.png
AIGCIQA2023,aigciqa2023_Lafite_1223,AIGCIQA-005,Lafite,train,005-4.png
AIGCIQA2023,aigciqa2023_Lafite_1271,AIGCIQA-017,Lafite,test,017-4.png
AIGCIQA2023,aigciqa2023_Lafite_1259,AIGCIQA-014,Lafite,test,014-4.png
AIGCIQA2023,aigciqa2023_Lafite_1409,AIGCIQA-052,Lafite,train,052-2.png
AIGCIQA2023,aigciqa2023_Lafite_1573,AIGCIQA-093,Lafite,val,093-2.png
AIGCIQA2023,aigciqa2023_Lafite_1437,AIGCIQA-059,Lafite,train,059-2.png
AIGCIQA2023,aigciqa2023_Lafite_1232,AIGCIQA-008,Lafite,train,008-1.png
AIGCIQA2023,aigciqa2023_Lafite_1313,AIGCIQA-028,Lafite,test,028-2.png
AIGCIQA2023,aigciqa2023_Lafite_1594,AIGCIQA-098,Lafite,train,098-3.png
AIGCIQA2023,aigciqa2023_Lafite_1487,AIGCIQA-071,Lafite,val,071-4.png
AIGCIQA2023,aigciqa2023_Lafite_1212,AIGCIQA-003,Lafite,test,003-1.png
AIGCIQA2023,aigciqa2023_Lafite_1441,AIGCIQA-060,Lafite,train,060-2.png
AIGCIQA2023,aigciqa2023_Lafite_1319,AIGCIQA-029,Lafite,val,029-4.png
AIGCIQA2023,aigciqa2023_Lafite_1255,AIGCIQA-013,Lafite,test,013-4.png
AIGCIQA2023,aigciqa2023_Lafite_1390,AIGCIQA-047,Lafite,train,047-3.png
AIGCIQA2023,aigciqa2023_Lafite_1567,AIGCIQA-091,Lafite,train,091-4.png
AIGCIQA2023,aigciqa2023_Lafite_1334,AIGCIQA-033,Lafite,train,033-3.png
AIGCIQA2023,aigciqa2023_Lafite_1388,AIGCIQA-047,Lafite,train,047-1.png
AIGCIQA2023,aigciqa2023_Lafite_1432,AIGCIQA-058,Lafite,train,058-1.png
AIGCIQA2023,aigciqa2023_Lafite_1263,AIGCIQA-015,Lafite,train,015-4.png
AIGCIQA2023,aigciqa2023_Lafite_1474,AIGCIQA-068,Lafite,train,068-3.png
AIGCIQA2023,aigciqa2023_Lafite_1335,AIGCIQA-033,Lafite,train,033-4.png
AIGCIQA2023,aigciqa2023_Lafite_1207,AIGCIQA-001,Lafite,train,001-4.png
AIGCIQA2023,aigciqa2023_Lafite_1562,AIGCIQA-090,Lafite,train,090-3.png
AIGCIQA2023,aigciqa2023_Lafite_1528,AIGCIQA-082,Lafite,train,082-1.png
AIGCIQA2023,aigciqa2023_Lafite_1520,AIGCIQA-080,Lafite,train,080-1.png
AIGCIQA2023,aigciqa2023_Lafite_1485,AIGCIQA-071,Lafite,val,071-2.png
AIGCIQA2023,aigciqa2023_Lafite_1403,AIGCIQA-050,Lafite,train,050-4.png
AIGCIQA2023,aigciqa2023_Lafite_1315,AIGCIQA-028,Lafite,test,028-4.png
AIGCIQA2023,aigciqa2023_Lafite_1272,AIGCIQA-018,Lafite,train,018-1.png
AIGCIQA2023,aigciqa2023_Lafite_1238,AIGCIQA-009,Lafite,train,009-3.png
AIGCIQA2023,aigciqa2023_Lafite_1439,AIGCIQA-059,Lafite,train,059-4.png
AIGCIQA2023,aigciqa2023_Lafite_1258,AIGCIQA-014,Lafite,test,014-3.png
AIGCIQA2023,aigciqa2023_Lafite_1373,AIGCIQA-043,Lafite,train,043-2.png
AIGCIQA2023,aigciqa2023_Lafite_1578,AIGCIQA-094,Lafite,test,094-3.png
AIGCIQA2023,aigciqa2023_Lafite_1446,AIGCIQA-061,Lafite,train,061-3.png
AIGCIQA2023,aigciqa2023_Lafite_1331,AIGCIQA-032,Lafite,train,032-4.png
AIGCIQA2023,aigciqa2023_Lafite_1284,AIGCIQA-021,Lafite,train,021-1.png
AIGCIQA2023,aigciqa2023_Lafite_1339,AIGCIQA-034,Lafite,train,034-4.png
AIGCIQA2023,aigciqa2023_Lafite_1456,AIGCIQA-064,Lafite,val,064-1.png
AIGCIQA2023,aigciqa2023_Lafite_1471,AIGCIQA-067,Lafite,train,067-4.png
AIGCIQA2023,aigciqa2023_Lafite_1387,AIGCIQA-046,Lafite,train,046-4.png
AIGCIQA2023,aigciqa2023_Lafite_1476,AIGCIQA-069,Lafite,test,069-1.png
AIGCIQA2023,aigciqa2023_Lafite_1529,AIGCIQA-082,Lafite,train,082-2.png
AIGCIQA2023,aigciqa2023_Lafite_1302,AIGCIQA-025,Lafite,val,025-3.png
AIGCIQA2023,aigciqa2023_Lafite_1289,AIGCIQA-022,Lafite,train,022-2.png
AIGCIQA2023,aigciqa2023_Lafite_1412,AIGCIQA-053,Lafite,val,053-1.png
AIGCIQA2023,aigciqa2023_Lafite_1367,AIGCIQA-041,Lafite,train,041-4.png
AIGCIQA2023,aigciqa2023_Lafite_1561,AIGCIQA-090,Lafite,train,090-2.png
AIGCIQA2023,aigciqa2023_Lafite_1246,AIGCIQA-011,Lafite,test,011-3.png
AIGCIQA2023,aigciqa2023_Lafite_1267,AIGCIQA-016,Lafite,train,016-4.png
AIGCIQA2023,aigciqa2023_Lafite_1386,AIGCIQA-046,Lafite,train,046-3.png
AIGCIQA2023,aigciqa2023_Lafite_1496,AIGCIQA-074,Lafite,train,074-1.png
AIGCIQA2023,aigciqa2023_Lafite_1217,AIGCIQA-004,Lafite,test,004-2.png
AIGCIQA2023,aigciqa2023_Lafite_1425,AIGCIQA-056,Lafite,train,056-2.png
AIGCIQA2023,aigciqa2023_Lafite_1358,AIGCIQA-039,Lafite,train,039-3.png
AIGCIQA2023,aigciqa2023_Lafite_1220,AIGCIQA-005,Lafite,train,005-1.png
AIGCIQA2023,aigciqa2023_Lafite_1530,AIGCIQA-082,Lafite,train,082-3.png
AIGCIQA2023,aigciqa2023_Lafite_1539,AIGCIQA-084,Lafite,val,084-4.png
AIGCIQA2023,aigciqa2023_Lafite_1249,AIGCIQA-012,Lafite,train,012-2.png
AIGCIQA2023,aigciqa2023_Lafite_1521,AIGCIQA-080,Lafite,train,080-2.png
AIGCIQA2023,aigciqa2023_Lafite_1270,AIGCIQA-017,Lafite,test,017-3.png
AIGCIQA2023,aigciqa2023_Lafite_1559,AIGCIQA-089,Lafite,val,089-4.png
AIGCIQA2023,aigciqa2023_Lafite_1575,AIGCIQA-093,Lafite,val,093-4.png
AIGCIQA2023,aigciqa2023_Lafite_1517,AIGCIQA-079,Lafite,train,079-2.png
AIGCIQA2023,aigciqa2023_Lafite_1297,AIGCIQA-024,Lafite,train,024-2.png
AIGCIQA2023,aigciqa2023_Lafite_1525,AIGCIQA-081,Lafite,test,081-2.png
AIGCIQA2023,aigciqa2023_Lafite_1312,AIGCIQA-028,Lafite,test,028-1.png
AIGCIQA2023,aigciqa2023_Lafite_1380,AIGCIQA-045,Lafite,train,045-1.png
AIGCIQA2023,aigciqa2023_Lafite_1552,AIGCIQA-088,Lafite,val,088-1.png
AIGCIQA2023,aigciqa2023_Lafite_1317,AIGCIQA-029,Lafite,val,029-2.png
AIGCIQA2023,aigciqa2023_Lafite_1346,AIGCIQA-036,Lafite,train,036-3.png
AIGCIQA2023,aigciqa2023_Lafite_1599,AIGCIQA-099,Lafite,train,099-4.png
AIGCIQA2023,aigciqa2023_Lafite_1510,AIGCIQA-077,Lafite,val,077-3.png
AIGCIQA2023,aigciqa2023_Lafite_1225,AIGCIQA-006,Lafite,train,006-2.png
AIGCIQA2023,aigciqa2023_Lafite_1551,AIGCIQA-087,Lafite,train,087-4.png
AIGCIQA2023,aigciqa2023_Lafite_1489,AIGCIQA-072,Lafite,train,072-2.png
AIGCIQA2023,aigciqa2023_Lafite_1589,AIGCIQA-097,Lafite,val,097-2.png
AIGCIQA2023,aigciqa2023_Lafite_1340,AIGCIQA-035,Lafite,test,035-1.png
AIGCIQA2023,aigciqa2023_Lafite_1402,AIGCIQA-050,Lafite,train,050-3.png
AIGCIQA2023,aigciqa2023_Lafite_1537,AIGCIQA-084,Lafite,val,084-2.png
AIGCIQA2023,aigciqa2023_Lafite_1211,AIGCIQA-002,Lafite,train,002-4.png
AIGCIQA2023,aigciqa2023_Lafite_1563,AIGCIQA-090,Lafite,train,090-4.png
AIGCIQA2023,aigciqa2023_Lafite_1558,AIGCIQA-089,Lafite,val,089-3.png
AIGCIQA2023,aigciqa2023_Lafite_1351,AIGCIQA-037,Lafite,train,037-4.png
AIGCIQA2023,aigciqa2023_Lafite_1494,AIGCIQA-073,Lafite,train,073-3.png
AIGCIQA2023,aigciqa2023_Lafite_1383,AIGCIQA-045,Lafite,train,045-4.png
AIGCIQA2023,aigciqa2023_Lafite_1492,AIGCIQA-073,Lafite,train,073-1.png
AIGCIQA2023,aigciqa2023_Lafite_1395,AIGCIQA-048,Lafite,train,048-4.png
AIGCIQA2023,aigciqa2023_Lafite_1321,AIGCIQA-030,Lafite,train,030-2.png
AIGCIQA2023,aigciqa2023_Lafite_1254,AIGCIQA-013,Lafite,test,013-3.png
AIGCIQA2023,aigciqa2023_Lafite_1447,AIGCIQA-061,Lafite,train,061-4.png
AIGCIQA2023,aigciqa2023_Lafite_1396,AIGCIQA-049,Lafite,train,049-1.png
AIGCIQA2023,aigciqa2023_Lafite_1301,AIGCIQA-025,Lafite,val,025-2.png
AIGCIQA2023,aigciqa2023_Lafite_1354,AIGCIQA-038,Lafite,train,038-3.png
AIGCIQA2023,aigciqa2023_Lafite_1433,AIGCIQA-058,Lafite,train,058-2.png
AIGCIQA2023,aigciqa2023_Lafite_1328,AIGCIQA-032,Lafite,train,032-1.png
AIGCIQA2023,aigciqa2023_Lafite_1553,AIGCIQA-088,Lafite,val,088-2.png
AIGCIQA2023,aigciqa2023_Lafite_1417,AIGCIQA-054,Lafite,test,054-2.png
AIGCIQA2023,aigciqa2023_Lafite_1527,AIGCIQA-081,Lafite,test,081-4.png
AIGCIQA2023,aigciqa2023_Lafite_1353,AIGCIQA-038,Lafite,train,038-2.png
AIGCIQA2023,aigciqa2023_Lafite_1500,AIGCIQA-075,Lafite,test,075-1.png
AIGCIQA2023,aigciqa2023_Lafite_1376,AIGCIQA-044,Lafite,train,044-1.png
AIGCIQA2023,aigciqa2023_Lafite_1426,AIGCIQA-056,Lafite,train,056-3.png
AIGCIQA2023,aigciqa2023_Lafite_1237,AIGCIQA-009,Lafite,train,009-2.png
AIGCIQA2023,aigciqa2023_Lafite_1280,AIGCIQA-020,Lafite,train,020-1.png
AIGCIQA2023,aigciqa2023_Lafite_1479,AIGCIQA-069,Lafite,test,069-4.png
AIGCIQA2023,aigciqa2023_Lafite_1546,AIGCIQA-086,Lafite,test,086-3.png
AIGCIQA2023,aigciqa2023_Lafite_1347,AIGCIQA-036,Lafite,train,036-4.png
AIGCIQA2023,aigciqa2023_Lafite_1438,AIGCIQA-059,Lafite,train,059-3.png
AIGCIQA2023,aigciqa2023_Lafite_1204,AIGCIQA-001,Lafite,train,001-1.png
AIGCIQA2023,aigciqa2023_Lafite_1541,AIGCIQA-085,Lafite,train,085-2.png
AIGCIQA2023,aigciqa2023_Lafite_1593,AIGCIQA-098,Lafite,train,098-2.png
AIGCIQA2023,aigciqa2023_Lafite_1435,AIGCIQA-058,Lafite,train,058-4.png
AIGCIQA2023,aigciqa2023_Lafite_1330,AIGCIQA-032,Lafite,train,032-3.png
AIGCIQA2023,aigciqa2023_Lafite_1526,AIGCIQA-081,Lafite,test,081-3.png
AIGCIQA2023,aigciqa2023_Lafite_1436,AIGCIQA-059,Lafite,train,059-1.png
AIGCIQA2023,aigciqa2023_Lafite_1318,AIGCIQA-029,Lafite,val,029-3.png
AIGCIQA2023,aigciqa2023_Lafite_1273,AIGCIQA-018,Lafite,train,018-2.png
AIGCIQA2023,aigciqa2023_Lafite_1498,AIGCIQA-074,Lafite,train,074-3.png
AIGCIQA2023,aigciqa2023_Lafite_1454,AIGCIQA-063,Lafite,train,063-3.png
AIGCIQA2023,aigciqa2023_Unidiffuser_2266,AIGCIQA-066,Unidiffuser,train,066-3.png
AIGCIQA2023,aigciqa2023_Unidiffuser_2116,AIGCIQA-029,Unidiffuser,val,029-1.png
AIGCIQA2023,aigciqa2023_Unidiffuser_2142,AIGCIQA-035,Unidiffuser,test,035-3.png
AIGCIQA2023,aigciqa2023_Unidiffuser_2250,AIGCIQA-062,Unidiffuser,train,062-3.png
AIGCIQA2023,aigciqa2023_Unidiffuser_2276,AIGCIQA-069,Unidiffuser,test,069-1.png
AIGCIQA2023,aigciqa2023_Unidiffuser_2127,AIGCIQA-031,Unidiffuser,test,031-4.png
AIGCIQA2023,aigciqa2023_Unidiffuser_2119,AIGCIQA-029,Unidiffuser,val,029-4.png
AIGCIQA2023,aigciqa2023_Unidiffuser_2007,AIGCIQA-001,Unidiffuser,train,001-4.png
AIGCIQA2023,aigciqa2023_Unidiffuser_2183,AIGCIQA-045,Unidiffuser,train,045-4.png
AIGCIQA2023,aigciqa2023_Unidiffuser_2391,AIGCIQA-097,Unidiffuser,val,097-4.png
AIGCIQA2023,aigciqa2023_Unidiffuser_2151,AIGCIQA-037,Unidiffuser,train,037-4.png
AIGCIQA2023,aigciqa2023_Unidiffuser_2282,AIGCIQA-070,Unidiffuser,train,070-3.png
AIGCIQA2023,aigciqa2023_Unidiffuser_2044,AIGCIQA-011,Unidiffuser,test,011-1.png
AIGCIQA2023,aigciqa2023_Unidiffuser_2104,AIGCIQA-026,Unidiffuser,train,026-1.png
AIGCIQA2023,aigciqa2023_Unidiffuser_2317,AIGCIQA-079,Unidiffuser,train,079-2.png
AIGCIQA2023,aigciqa2023_Unidiffuser_2103,AIGCIQA-025,Unidiffuser,val,025-4.png
AIGCIQA2023,aigciqa2023_Unidiffuser_2365,AIGCIQA-091,Unidiffuser,train,091-2.png
AIGCIQA2023,aigciqa2023_Unidiffuser_2192,AIGCIQA-048,Unidiffuser,train,048-1.png
AIGCIQA2023,aigciqa2023_Unidiffuser_2191,AIGCIQA-047,Unidiffuser,train,047-4.png
AIGCIQA2023,aigciqa2023_Unidiffuser_2368,AIGCIQA-092,Unidiffuser,train,092-1.png
AIGCIQA2023,aigciqa2023_Unidiffuser_2337,AIGCIQA-084,Unidiffuser,val,084-2.png
AIGCIQA2023,aigciqa2023_Unidiffuser_2055,AIGCIQA-013,Unidiffuser,test,013-4.png
AIGCIQA2023,aigciqa2023_Unidiffuser_2303,AIGCIQA-075,Unidiffuser,test,075-4.png
AIGCIQA2023,aigciqa2023_Unidiffuser_2233,AIGCIQA-058,Unidiffuser,train,058-2.png
AIGCIQA2023,aigciqa2023_Unidiffuser_2318,AIGCIQA-079,Unidiffuser,train,079-3.png
AIGCIQA2023,aigciqa2023_Unidiffuser_2249,AIGCIQA-062,Unidiffuser,train,062-2.png
AIGCIQA2023,aigciqa2023_Unidiffuser_2227,AIGCIQA-056,Unidiffuser,train,056-4.png
AIGCIQA2023,aigciqa2023_Unidiffuser_2076,AIGCIQA-019,Unidiffuser,train,019-1.png
AIGCIQA2023,aigciqa2023_Unidiffuser_2278,AIGCIQA-069,Unidiffuser,test,069-3.png
AIGCIQA2023,aigciqa2023_Unidiffuser_2392,AIGCIQA-098,Unidiffuser,train,098-1.png
AIGCIQA2023,aigciqa2023_Unidiffuser_2264,AIGCIQA-066,Unidiffuser,train,066-1.png
AIGCIQA2023,aigciqa2023_Unidiffuser_2216,AIGCIQA-054,Unidiffuser,test,054-1.png
AIGCIQA2023,aigciqa2023_Unidiffuser_2187,AIGCIQA-046,Unidiffuser,train,046-4.png
AIGCIQA2023,aigciqa2023_Unidiffuser_2182,AIGCIQA-045,Unidiffuser,train,045-3.png
AIGCIQA2023,aigciqa2023_Unidiffuser_2163,AIGCIQA-040,Unidiffuser,train,040-4.png
AIGCIQA2023,aigciqa2023_Unidiffuser_2265,AIGCIQA-066,Unidiffuser,train,066-2.png
AIGCIQA2023,aigciqa2023_Unidiffuser_2306,AIGCIQA-076,Unidiffuser,train,076-3.png
AIGCIQA2023,aigciqa2023_Unidiffuser_2082,AIGCIQA-020,Unidiffuser,train,020-3.png
AIGCIQA2023,aigciqa2023_Unidiffuser_2251,AIGCIQA-062,Unidiffuser,train,062-4.png
AIGCIQA2023,aigciqa2023_Unidiffuser_2139,AIGCIQA-034,Unidiffuser,train,034-4.png
AIGCIQA2023,aigciqa2023_Unidiffuser_2336,AIGCIQA-084,Unidiffuser,val,084-1.png
AIGCIQA2023,aigciqa2023_Unidiffuser_2022,AIGCIQA-005,Unidiffuser,train,005-3.png
AIGCIQA2023,aigciqa2023_Unidiffuser_2125,AIGCIQA-031,Unidiffuser,test,031-2.png
AIGCIQA2023,aigciqa2023_Unidiffuser_2016,AIGCIQA-004,Unidiffuser,test,004-1.png
AIGCIQA2023,aigciqa2023_Unidiffuser_2098,AIGCIQA-024,Unidiffuser,train,024-3.png
AIGCIQA2023,aigciqa2023_Unidiffuser_2122,AIGCIQA-030,Unidiffuser,train,030-3.png
AIGCIQA2023,aigciqa2023_Unidiffuser_2388,AIGCIQA-097,Unidiffuser,val,097-1.png
AIGCIQA2023,aigciqa2023_Unidiffuser_2073,AIGCIQA-018,Unidiffuser,train,018-2.png
AIGCIQA2023,aigciqa2023_Unidiffuser_2145,AIGCIQA-036,Unidiffuser,train,036-2.png
AIGCIQA2023,aigciqa2023_Unidiffuser_2024,AIGCIQA-006,Unidiffuser,train,006-1.png
AIGCIQA2023,aigciqa2023_Unidiffuser_2001,AIGCIQA-000,Unidiffuser,val,000-2.png
AIGCIQA2023,aigciqa2023_Unidiffuser_2150,AIGCIQA-037,Unidiffuser,train,037-3.png
AIGCIQA2023,aigciqa2023_Unidiffuser_2329,AIGCIQA-082,Unidiffuser,train,082-2.png
AIGCIQA2023,aigciqa2023_Unidiffuser_2390,AIGCIQA-097,Unidiffuser,val,097-3.png
AIGCIQA2023,aigciqa2023_Unidiffuser_2313,AIGCIQA-078,Unidiffuser,train,078-2.png
AIGCIQA2023,aigciqa2023_Unidiffuser_2310,AIGCIQA-077,Unidiffuser,val,077-3.png
AIGCIQA2023,aigciqa2023_Unidiffuser_2315,AIGCIQA-078,Unidiffuser,train,078-4.png
AIGCIQA2023,aigciqa2023_Unidiffuser_2211,AIGCIQA-052,Unidiffuser,train,052-4.png
AIGCIQA2023,aigciqa2023_Unidiffuser_2195,AIGCIQA-048,Unidiffuser,train,048-4.png
AIGCIQA2023,aigciqa2023_Unidiffuser_2320,AIGCIQA-080,Unidiffuser,train,080-1.png
AIGCIQA2023,aigciqa2023_Unidiffuser_2005,AIGCIQA-001,Unidiffuser,train,001-2.png
AIGCIQA2023,aigciqa2023_Unidiffuser_2062,AIGCIQA-015,Unidiffuser,train,015-3.png
AIGCIQA2023,aigciqa2023_Unidiffuser_2389,AIGCIQA-097,Unidiffuser,val,097-2.png
AIGCIQA2023,aigciqa2023_Unidiffuser_2133,AIGCIQA-033,Unidiffuser,train,033-2.png
AIGCIQA2023,aigciqa2023_Unidiffuser_2080,AIGCIQA-020,Unidiffuser,train,020-1.png
AIGCIQA2023,aigciqa2023_Unidiffuser_2071,AIGCIQA-017,Unidiffuser,test,017-4.png
AIGCIQA2023,aigciqa2023_Unidiffuser_2357,AIGCIQA-089,Unidiffuser,val,089-2.png
AIGCIQA2023,aigciqa2023_Unidiffuser_2102,AIGCIQA-025,Unidiffuser,val,025-3.png
AIGCIQA2023,aigciqa2023_Unidiffuser_2274,AIGCIQA-068,Unidiffuser,train,068-3.png
AIGCIQA2023,aigciqa2023_Unidiffuser_2247,AIGCIQA-061,Unidiffuser,train,061-4.png
AIGCIQA2023,aigciqa2023_Unidiffuser_2110,AIGCIQA-027,Unidiffuser,val,027-3.png
AIGCIQA2023,aigciqa2023_Unidiffuser_2269,AIGCIQA-067,Unidiffuser,train,067-2.png
AIGCIQA2023,aigciqa2023_Unidiffuser_2065,AIGCIQA-016,Unidiffuser,train,016-2.png
AIGCIQA2023,aigciqa2023_Unidiffuser_2375,AIGCIQA-093,Unidiffuser,val,093-4.png
AIGCIQA2023,aigciqa2023_Unidiffuser_2068,AIGCIQA-017,Unidiffuser,test,017-1.png
AIGCIQA2023,aigciqa2023_Unidiffuser_2063,AIGCIQA-015,Unidiffuser,train,015-4.png
AIGCIQA2023,aigciqa2023_Unidiffuser_2395,AIGCIQA-098,Unidiffuser,train,098-4.png
AIGCIQA2023,aigciqa2023_Unidiffuser_2008,AIGCIQA-002,Unidiffuser,train,002-1.png
AIGCIQA2023,aigciqa2023_Unidiffuser_2339,AIGCIQA-084,Unidiffuser,val,084-4.png
AIGCIQA2023,aigciqa2023_Unidiffuser_2311,AIGCIQA-077,Unidiffuser,val,077-4.png
AIGCIQA2023,aigciqa2023_Unidiffuser_2053,AIGCIQA-013,Unidiffuser,test,013-2.png
AIGCIQA2023,aigciqa2023_Unidiffuser_2244,AIGCIQA-061,Unidiffuser,train,061-1.png
AIGCIQA2023,aigciqa2023_Unidiffuser_2193,AIGCIQA-048,Unidiffuser,train,048-2.png
AIGCIQA2023,aigciqa2023_Unidiffuser_2015,AIGCIQA-003,Unidiffuser,test,003-4.png
AIGCIQA2023,aigciqa2023_Unidiffuser_2245,AIGCIQA-061,Unidiffuser,train,061-2.png
AIGCIQA2023,aigciqa2023_Unidiffuser_2147,AIGCIQA-036,Unidiffuser,train,036-4.png
AIGCIQA2023,aigciqa2023_Unidiffuser_2370,AIGCIQA-092,Unidiffuser,train,092-3.png
AIGCIQA2023,aigciqa2023_Unidiffuser_2014,AIGCIQA-003,Unidiffuser,test,003-3.png
AIGCIQA2023,aigciqa2023_Unidiffuser_2204,AIGCIQA-051,Unidiffuser,train,051-1.png
AIGCIQA2023,aigciqa2023_Unidiffuser_2067,AIGCIQA-016,Unidiffuser,train,016-4.png
AIGCIQA2023,aigciqa2023_Unidiffuser_2281,AIGCIQA-070,Unidiffuser,train,070-2.png
AIGCIQA2023,aigciqa2023_Unidiffuser_2070,AIGCIQA-017,Unidiffuser,test,017-3.png
AIGCIQA2023,aigciqa2023_Unidiffuser_2270,AIGCIQA-067,Unidiffuser,train,067-3.png
AIGCIQA2023,aigciqa2023_Unidiffuser_2027,AIGCIQA-006,Unidiffuser,train,006-4.png
AIGCIQA2023,aigciqa2023_Unidiffuser_2221,AIGCIQA-055,Unidiffuser,train,055-2.png
AIGCIQA2023,aigciqa2023_Unidiffuser_2002,AIGCIQA-000,Unidiffuser,val,000-3.png
AIGCIQA2023,aigciqa2023_Unidiffuser_2121,AIGCIQA-030,Unidiffuser,train,030-2.png
AIGCIQA2023,aigciqa2023_Unidiffuser_2000,AIGCIQA-000,Unidiffuser,val,000-1.png
AIGCIQA2023,aigciqa2023_Unidiffuser_2340,AIGCIQA-085,Unidiffuser,train,085-1.png
AIGCIQA2023,aigciqa2023_Unidiffuser_2199,AIGCIQA-049,Unidiffuser,train,049-4.png
AIGCIQA2023,aigciqa2023_Unidiffuser_2174,AIGCIQA-043,Unidiffuser,train,043-3.png
AIGCIQA2023,aigciqa2023_Unidiffuser_2322,AIGCIQA-080,Unidiffuser,train,080-3.png
AIGCIQA2023,aigciqa2023_Unidiffuser_2344,AIGCIQA-086,Unidiffuser,test,086-1.png
AIGCIQA2023,aigciqa2023_Unidiffuser_2109,AIGCIQA-027,Unidiffuser,val,027-2.png
AIGCIQA2023,aigciqa2023_Unidiffuser_2210,AIGCIQA-052,Unidiffuser,train,052-3.png
AIGCIQA2023,aigciqa2023_Unidiffuser_2172,AIGCIQA-043,Unidiffuser,train,043-1.png
AIGCIQA2023,aigciqa2023_Unidiffuser_2307,AIGCIQA-076,Unidiffuser,train,076-4.png
AIGCIQA2023,aigciqa2023_Unidiffuser_2309,AIGCIQA-077,Unidiffuser,val,077-2.png
AIGCIQA2023,aigciqa2023_Unidiffuser_2222,AIGCIQA-055,Unidiffuser,train,055-3.png
AIGCIQA2023,aigciqa2023_Unidiffuser_2017,AIGCIQA-004,Unidiffuser,test,004-2.png
AIGCIQA2023,aigciqa2023_Unidiffuser_2018,AIGCIQA-004,Unidiffuser,test,004-3.png
AIGCIQA2023,aigciqa2023_Unidiffuser_2369,AIGCIQA-092,Unidiffuser,train,092-2.png
AIGCIQA2023,aigciqa2023_Unidiffuser_2373,AIGCIQA-093,Unidiffuser,val,093-2.png
AIGCIQA2023,aigciqa2023_Unidiffuser_2083,AIGCIQA-020,Unidiffuser,train,020-4.png
AIGCIQA2023,aigciqa2023_Unidiffuser_2091,AIGCIQA-022,Unidiffuser,train,022-4.png
AIGCIQA2023,aigciqa2023_Unidiffuser_2153,AIGCIQA-038,Unidiffuser,train,038-2.png
AIGCIQA2023,aigciqa2023_Unidiffuser_2012,AIGCIQA-003,Unidiffuser,test,003-1.png
AIGCIQA2023,aigciqa2023_Unidiffuser_2349,AIGCIQA-087,Unidiffuser,train,087-2.png
AIGCIQA2023,aigciqa2023_Unidiffuser_2397,AIGCIQA-099,Unidiffuser,train,099-2.png
AIGCIQA2023,aigciqa2023_Unidiffuser_2304,AIGCIQA-076,Unidiffuser,train,076-1.png
AIGCIQA2023,aigciqa2023_Unidiffuser_2201,AIGCIQA-050,Unidiffuser,train,050-2.png
AIGCIQA2023,aigciqa2023_Unidiffuser_2364,AIGCIQA-091,Unidiffuser,train,091-1.png
AIGCIQA2023,aigciqa2023_Unidiffuser_2162,AIGCIQA-040,Unidiffuser,train,040-3.png
AIGCIQA2023,aigciqa2023_Unidiffuser_2030,AIGCIQA-007,Unidiffuser,train,007-3.png
AIGCIQA2023,aigciqa2023_Unidiffuser_2047,AIGCIQA-011,Unidiffuser,test,011-4.png
AIGCIQA2023,aigciqa2023_Unidiffuser_2242,AIGCIQA-060,Unidiffuser,train,060-3.png
AIGCIQA2023,aigciqa2023_Unidiffuser_2050,AIGCIQA-012,Unidiffuser,train,012-3.png
AIGCIQA2023,aigciqa2023_Unidiffuser_2367,AIGCIQA-091,Unidiffuser,train,091-4.png
AIGCIQA2023,aigciqa2023_Unidiffuser_2106,AIGCIQA-026,Unidiffuser,train,026-3.png
AIGCIQA2023,aigciqa2023_Unidiffuser_2006,AIGCIQA-001,Unidiffuser,train,001-3.png
AIGCIQA2023,aigciqa2023_Unidiffuser_2238,AIGCIQA-059,Unidiffuser,train,059-3.png
AIGCIQA2023,aigciqa2023_Unidiffuser_2137,AIGCIQA-034,Unidiffuser,train,034-2.png
AIGCIQA2023,aigciqa2023_Unidiffuser_2056,AIGCIQA-014,Unidiffuser,test,014-1.png
AIGCIQA2023,aigciqa2023_Unidiffuser_2214,AIGCIQA-053,Unidiffuser,val,053-3.png
AIGCIQA2023,aigciqa2023_Unidiffuser_2111,AIGCIQA-027,Unidiffuser,val,027-4.png
AIGCIQA2023,aigciqa2023_Unidiffuser_2352,AIGCIQA-088,Unidiffuser,val,088-1.png
AIGCIQA2023,aigciqa2023_Unidiffuser_2328,AIGCIQA-082,Unidiffuser,train,082-1.png
AIGCIQA2023,aigciqa2023_Unidiffuser_2115,AIGCIQA-028,Unidiffuser,test,028-4.png
AIGCIQA2023,aigciqa2023_Unidiffuser_2069,AIGCIQA-017,Unidiffuser,test,017-2.png
AIGCIQA2023,aigciqa2023_Unidiffuser_2184,AIGCIQA-046,Unidiffuser,train,046-1.png
AIGCIQA2023,aigciqa2023_Unidiffuser_2361,AIGCIQA-090,Unidiffuser,train,090-2.png
AIGCIQA2023,aigciqa2023_Unidiffuser_2157,AIGCIQA-039,Unidiffuser,train,039-2.png
AIGCIQA2023,aigciqa2023_Unidiffuser_2280,AIGCIQA-070,Unidiffuser,train,070-1.png
AIGCIQA2023,aigciqa2023_Unidiffuser_2132,AIGCIQA-033,Unidiffuser,train,033-1.png
AIGCIQA2023,aigciqa2023_Unidiffuser_2260,AIGCIQA-065,Unidiffuser,train,065-1.png
AIGCIQA2023,aigciqa2023_Unidiffuser_2141,AIGCIQA-035,Unidiffuser,test,035-2.png
AIGCIQA2023,aigciqa2023_Unidiffuser_2095,AIGCIQA-023,Unidiffuser,train,023-4.png
AIGCIQA2023,aigciqa2023_Unidiffuser_2123,AIGCIQA-030,Unidiffuser,train,030-4.png
AIGCIQA2023,aigciqa2023_Unidiffuser_2013,AIGCIQA-003,Unidiffuser,test,003-2.png
AIGCIQA2023,aigciqa2023_Unidiffuser_2253,AIGCIQA-063,Unidiffuser,train,063-2.png
AIGCIQA2023,aigciqa2023_Unidiffuser_2263,AIGCIQA-065,Unidiffuser,train,065-4.png
AIGCIQA2023,aigciqa2023_Unidiffuser_2051,AIGCIQA-012,Unidiffuser,train,012-4.png
AIGCIQA2023,aigciqa2023_Unidiffuser_2279,AIGCIQA-069,Unidiffuser,test,069-4.png
AIGCIQA2023,aigciqa2023_Unidiffuser_2107,AIGCIQA-026,Unidiffuser,train,026-4.png
AIGCIQA2023,aigciqa2023_Unidiffuser_2135,AIGCIQA-033,Unidiffuser,train,033-4.png
AIGCIQA2023,aigciqa2023_Unidiffuser_2128,AIGCIQA-032,Unidiffuser,train,032-1.png
AIGCIQA2023,aigciqa2023_Unidiffuser_2097,AIGCIQA-024,Unidiffuser,train,024-2.png
AIGCIQA2023,aigciqa2023_Unidiffuser_2295,AIGCIQA-073,Unidiffuser,train,073-4.png
AIGCIQA2023,aigciqa2023_Unidiffuser_2118,AIGCIQA-029,Unidiffuser,val,029-3.png
AIGCIQA2023,aigciqa2023_Unidiffuser_2176,AIGCIQA-044,Unidiffuser,train,044-1.png
AIGCIQA2023,aigciqa2023_Unidiffuser_2374,AIGCIQA-093,Unidiffuser,val,093-3.png
AIGCIQA2023,aigciqa2023_Unidiffuser_2094,AIGCIQA-023,Unidiffuser,train,023-3.png
AIGCIQA2023,aigciqa2023_Unidiffuser_2200,AIGCIQA-050,Unidiffuser,train,050-1.png
AIGCIQA2023,aigciqa2023_Unidiffuser_2331,AIGCIQA-082,Unidiffuser,train,082-4.png
AIGCIQA2023,aigciqa2023_Unidiffuser_2206,AIGCIQA-051,Unidiffuser,train,051-3.png
AIGCIQA2023,aigciqa2023_Unidiffuser_2398,AIGCIQA-099,Unidiffuser,train,099-3.png
AIGCIQA2023,aigciqa2023_Unidiffuser_2136,AIGCIQA-034,Unidiffuser,train,034-1.png
AIGCIQA2023,aigciqa2023_Unidiffuser_2059,AIGCIQA-014,Unidiffuser,test,014-4.png
AIGCIQA2023,aigciqa2023_Unidiffuser_2114,AIGCIQA-028,Unidiffuser,test,028-3.png
AIGCIQA2023,aigciqa2023_Unidiffuser_2396,AIGCIQA-099,Unidiffuser,train,099-1.png
AIGCIQA2023,aigciqa2023_Unidiffuser_2156,AIGCIQA-039,Unidiffuser,train,039-1.png
AIGCIQA2023,aigciqa2023_Unidiffuser_2345,AIGCIQA-086,Unidiffuser,test,086-2.png
AIGCIQA2023,aigciqa2023_Unidiffuser_2060,AIGCIQA-015,Unidiffuser,train,015-1.png
AIGCIQA2023,aigciqa2023_Unidiffuser_2093,AIGCIQA-023,Unidiffuser,train,023-2.png
AIGCIQA2023,aigciqa2023_Unidiffuser_2105,AIGCIQA-026,Unidiffuser,train,026-2.png
AIGCIQA2023,aigciqa2023_Unidiffuser_2011,AIGCIQA-002,Unidiffuser,train,002-4.png
AIGCIQA2023,aigciqa2023_Unidiffuser_2112,AIGCIQA-028,Unidiffuser,test,028-1.png
AIGCIQA2023,aigciqa2023_Unidiffuser_2042,AIGCIQA-010,Unidiffuser,train,010-3.png
AIGCIQA2023,aigciqa2023_Unidiffuser_2159,AIGCIQA-039,Unidiffuser,train,039-4.png
AIGCIQA2023,aigciqa2023_Unidiffuser_2177,AIGCIQA-044,Unidiffuser,train,044-2.png
AIGCIQA2023,aigciqa2023_Unidiffuser_2351,AIGCIQA-087,Unidiffuser,train,087-4.png
AIGCIQA2023,aigciqa2023_Unidiffuser_2041,AIGCIQA-010,Unidiffuser,train,010-2.png
AIGCIQA2023,aigciqa2023_Unidiffuser_2255,AIGCIQA-063,Unidiffuser,train,063-4.png
AIGCIQA2023,aigciqa2023_Unidiffuser_2325,AIGCIQA-081,Unidiffuser,test,081-2.png
AIGCIQA2023,aigciqa2023_Unidiffuser_2298,AIGCIQA-074,Unidiffuser,train,074-3.png
AIGCIQA2023,aigciqa2023_Unidiffuser_2248,AIGCIQA-062,Unidiffuser,train,062-1.png
AIGCIQA2023,aigciqa2023_Unidiffuser_2300,AIGCIQA-075,Unidiffuser,test,075-1.png
AIGCIQA2023,aigciqa2023_Unidiffuser_2343,AIGCIQA-085,Unidiffuser,train,085-4.png
AIGCIQA2023,aigciqa2023_Unidiffuser_2239,AIGCIQA-059,Unidiffuser,train,059-4.png
AIGCIQA2023,aigciqa2023_Unidiffuser_2378,AIGCIQA-094,Unidiffuser,test,094-3.png
AIGCIQA2023,aigciqa2023_Unidiffuser_2215,AIGCIQA-053,Unidiffuser,val,053-4.png
AIGCIQA2023,aigciqa2023_Unidiffuser_2217,AIGCIQA-054,Unidiffuser,test,054-2.png
AIGCIQA2023,aigciqa2023_Unidiffuser_2138,AIGCIQA-034,Unidiffuser,train,034-3.png
AIGCIQA2023,aigciqa2023_Unidiffuser_2129,AIGCIQA-032,Unidiffuser,train,032-2.png
AIGCIQA2023,aigciqa2023_Unidiffuser_2025,AIGCIQA-006,Unidiffuser,train,006-2.png
AIGCIQA2023,aigciqa2023_Unidiffuser_2332,AIGCIQA-083,Unidiffuser,train,083-1.png
AIGCIQA2023,aigciqa2023_Unidiffuser_2297,AIGCIQA-074,Unidiffuser,train,074-2.png
AIGCIQA2023,aigciqa2023_Unidiffuser_2372,AIGCIQA-093,Unidiffuser,val,093-1.png
AIGCIQA2023,aigciqa2023_Unidiffuser_2035,AIGCIQA-008,Unidiffuser,train,008-4.png
AIGCIQA2023,aigciqa2023_Unidiffuser_2057,AIGCIQA-014,Unidiffuser,test,014-2.png
AIGCIQA2023,aigciqa2023_Unidiffuser_2049,AIGCIQA-012,Unidiffuser,train,012-2.png
AIGCIQA2023,aigciqa2023_Unidiffuser_2354,AIGCIQA-088,Unidiffuser,val,088-3.png
AIGCIQA2023,aigciqa2023_Unidiffuser_2290,AIGCIQA-072,Unidiffuser,train,072-3.png
AIGCIQA2023,aigciqa2023_Unidiffuser_2362,AIGCIQA-090,Unidiffuser,train,090-3.png
AIGCIQA2023,aigciqa2023_Unidiffuser_2355,AIGCIQA-088,Unidiffuser,val,088-4.png
AIGCIQA2023,aigciqa2023_Unidiffuser_2292,AIGCIQA-073,Unidiffuser,train,073-1.png
AIGCIQA2023,aigciqa2023_Unidiffuser_2228,AIGCIQA-057,Unidiffuser,val,057-1.png
AIGCIQA2023,aigciqa2023_Unidiffuser_2262,AIGCIQA-065,Unidiffuser,train,065-3.png
AIGCIQA2023,aigciqa2023_Unidiffuser_2004,AIGCIQA-001,Unidiffuser,train,001-1.png
AIGCIQA2023,aigciqa2023_Unidiffuser_2092,AIGCIQA-023,Unidiffuser,train,023-1.png
AIGCIQA2023,aigciqa2023_Unidiffuser_2130,AIGCIQA-032,Unidiffuser,train,032-3.png
AIGCIQA2023,aigciqa2023_Unidiffuser_2108,AIGCIQA-027,Unidiffuser,val,027-1.png
AIGCIQA2023,aigciqa2023_Unidiffuser_2394,AIGCIQA-098,Unidiffuser,train,098-3.png
AIGCIQA2023,aigciqa2023_Unidiffuser_2314,AIGCIQA-078,Unidiffuser,train,078-3.png
AIGCIQA2023,aigciqa2023_Unidiffuser_2023,AIGCIQA-005,Unidiffuser,train,005-4.png
AIGCIQA2023,aigciqa2023_Unidiffuser_2134,AIGCIQA-033,Unidiffuser,train,033-3.png
AIGCIQA2023,aigciqa2023_Unidiffuser_2277,AIGCIQA-069,Unidiffuser,test,069-2.png
AIGCIQA2023,aigciqa2023_Unidiffuser_2189,AIGCIQA-047,Unidiffuser,train,047-2.png
AIGCIQA2023,aigciqa2023_Unidiffuser_2212,AIGCIQA-053,Unidiffuser,val,053-1.png
AIGCIQA2023,aigciqa2023_Unidiffuser_2334,AIGCIQA-083,Unidiffuser,train,083-3.png
AIGCIQA2023,aigciqa2023_Unidiffuser_2291,AIGCIQA-072,Unidiffuser,train,072-4.png
AIGCIQA2023,aigciqa2023_Unidiffuser_2032,AIGCIQA-008,Unidiffuser,train,008-1.png
AIGCIQA2023,aigciqa2023_Unidiffuser_2208,AIGCIQA-052,Unidiffuser,train,052-1.png
AIGCIQA2023,aigciqa2023_Unidiffuser_2084,AIGCIQA-021,Unidiffuser,train,021-1.png
AIGCIQA2023,aigciqa2023_Unidiffuser_2348,AIGCIQA-087,Unidiffuser,train,087-1.png
AIGCIQA2023,aigciqa2023_Unidiffuser_2284,AIGCIQA-071,Unidiffuser,val,071-1.png
AIGCIQA2023,aigciqa2023_Unidiffuser_2285,AIGCIQA-071,Unidiffuser,val,071-2.png
AIGCIQA2023,aigciqa2023_Unidiffuser_2143,AIGCIQA-035,Unidiffuser,test,035-4.png
AIGCIQA2023,aigciqa2023_Unidiffuser_2319,AIGCIQA-079,Unidiffuser,train,079-4.png
AIGCIQA2023,aigciqa2023_Unidiffuser_2287,AIGCIQA-071,Unidiffuser,val,071-4.png
AIGCIQA2023,aigciqa2023_Unidiffuser_2384,AIGCIQA-096,Unidiffuser,train,096-1.png
AIGCIQA2023,aigciqa2023_Unidiffuser_2152,AIGCIQA-038,Unidiffuser,train,038-1.png
AIGCIQA2023,aigciqa2023_Unidiffuser_2275,AIGCIQA-068,Unidiffuser,train,068-4.png
AIGCIQA2023,aigciqa2023_Unidiffuser_2100,AIGCIQA-025,Unidiffuser,val,025-1.png
AIGCIQA2023,aigciqa2023_Unidiffuser_2241,AIGCIQA-060,Unidiffuser,train,060-2.png
AIGCIQA2023,aigciqa2023_Unidiffuser_2335,AIGCIQA-083,Unidiffuser,train,083-4.png
AIGCIQA2023,aigciqa2023_Unidiffuser_2399,AIGCIQA-099,Unidiffuser,train,099-4.png
AIGCIQA2023,aigciqa2023_Unidiffuser_2079,AIGCIQA-019,Unidiffuser,train,019-4.png
AIGCIQA2023,aigciqa2023_Unidiffuser_2393,AIGCIQA-098,Unidiffuser,train,098-2.png
AIGCIQA2023,aigciqa2023_Unidiffuser_2234,AIGCIQA-058,Unidiffuser,train,058-3.png
AIGCIQA2023,aigciqa2023_Unidiffuser_2383,AIGCIQA-095,Unidiffuser,val,095-4.png
AIGCIQA2023,aigciqa2023_Unidiffuser_2169,AIGCIQA-042,Unidiffuser,train,042-2.png
AIGCIQA2023,aigciqa2023_Unidiffuser_2149,AIGCIQA-037,Unidiffuser,train,037-2.png
AIGCIQA2023,aigciqa2023_Unidiffuser_2273,AIGCIQA-068,Unidiffuser,train,068-2.png
AIGCIQA2023,aigciqa2023_Unidiffuser_2085,AIGCIQA-021,Unidiffuser,train,021-2.png
AIGCIQA2023,aigciqa2023_Unidiffuser_2323,AIGCIQA-080,Unidiffuser,train,080-4.png
AIGCIQA2023,aigciqa2023_Unidiffuser_2359,AIGCIQA-089,Unidiffuser,val,089-4.png
AIGCIQA2023,aigciqa2023_Unidiffuser_2154,AIGCIQA-038,Unidiffuser,train,038-3.png
AIGCIQA2023,aigciqa2023_Unidiffuser_2232,AIGCIQA-058,Unidiffuser,train,058-1.png
AIGCIQA2023,aigciqa2023_Unidiffuser_2246,AIGCIQA-061,Unidiffuser,train,061-3.png
AIGCIQA2023,aigciqa2023_Unidiffuser_2257,AIGCIQA-064,Unidiffuser,val,064-2.png
AIGCIQA2023,aigciqa2023_Unidiffuser_2218,AIGCIQA-054,Unidiffuser,test,054-3.png
AIGCIQA2023,aigciqa2023_Unidiffuser_2358,AIGCIQA-089,Unidiffuser,val,089-3.png
AIGCIQA2023,aigciqa2023_Unidiffuser_2064,AIGCIQA-016,Unidiffuser,train,016-1.png
AIGCIQA2023,aigciqa2023_Unidiffuser_2072,AIGCIQA-018,Unidiffuser,train,018-1.png
AIGCIQA2023,aigciqa2023_Unidiffuser_2197,AIGCIQA-049,Unidiffuser,train,049-2.png
AIGCIQA2023,aigciqa2023_Unidiffuser_2048,AIGCIQA-012,Unidiffuser,train,012-1.png
AIGCIQA2023,aigciqa2023_Unidiffuser_2168,AIGCIQA-042,Unidiffuser,train,042-1.png
AIGCIQA2023,aigciqa2023_Unidiffuser_2033,AIGCIQA-008,Unidiffuser,train,008-2.png
AIGCIQA2023,aigciqa2023_Unidiffuser_2171,AIGCIQA-042,Unidiffuser,train,042-4.png
AIGCIQA2023,aigciqa2023_Unidiffuser_2026,AIGCIQA-006,Unidiffuser,train,006-3.png
AIGCIQA2023,aigciqa2023_Unidiffuser_2346,AIGCIQA-086,Unidiffuser,test,086-3.png
AIGCIQA2023,aigciqa2023_Unidiffuser_2209,AIGCIQA-052,Unidiffuser,train,052-2.png
AIGCIQA2023,aigciqa2023_Unidiffuser_2198,AIGCIQA-049,Unidiffuser,train,049-3.png
AIGCIQA2023,aigciqa2023_Unidiffuser_2144,AIGCIQA-036,Unidiffuser,train,036-1.png
AIGCIQA2023,aigciqa2023_Unidiffuser_2190,AIGCIQA-047,Unidiffuser,train,047-3.png
AIGCIQA2023,aigciqa2023_Unidiffuser_2186,AIGCIQA-046,Unidiffuser,train,046-3.png
AIGCIQA2023,aigciqa2023_Unidiffuser_2081,AIGCIQA-020,Unidiffuser,train,020-2.png
AIGCIQA2023,aigciqa2023_Unidiffuser_2267,AIGCIQA-066,Unidiffuser,train,066-4.png
AIGCIQA2023,aigciqa2023_Unidiffuser_2350,AIGCIQA-087,Unidiffuser,train,087-3.png
AIGCIQA2023,aigciqa2023_Unidiffuser_2338,AIGCIQA-084,Unidiffuser,val,084-3.png
AIGCIQA2023,aigciqa2023_Unidiffuser_2224,AIGCIQA-056,Unidiffuser,train,056-1.png
AIGCIQA2023,aigciqa2023_Unidiffuser_2126,AIGCIQA-031,Unidiffuser,test,031-3.png
AIGCIQA2023,aigciqa2023_Unidiffuser_2020,AIGCIQA-005,Unidiffuser,train,005-1.png
AIGCIQA2023,aigciqa2023_Unidiffuser_2326,AIGCIQA-081,Unidiffuser,test,081-3.png
AIGCIQA2023,aigciqa2023_Unidiffuser_2258,AIGCIQA-064,Unidiffuser,val,064-3.png
AIGCIQA2023,aigciqa2023_Unidiffuser_2043,AIGCIQA-010,Unidiffuser,train,010-4.png
AIGCIQA2023,aigciqa2023_Unidiffuser_2175,AIGCIQA-043,Unidiffuser,train,043-4.png
AIGCIQA2023,aigciqa2023_Unidiffuser_2333,AIGCIQA-083,Unidiffuser,train,083-2.png
AIGCIQA2023,aigciqa2023_Unidiffuser_2386,AIGCIQA-096,Unidiffuser,train,096-3.png
AIGCIQA2023,aigciqa2023_Unidiffuser_2031,AIGCIQA-007,Unidiffuser,train,007-4.png
AIGCIQA2023,aigciqa2023_Unidiffuser_2312,AIGCIQA-078,Unidiffuser,train,078-1.png
AIGCIQA2023,aigciqa2023_Unidiffuser_2387,AIGCIQA-096,Unidiffuser,train,096-4.png
AIGCIQA2023,aigciqa2023_Unidiffuser_2243,AIGCIQA-060,Unidiffuser,train,060-4.png
AIGCIQA2023,aigciqa2023_Unidiffuser_2164,AIGCIQA-041,Unidiffuser,train,041-1.png
AIGCIQA2023,aigciqa2023_Unidiffuser_2096,AIGCIQA-024,Unidiffuser,train,024-1.png
AIGCIQA2023,aigciqa2023_Unidiffuser_2230,AIGCIQA-057,Unidiffuser,val,057-3.png
AIGCIQA2023,aigciqa2023_Unidiffuser_2380,AIGCIQA-095,Unidiffuser,val,095-1.png
AIGCIQA2023,aigciqa2023_Unidiffuser_2283,AIGCIQA-070,Unidiffuser,train,070-4.png
AIGCIQA2023,aigciqa2023_Unidiffuser_2299,AIGCIQA-074,Unidiffuser,train,074-4.png
AIGCIQA2023,aigciqa2023_Unidiffuser_2196,AIGCIQA-049,Unidiffuser,train,049-1.png
AIGCIQA2023,aigciqa2023_Unidiffuser_2305,AIGCIQA-076,Unidiffuser,train,076-2.png
AIGCIQA2023,aigciqa2023_Unidiffuser_2046,AIGCIQA-011,Unidiffuser,test,011-3.png
AIGCIQA2023,aigciqa2023_Unidiffuser_2385,AIGCIQA-096,Unidiffuser,train,096-2.png
AIGCIQA2023,aigciqa2023_Unidiffuser_2146,AIGCIQA-036,Unidiffuser,train,036-3.png
AIGCIQA2023,aigciqa2023_Unidiffuser_2188,AIGCIQA-047,Unidiffuser,train,047-1.png
AIGCIQA2023,aigciqa2023_Unidiffuser_2029,AIGCIQA-007,Unidiffuser,train,007-2.png
AIGCIQA2023,aigciqa2023_Unidiffuser_2019,AIGCIQA-004,Unidiffuser,test,004-4.png
AIGCIQA2023,aigciqa2023_Unidiffuser_2231,AIGCIQA-057,Unidiffuser,val,057-4.png
AIGCIQA2023,aigciqa2023_Unidiffuser_2236,AIGCIQA-059,Unidiffuser,train,059-1.png
AIGCIQA2023,aigciqa2023_Unidiffuser_2347,AIGCIQA-086,Unidiffuser,test,086-4.png
AIGCIQA2023,aigciqa2023_Unidiffuser_2037,AIGCIQA-009,Unidiffuser,train,009-2.png
AIGCIQA2023,aigciqa2023_Unidiffuser_2259,AIGCIQA-064,Unidiffuser,val,064-4.png
AIGCIQA2023,aigciqa2023_Unidiffuser_2180,AIGCIQA-045,Unidiffuser,train,045-1.png
AIGCIQA2023,aigciqa2023_Unidiffuser_2028,AIGCIQA-007,Unidiffuser,train,007-1.png
AIGCIQA2023,aigciqa2023_Unidiffuser_2302,AIGCIQA-075,Unidiffuser,test,075-3.png
AIGCIQA2023,aigciqa2023_Unidiffuser_2140,AIGCIQA-035,Unidiffuser,test,035-1.png
AIGCIQA2023,aigciqa2023_Unidiffuser_2155,AIGCIQA-038,Unidiffuser,train,038-4.png
AIGCIQA2023,aigciqa2023_Unidiffuser_2226,AIGCIQA-056,Unidiffuser,train,056-3.png
AIGCIQA2023,aigciqa2023_Unidiffuser_2240,AIGCIQA-060,Unidiffuser,train,060-1.png
AIGCIQA2023,aigciqa2023_Unidiffuser_2034,AIGCIQA-008,Unidiffuser,train,008-3.png
AIGCIQA2023,aigciqa2023_Unidiffuser_2225,AIGCIQA-056,Unidiffuser,train,056-2.png
AIGCIQA2023,aigciqa2023_Unidiffuser_2077,AIGCIQA-019,Unidiffuser,train,019-2.png
AIGCIQA2023,aigciqa2023_Unidiffuser_2161,AIGCIQA-040,Unidiffuser,train,040-2.png
AIGCIQA2023,aigciqa2023_Unidiffuser_2165,AIGCIQA-041,Unidiffuser,train,041-2.png
AIGCIQA2023,aigciqa2023_Unidiffuser_2289,AIGCIQA-072,Unidiffuser,train,072-2.png
AIGCIQA2023,aigciqa2023_Unidiffuser_2229,AIGCIQA-057,Unidiffuser,val,057-2.png
AIGCIQA2023,aigciqa2023_Unidiffuser_2296,AIGCIQA-074,Unidiffuser,train,074-1.png
AIGCIQA2023,aigciqa2023_Unidiffuser_2288,AIGCIQA-072,Unidiffuser,train,072-1.png
AIGCIQA2023,aigciqa2023_Unidiffuser_2237,AIGCIQA-059,Unidiffuser,train,059-2.png
AIGCIQA2023,aigciqa2023_Unidiffuser_2252,AIGCIQA-063,Unidiffuser,train,063-1.png
AIGCIQA2023,aigciqa2023_Unidiffuser_2321,AIGCIQA-080,Unidiffuser,train,080-2.png
AIGCIQA2023,aigciqa2023_Unidiffuser_2090,AIGCIQA-022,Unidiffuser,train,022-3.png
AIGCIQA2023,aigciqa2023_Unidiffuser_2038,AIGCIQA-009,Unidiffuser,train,009-3.png
AIGCIQA2023,aigciqa2023_Unidiffuser_2078,AIGCIQA-019,Unidiffuser,train,019-3.png
AIGCIQA2023,aigciqa2023_Unidiffuser_2308,AIGCIQA-077,Unidiffuser,val,077-1.png
AIGCIQA2023,aigciqa2023_Unidiffuser_2088,AIGCIQA-022,Unidiffuser,train,022-1.png
AIGCIQA2023,aigciqa2023_Unidiffuser_2101,AIGCIQA-025,Unidiffuser,val,025-2.png
AIGCIQA2023,aigciqa2023_Unidiffuser_2131,AIGCIQA-032,Unidiffuser,train,032-4.png
AIGCIQA2023,aigciqa2023_Unidiffuser_2074,AIGCIQA-018,Unidiffuser,train,018-3.png
AIGCIQA2023,aigciqa2023_Unidiffuser_2052,AIGCIQA-013,Unidiffuser,test,013-1.png
AIGCIQA2023,aigciqa2023_Unidiffuser_2120,AIGCIQA-030,Unidiffuser,train,030-1.png
AIGCIQA2023,aigciqa2023_Unidiffuser_2075,AIGCIQA-018,Unidiffuser,train,018-4.png
AIGCIQA2023,aigciqa2023_Unidiffuser_2330,AIGCIQA-082,Unidiffuser,train,082-3.png
AIGCIQA2023,aigciqa2023_Unidiffuser_2179,AIGCIQA-044,Unidiffuser,train,044-4.png
AIGCIQA2023,aigciqa2023_Unidiffuser_2178,AIGCIQA-044,Unidiffuser,train,044-3.png
AIGCIQA2023,aigciqa2023_Unidiffuser_2099,AIGCIQA-024,Unidiffuser,train,024-4.png
AIGCIQA2023,aigciqa2023_Unidiffuser_2341,AIGCIQA-085,Unidiffuser,train,085-2.png
AIGCIQA2023,aigciqa2023_Unidiffuser_2271,AIGCIQA-067,Unidiffuser,train,067-4.png
AIGCIQA2023,aigciqa2023_Unidiffuser_2366,AIGCIQA-091,Unidiffuser,train,091-3.png
AIGCIQA2023,aigciqa2023_Unidiffuser_2324,AIGCIQA-081,Unidiffuser,test,081-1.png
AIGCIQA2023,aigciqa2023_Unidiffuser_2261,AIGCIQA-065,Unidiffuser,train,065-2.png
AIGCIQA2023,aigciqa2023_Unidiffuser_2376,AIGCIQA-094,Unidiffuser,test,094-1.png
AIGCIQA2023,aigciqa2023_Unidiffuser_2086,AIGCIQA-021,Unidiffuser,train,021-3.png
AIGCIQA2023,aigciqa2023_Unidiffuser_2170,AIGCIQA-042,Unidiffuser,train,042-3.png
AIGCIQA2023,aigciqa2023_Unidiffuser_2113,AIGCIQA-028,Unidiffuser,test,028-2.png
AIGCIQA2023,aigciqa2023_Unidiffuser_2173,AIGCIQA-043,Unidiffuser,train,043-2.png
AIGCIQA2023,aigciqa2023_Unidiffuser_2158,AIGCIQA-039,Unidiffuser,train,039-3.png
AIGCIQA2023,aigciqa2023_Unidiffuser_2202,AIGCIQA-050,Unidiffuser,train,050-3.png
AIGCIQA2023,aigciqa2023_Unidiffuser_2040,AIGCIQA-010,Unidiffuser,train,010-1.png
AIGCIQA2023,aigciqa2023_Unidiffuser_2268,AIGCIQA-067,Unidiffuser,train,067-1.png
AIGCIQA2023,aigciqa2023_Unidiffuser_2205,AIGCIQA-051,Unidiffuser,train,051-2.png
AIGCIQA2023,aigciqa2023_Unidiffuser_2301,AIGCIQA-075,Unidiffuser,test,075-2.png
AIGCIQA2023,aigciqa2023_Unidiffuser_2356,AIGCIQA-089,Unidiffuser,val,089-1.png
AIGCIQA2023,aigciqa2023_Unidiffuser_2124,AIGCIQA-031,Unidiffuser,test,031-1.png
AIGCIQA2023,aigciqa2023_Unidiffuser_2054,AIGCIQA-013,Unidiffuser,test,013-3.png
AIGCIQA2023,aigciqa2023_Unidiffuser_2381,AIGCIQA-095,Unidiffuser,val,095-2.png
AIGCIQA2023,aigciqa2023_Unidiffuser_2045,AIGCIQA-011,Unidiffuser,test,011-2.png
AIGCIQA2023,aigciqa2023_Unidiffuser_2185,AIGCIQA-046,Unidiffuser,train,046-2.png
AIGCIQA2023,aigciqa2023_Unidiffuser_2353,AIGCIQA-088,Unidiffuser,val,088-2.png
AIGCIQA2023,aigciqa2023_Unidiffuser_2377,AIGCIQA-094,Unidiffuser,test,094-2.png
AIGCIQA2023,aigciqa2023_Unidiffuser_2316,AIGCIQA-079,Unidiffuser,train,079-1.png
AIGCIQA2023,aigciqa2023_Unidiffuser_2087,AIGCIQA-021,Unidiffuser,train,021-4.png
AIGCIQA2023,aigciqa2023_Unidiffuser_2166,AIGCIQA-041,Unidiffuser,train,041-3.png
AIGCIQA2023,aigciqa2023_Unidiffuser_2010,AIGCIQA-002,Unidiffuser,train,002-3.png
AIGCIQA2023,aigciqa2023_Unidiffuser_2371,AIGCIQA-092,Unidiffuser,train,092-4.png
AIGCIQA2023,aigciqa2023_Unidiffuser_2058,AIGCIQA-014,Unidiffuser,test,014-3.png
AIGCIQA2023,aigciqa2023_Unidiffuser_2148,AIGCIQA-037,Unidiffuser,train,037-1.png
AIGCIQA2023,aigciqa2023_Unidiffuser_2213,AIGCIQA-053,Unidiffuser,val,053-2.png
AIGCIQA2023,aigciqa2023_Unidiffuser_2327,AIGCIQA-081,Unidiffuser,test,081-4.png
AIGCIQA2023,aigciqa2023_Unidiffuser_2363,AIGCIQA-090,Unidiffuser,train,090-4.png
AIGCIQA2023,aigciqa2023_Unidiffuser_2207,AIGCIQA-051,Unidiffuser,train,051-4.png
AIGCIQA2023,aigciqa2023_Unidiffuser_2293,AIGCIQA-073,Unidiffuser,train,073-2.png
AIGCIQA2023,aigciqa2023_Unidiffuser_2219,AIGCIQA-054,Unidiffuser,test,054-4.png
AIGCIQA2023,aigciqa2023_Unidiffuser_2294,AIGCIQA-073,Unidiffuser,train,073-3.png
AIGCIQA2023,aigciqa2023_Unidiffuser_2160,AIGCIQA-040,Unidiffuser,train,040-1.png
AIGCIQA2023,aigciqa2023_Unidiffuser_2039,AIGCIQA-009,Unidiffuser,train,009-4.png
AIGCIQA2023,aigciqa2023_Unidiffuser_2235,AIGCIQA-058,Unidiffuser,train,058-4.png
AIGCIQA2023,aigciqa2023_Unidiffuser_2009,AIGCIQA-002,Unidiffuser,train,002-2.png
AIGCIQA2023,aigciqa2023_Unidiffuser_2223,AIGCIQA-055,Unidiffuser,train,055-4.png
AIGCIQA2023,aigciqa2023_Unidiffuser_2021,AIGCIQA-005,Unidiffuser,train,005-2.png
AIGCIQA2023,aigciqa2023_Unidiffuser_2379,AIGCIQA-094,Unidiffuser,test,094-4.png
AIGCIQA2023,aigciqa2023_Unidiffuser_2203,AIGCIQA-050,Unidiffuser,train,050-4.png
AIGCIQA2023,aigciqa2023_Unidiffuser_2036,AIGCIQA-009,Unidiffuser,train,009-1.png
AIGCIQA2023,aigciqa2023_Unidiffuser_2181,AIGCIQA-045,Unidiffuser,train,045-2.png
AIGCIQA2023,aigciqa2023_Unidiffuser_2342,AIGCIQA-085,Unidiffuser,train,085-3.png
AIGCIQA2023,aigciqa2023_Unidiffuser_2286,AIGCIQA-071,Unidiffuser,val,071-3.png
AIGCIQA2023,aigciqa2023_Unidiffuser_2256,AIGCIQA-064,Unidiffuser,val,064-1.png
AIGCIQA2023,aigciqa2023_Unidiffuser_2117,AIGCIQA-029,Unidiffuser,val,029-2.png
AIGCIQA2023,aigciqa2023_Unidiffuser_2360,AIGCIQA-090,Unidiffuser,train,090-1.png
AIGCIQA2023,aigciqa2023_Unidiffuser_2272,AIGCIQA-068,Unidiffuser,train,068-1.png
AIGCIQA2023,aigciqa2023_Unidiffuser_2194,AIGCIQA-048,Unidiffuser,train,048-3.png
AIGCIQA2023,aigciqa2023_Unidiffuser_2066,AIGCIQA-016,Unidiffuser,train,016-3.png
AIGCIQA2023,aigciqa2023_Unidiffuser_2089,AIGCIQA-022,Unidiffuser,train,022-2.png
AIGCIQA2023,aigciqa2023_Unidiffuser_2220,AIGCIQA-055,Unidiffuser,train,055-1.png
AIGCIQA2023,aigciqa2023_Unidiffuser_2382,AIGCIQA-095,Unidiffuser,val,095-3.png
AIGCIQA2023,aigciqa2023_Unidiffuser_2254,AIGCIQA-063,Unidiffuser,train,063-3.png
AIGCIQA2023,aigciqa2023_Unidiffuser_2003,AIGCIQA-000,Unidiffuser,val,000-4.png
AIGCIQA2023,aigciqa2023_Unidiffuser_2061,AIGCIQA-015,Unidiffuser,train,015-2.png
AIGCIQA2023,aigciqa2023_Unidiffuser_2167,AIGCIQA-041,Unidiffuser,train,041-4.png
AIGCIQA2023,aigciqa2023_stable-diffusion_1691,AIGCIQA-022,stable-diffusion,train,022-4.png
AIGCIQA2023,aigciqa2023_stable-diffusion_1622,AIGCIQA-005,stable-diffusion,train,005-3.png
AIGCIQA2023,aigciqa2023_stable-diffusion_1867,AIGCIQA-066,stable-diffusion,train,066-4.png
AIGCIQA2023,aigciqa2023_stable-diffusion_1912,AIGCIQA-078,stable-diffusion,train,078-1.png
AIGCIQA2023,aigciqa2023_stable-diffusion_1951,AIGCIQA-087,stable-diffusion,train,087-4.png
AIGCIQA2023,aigciqa2023_stable-diffusion_1903,AIGCIQA-075,stable-diffusion,test,075-4.png
AIGCIQA2023,aigciqa2023_stable-diffusion_1659,AIGCIQA-014,stable-diffusion,test,014-4.png
AIGCIQA2023,aigciqa2023_stable-diffusion_1770,AIGCIQA-042,stable-diffusion,train,042-3.png
AIGCIQA2023,aigciqa2023_stable-diffusion_1901,AIGCIQA-075,stable-diffusion,test,075-2.png
AIGCIQA2023,aigciqa2023_stable-diffusion_1799,AIGCIQA-049,stable-diffusion,train,049-4.png
AIGCIQA2023,aigciqa2023_stable-diffusion_1654,AIGCIQA-013,stable-diffusion,test,013-3.png
AIGCIQA2023,aigciqa2023_stable-diffusion_1602,AIGCIQA-000,stable-diffusion,val,000-3.png
AIGCIQA2023,aigciqa2023_stable-diffusion_1726,AIGCIQA-031,stable-diffusion,test,031-3.png
AIGCIQA2023,aigciqa2023_stable-diffusion_1628,AIGCIQA-007,stable-diffusion,train,007-1.png
AIGCIQA2023,aigciqa2023_stable-diffusion_1894,AIGCIQA-073,stable-diffusion,train,073-3.png
AIGCIQA2023,aigciqa2023_stable-diffusion_1600,AIGCIQA-000,stable-diffusion,val,000-1.png
AIGCIQA2023,aigciqa2023_stable-diffusion_1795,AIGCIQA-048,stable-diffusion,train,048-4.png
AIGCIQA2023,aigciqa2023_stable-diffusion_1724,AIGCIQA-031,stable-diffusion,test,031-1.png
AIGCIQA2023,aigciqa2023_stable-diffusion_1821,AIGCIQA-055,stable-diffusion,train,055-2.png
AIGCIQA2023,aigciqa2023_stable-diffusion_1752,AIGCIQA-038,stable-diffusion,train,038-1.png
AIGCIQA2023,aigciqa2023_stable-diffusion_1783,AIGCIQA-045,stable-diffusion,train,045-4.png
AIGCIQA2023,aigciqa2023_stable-diffusion_1801,AIGCIQA-050,stable-diffusion,train,050-2.png
AIGCIQA2023,aigciqa2023_stable-diffusion_1771,AIGCIQA-042,stable-diffusion,train,042-4.png
AIGCIQA2023,aigciqa2023_stable-diffusion_1848,AIGCIQA-062,stable-diffusion,train,062-1.png
AIGCIQA2023,aigciqa2023_stable-diffusion_1870,AIGCIQA-067,stable-diffusion,train,067-3.png
AIGCIQA2023,aigciqa2023_stable-diffusion_1873,AIGCIQA-068,stable-diffusion,train,068-2.png
AIGCIQA2023,aigciqa2023_stable-diffusion_1656,AIGCIQA-014,stable-diffusion,test,014-1.png
AIGCIQA2023,aigciqa2023_stable-diffusion_1989,AIGCIQA-097,stable-diffusion,val,097-2.png
AIGCIQA2023,aigciqa2023_stable-diffusion_1898,AIGCIQA-074,stable-diffusion,train,074-3.png
AIGCIQA2023,aigciqa2023_stable-diffusion_1959,AIGCIQA-089,stable-diffusion,val,089-4.png
AIGCIQA2023,aigciqa2023_stable-diffusion_1675,AIGCIQA-018,stable-diffusion,train,018-4.png
AIGCIQA2023,aigciqa2023_stable-diffusion_1603,AIGCIQA-000,stable-diffusion,val,000-4.png
AIGCIQA2023,aigciqa2023_stable-diffusion_1853,AIGCIQA-063,stable-diffusion,train,063-2.png
AIGCIQA2023,aigciqa2023_stable-diffusion_1872,AIGCIQA-068,stable-diffusion,train,068-1.png
AIGCIQA2023,aigciqa2023_stable-diffusion_1920,AIGCIQA-080,stable-diffusion,train,080-1.png
AIGCIQA2023,aigciqa2023_stable-diffusion_1840,AIGCIQA-060,stable-diffusion,train,060-1.png
AIGCIQA2023,aigciqa2023_stable-diffusion_1684,AIGCIQA-021,stable-diffusion,train,021-1.png
AIGCIQA2023,aigciqa2023_stable-diffusion_1626,AIGCIQA-006,stable-diffusion,train,006-3.png
AIGCIQA2023,aigciqa2023_stable-diffusion_1791,AIGCIQA-047,stable-diffusion,train,047-4.png
AIGCIQA2023,aigciqa2023_stable-diffusion_1690,AIGCIQA-022,stable-diffusion,train,022-3.png
AIGCIQA2023,aigciqa2023_stable-diffusion_1737,AIGCIQA-034,stable-diffusion,train,034-2.png
AIGCIQA2023,aigciqa2023_stable-diffusion_1711,AIGCIQA-027,stable-diffusion,val,027-4.png
AIGCIQA2023,aigciqa2023_stable-diffusion_1630,AIGCIQA-007,stable-diffusion,train,007-3.png
AIGCIQA2023,aigciqa2023_stable-diffusion_1858,AIGCIQA-064,stable-diffusion,val,064-3.png
AIGCIQA2023,aigciqa2023_stable-diffusion_1975,AIGCIQA-093,stable-diffusion,val,093-4.png
AIGCIQA2023,aigciqa2023_stable-diffusion_1864,AIGCIQA-066,stable-diffusion,train,066-1.png
AIGCIQA2023,aigciqa2023_stable-diffusion_1937,AIGCIQA-084,stable-diffusion,val,084-2.png
AIGCIQA2023,aigciqa2023_stable-diffusion_1961,AIGCIQA-090,stable-diffusion,train,090-2.png
AIGCIQA2023,aigciqa2023_stable-diffusion_1942,AIGCIQA-085,stable-diffusion,train,085-3.png
AIGCIQA2023,aigciqa2023_stable-diffusion_1957,AIGCIQA-089,stable-diffusion,val,089-2.png
AIGCIQA2023,aigciqa2023_stable-diffusion_1882,AIGCIQA-070,stable-diffusion,train,070-3.png
AIGCIQA2023,aigciqa2023_stable-diffusion_1936,AIGCIQA-084,stable-diffusion,val,084-1.png
AIGCIQA2023,aigciqa2023_stable-diffusion_1962,AIGCIQA-090,stable-diffusion,train,090-3.png
AIGCIQA2023,aigciqa2023_stable-diffusion_1905,AIGCIQA-076,stable-diffusion,train,076-2.png
AIGCIQA2023,aigciqa2023_stable-diffusion_1725,AIGCIQA-031,stable-diffusion,test,031-2.png
AIGCIQA2023,aigciqa2023_stable-diffusion_1806,AIGCIQA-051,stable-diffusion,train,051-3.png
AIGCIQA2023,aigciqa2023_stable-diffusion_1883,AIGCIQA-070,stable-diffusion,train,070-4.png
AIGCIQA2023,aigciqa2023_stable-diffusion_1814,AIGCIQA-053,stable-diffusion,val,053-3.png
AIGCIQA2023,aigciqa2023_stable-diffusion_1993,AIGCIQA-098,stable-diffusion,train,098-2.png
AIGCIQA2023,aigciqa2023_stable-diffusion_1608,AIGCIQA-002,stable-diffusion,train,002-1.png
AIGCIQA2023,aigciqa2023_stable-diffusion_1991,AIGCIQA-097,stable-diffusion,val,097-4.png
AIGCIQA2023,aigciqa2023_stable-diffusion_1946,AIGCIQA-086,stable-diffusion,test,086-3.png
AIGCIQA2023,aigciqa2023_stable-diffusion_1950,AIGCIQA-087,stable-diffusion,train,087-3.png
AIGCIQA2023,aigciqa2023_stable-diffusion_1619,AIGCIQA-004,stable-diffusion,test,004-4.png
AIGCIQA2023,aigciqa2023_stable-diffusion_1955,AIGCIQA-088,stable-diffusion,val,088-4.png
AIGCIQA2023,aigciqa2023_stable-diffusion_1889,AIGCIQA-072,stable-diffusion,train,072-2.png
AIGCIQA2023,aigciqa2023_stable-diffusion_1841,AIGCIQA-060,stable-diffusion,train,060-2.png
AIGCIQA2023,aigciqa2023_stable-diffusion_1819,AIGCIQA-054,stable-diffusion,test,054-4.png
AIGCIQA2023,aigciqa2023_stable-diffusion_1604,AIGCIQA-001,stable-diffusion,train,001-1.png
AIGCIQA2023,aigciqa2023_stable-diffusion_1998,AIGCIQA-099,stable-diffusion,train,099-3.png
AIGCIQA2023,aigciqa2023_stable-diffusion_1730,AIGCIQA-032,stable-diffusion,train,032-3.png
AIGCIQA2023,aigciqa2023_stable-diffusion_1884,AIGCIQA-071,stable-diffusion,val,071-1.png
AIGCIQA2023,aigciqa2023_stable-diffusion_1699,AIGCIQA-024,stable-diffusion,train,024-4.png
AIGCIQA2023,aigciqa2023_stable-diffusion_1856,AIGCIQA-064,stable-diffusion,val,064-1.png
AIGCIQA2023,aigciqa2023_stable-diffusion_1625,AIGCIQA-006,stable-diffusion,train,006-2.png
AIGCIQA2023,aigciqa2023_stable-diffusion_1778,AIGCIQA-044,stable-diffusion,train,044-3.png
AIGCIQA2023,aigciqa2023_stable-diffusion_1761,AIGCIQA-040,stable-diffusion,train,040-2.png
AIGCIQA2023,aigciqa2023_stable-diffusion_1696,AIGCIQA-024,stable-diffusion,train,024-1.png
AIGCIQA2023,aigciqa2023_stable-diffusion_1813,AIGCIQA-053,stable-diffusion,val,053-2.png
AIGCIQA2023,aigciqa2023_stable-diffusion_1647,AIGCIQA-011,stable-diffusion,test,011-4.png
AIGCIQA2023,aigciqa2023_stable-diffusion_1834,AIGCIQA-058,stable-diffusion,train,058-3.png
AIGCIQA2023,aigciqa2023_stable-diffusion_1815,AIGCIQA-053,stable-diffusion,val,053-4.png
AIGCIQA2023,aigciqa2023_stable-diffusion_1999,AIGCIQA-099,stable-diffusion,train,099-4.png
AIGCIQA2023,aigciqa2023_stable-diffusion_1891,AIGCIQA-072,stable-diffusion,train,072-4.png
AIGCIQA2023,aigciqa2023_stable-diffusion_1906,AIGCIQA-076,stable-diffusion,train,076-3.png
AIGCIQA2023,aigciqa2023_stable-diffusion_1679,AIGCIQA-019,stable-diffusion,train,019-4.png
AIGCIQA2023,aigciqa2023_stable-diffusion_1635,AIGCIQA-008,stable-diffusion,train,008-4.png
AIGCIQA2023,aigciqa2023_stable-diffusion_1705,AIGCIQA-026,stable-diffusion,train,026-2.png
AIGCIQA2023,aigciqa2023_stable-diffusion_1837,AIGCIQA-059,stable-diffusion,train,059-2.png
AIGCIQA2023,aigciqa2023_stable-diffusion_1859,AIGCIQA-064,stable-diffusion,val,064-4.png
AIGCIQA2023,aigciqa2023_stable-diffusion_1649,AIGCIQA-012,stable-diffusion,train,012-2.png
AIGCIQA2023,aigciqa2023_stable-diffusion_1609,AIGCIQA-002,stable-diffusion,train,002-2.png
AIGCIQA2023,aigciqa2023_stable-diffusion_1713,AIGCIQA-028,stable-diffusion,test,028-2.png
AIGCIQA2023,aigciqa2023_stable-diffusion_1826,AIGCIQA-056,stable-diffusion,train,056-3.png
AIGCIQA2023,aigciqa2023_stable-diffusion_1701,AIGCIQA-025,stable-diffusion,val,025-2.png
AIGCIQA2023,aigciqa2023_stable-diffusion_1749,AIGCIQA-037,stable-diffusion,train,037-2.png
AIGCIQA2023,aigciqa2023_stable-diffusion_1878,AIGCIQA-069,stable-diffusion,test,069-3.png
AIGCIQA2023,aigciqa2023_stable-diffusion_1849,AIGCIQA-062,stable-diffusion,train,062-2.png
AIGCIQA2023,aigciqa2023_stable-diffusion_1722,AIGCIQA-030,stable-diffusion,train,030-3.png
AIGCIQA2023,aigciqa2023_stable-diffusion_1792,AIGCIQA-048,stable-diffusion,train,048-1.png
AIGCIQA2023,aigciqa2023_stable-diffusion_1835,AIGCIQA-058,stable-diffusion,train,058-4.png
AIGCIQA2023,aigciqa2023_stable-diffusion_1704,AIGCIQA-026,stable-diffusion,train,026-1.png
AIGCIQA2023,aigciqa2023_stable-diffusion_1651,AIGCIQA-012,stable-diffusion,train,012-4.png
AIGCIQA2023,aigciqa2023_stable-diffusion_1697,AIGCIQA-024,stable-diffusion,train,024-2.png
AIGCIQA2023,aigciqa2023_stable-diffusion_1646,AIGCIQA-011,stable-diffusion,test,011-3.png
AIGCIQA2023,aigciqa2023_stable-diffusion_1941,AIGCIQA-085,stable-diffusion,train,085-2.png
AIGCIQA2023,aigciqa2023_stable-diffusion_1904,AIGCIQA-076,stable-diffusion,train,076-1.png
AIGCIQA2023,aigciqa2023_stable-diffusion_1939,AIGCIQA-084,stable-diffusion,val,084-4.png
AIGCIQA2023,aigciqa2023_stable-diffusion_1655,AIGCIQA-013,stable-diffusion,test,013-4.png
AIGCIQA2023,aigciqa2023_stable-diffusion_1875,AIGCIQA-068,stable-diffusion,train,068-4.png
AIGCIQA2023,aigciqa2023_stable-diffusion_1708,AIGCIQA-027,stable-diffusion,val,027-1.png
AIGCIQA2023,aigciqa2023_stable-diffusion_1601,AIGCIQA-000,stable-diffusion,val,000-2.png
AIGCIQA2023,aigciqa2023_stable-diffusion_1886,AIGCIQA-071,stable-diffusion,val,071-3.png
AIGCIQA2023,aigciqa2023_stable-diffusion_1888,AIGCIQA-072,stable-diffusion,train,072-1.png
AIGCIQA2023,aigciqa2023_stable-diffusion_1907,AIGCIQA-076,stable-diffusion,train,076-4.png
AIGCIQA2023,aigciqa2023_stable-diffusion_1808,AIGCIQA-052,stable-diffusion,train,052-1.png
AIGCIQA2023,aigciqa2023_stable-diffusion_1916,AIGCIQA-079,stable-diffusion,train,079-1.png
AIGCIQA2023,aigciqa2023_stable-diffusion_1745,AIGCIQA-036,stable-diffusion,train,036-2.png
AIGCIQA2023,aigciqa2023_stable-diffusion_1774,AIGCIQA-043,stable-diffusion,train,043-3.png
AIGCIQA2023,aigciqa2023_stable-diffusion_1956,AIGCIQA-089,stable-diffusion,val,089-1.png
AIGCIQA2023,aigciqa2023_stable-diffusion_1947,AIGCIQA-086,stable-diffusion,test,086-4.png
AIGCIQA2023,aigciqa2023_stable-diffusion_1973,AIGCIQA-093,stable-diffusion,val,093-2.png
AIGCIQA2023,aigciqa2023_stable-diffusion_1772,AIGCIQA-043,stable-diffusion,train,043-1.png
AIGCIQA2023,aigciqa2023_stable-diffusion_1606,AIGCIQA-001,stable-diffusion,train,001-3.png
AIGCIQA2023,aigciqa2023_stable-diffusion_1645,AIGCIQA-011,stable-diffusion,test,011-2.png
AIGCIQA2023,aigciqa2023_stable-diffusion_1800,AIGCIQA-050,stable-diffusion,train,050-1.png
AIGCIQA2023,aigciqa2023_stable-diffusion_1793,AIGCIQA-048,stable-diffusion,train,048-2.png
AIGCIQA2023,aigciqa2023_stable-diffusion_1966,AIGCIQA-091,stable-diffusion,train,091-3.png
AIGCIQA2023,aigciqa2023_stable-diffusion_1717,AIGCIQA-029,stable-diffusion,val,029-2.png
AIGCIQA2023,aigciqa2023_stable-diffusion_1729,AIGCIQA-032,stable-diffusion,train,032-2.png
AIGCIQA2023,aigciqa2023_stable-diffusion_1700,AIGCIQA-025,stable-diffusion,val,025-1.png
AIGCIQA2023,aigciqa2023_stable-diffusion_1977,AIGCIQA-094,stable-diffusion,test,094-2.png
AIGCIQA2023,aigciqa2023_stable-diffusion_1605,AIGCIQA-001,stable-diffusion,train,001-2.png
AIGCIQA2023,aigciqa2023_stable-diffusion_1735,AIGCIQA-033,stable-diffusion,train,033-4.png
AIGCIQA2023,aigciqa2023_stable-diffusion_1928,AIGCIQA-082,stable-diffusion,train,082-1.png
AIGCIQA2023,aigciqa2023_stable-diffusion_1738,AIGCIQA-034,stable-diffusion,train,034-3.png
AIGCIQA2023,aigciqa2023_stable-diffusion_1846,AIGCIQA-061,stable-diffusion,train,061-3.png
AIGCIQA2023,aigciqa2023_stable-diffusion_1948,AIGCIQA-087,stable-diffusion,train,087-1.png
AIGCIQA2023,aigciqa2023_stable-diffusion_1925,AIGCIQA-081,stable-diffusion,test,081-2.png
AIGCIQA2023,aigciqa2023_stable-diffusion_1811,AIGCIQA-052,stable-diffusion,train,052-4.png
AIGCIQA2023,aigciqa2023_stable-diffusion_1648,AIGCIQA-012,stable-diffusion,train,012-1.png
AIGCIQA2023,aigciqa2023_stable-diffusion_1929,AIGCIQA-082,stable-diffusion,train,082-2.png
AIGCIQA2023,aigciqa2023_stable-diffusion_1683,AIGCIQA-020,stable-diffusion,train,020-4.png
AIGCIQA2023,aigciqa2023_stable-diffusion_1782,AIGCIQA-045,stable-diffusion,train,045-3.png
AIGCIQA2023,aigciqa2023_stable-diffusion_1832,AIGCIQA-058,stable-diffusion,train,058-1.png
AIGCIQA2023,aigciqa2023_stable-diffusion_1707,AIGCIQA-026,stable-diffusion,train,026-4.png
AIGCIQA2023,aigciqa2023_stable-diffusion_1698,AIGCIQA-024,stable-diffusion,train,024-3.png
AIGCIQA2023,aigciqa2023_stable-diffusion_1919,AIGCIQA-079,stable-diffusion,train,079-4.png
AIGCIQA2023,aigciqa2023_stable-diffusion_1612,AIGCIQA-003,stable-diffusion,test,003-1.png
AIGCIQA2023,aigciqa2023_stable-diffusion_1624,AIGCIQA-006,stable-diffusion,train,006-1.png
AIGCIQA2023,aigciqa2023_stable-diffusion_1969,AIGCIQA-092,stable-diffusion,train,092-2.png
AIGCIQA2023,aigciqa2023_stable-diffusion_1996,AIGCIQA-099,stable-diffusion,train,099-1.png
AIGCIQA2023,aigciqa2023_stable-diffusion_1715,AIGCIQA-028,stable-diffusion,test,028-4.png
AIGCIQA2023,aigciqa2023_stable-diffusion_1668,AIGCIQA-017,stable-diffusion,test,017-1.png
AIGCIQA2023,aigciqa2023_stable-diffusion_1866,AIGCIQA-066,stable-diffusion,train,066-3.png
AIGCIQA2023,aigciqa2023_stable-diffusion_1719,AIGCIQA-029,stable-diffusion,val,029-4.png
AIGCIQA2023,aigciqa2023_stable-diffusion_1661,AIGCIQA-015,stable-diffusion,train,015-2.png
AIGCIQA2023,aigciqa2023_stable-diffusion_1765,AIGCIQA-041,stable-diffusion,train,041-2.png
AIGCIQA2023,aigciqa2023_stable-diffusion_1627,AIGCIQA-006,stable-diffusion,train,006-4.png
AIGCIQA2023,aigciqa2023_stable-diffusion_1743,AIGCIQA-035,stable-diffusion,test,035-4.png
AIGCIQA2023,aigciqa2023_stable-diffusion_1731,AIGCIQA-032,stable-diffusion,train,032-4.png
AIGCIQA2023,aigciqa2023_stable-diffusion_1694,AIGCIQA-023,stable-diffusion,train,023-3.png
AIGCIQA2023,aigciqa2023_stable-diffusion_1876,AIGCIQA-069,stable-diffusion,test,069-1.png
AIGCIQA2023,aigciqa2023_stable-diffusion_1974,AIGCIQA-093,stable-diffusion,val,093-3.png
AIGCIQA2023,aigciqa2023_stable-diffusion_1836,AIGCIQA-059,stable-diffusion,train,059-1.png
AIGCIQA2023,aigciqa2023_stable-diffusion_1944,AIGCIQA-086,stable-diffusion,test,086-1.png
AIGCIQA2023,aigciqa2023_stable-diffusion_1885,AIGCIQA-071,stable-diffusion,val,071-2.png
AIGCIQA2023,aigciqa2023_stable-diffusion_1636,AIGCIQA-009,stable-diffusion,train,009-1.png
AIGCIQA2023,aigciqa2023_stable-diffusion_1755,AIGCIQA-038,stable-diffusion,train,038-4.png
AIGCIQA2023,aigciqa2023_stable-diffusion_1687,AIGCIQA-021,stable-diffusion,train,021-4.png
AIGCIQA2023,aigciqa2023_stable-diffusion_1971,AIGCIQA-092,stable-diffusion,train,092-4.png
AIGCIQA2023,aigciqa2023_stable-diffusion_1718,AIGCIQA-029,stable-diffusion,val,029-3.png
AIGCIQA2023,aigciqa2023_stable-diffusion_1910,AIGCIQA-077,stable-diffusion,val,077-3.png
AIGCIQA2023,aigciqa2023_stable-diffusion_1794,AIGCIQA-048,stable-diffusion,train,048-3.png
AIGCIQA2023,aigciqa2023_stable-diffusion_1712,AIGCIQA-028,stable-diffusion,test,028-1.png
AIGCIQA2023,aigciqa2023_stable-diffusion_1970,AIGCIQA-092,stable-diffusion,train,092-3.png
AIGCIQA2023,aigciqa2023_stable-diffusion_1949,AIGCIQA-087,stable-diffusion,train,087-2.png
AIGCIQA2023,aigciqa2023_stable-diffusion_1857,AIGCIQA-064,stable-diffusion,val,064-2.png
AIGCIQA2023,aigciqa2023_stable-diffusion_1618,AIGCIQA-004,stable-diffusion,test,004-3.png
AIGCIQA2023,aigciqa2023_stable-diffusion_1716,AIGCIQA-029,stable-diffusion,val,029-1.png
AIGCIQA2023,aigciqa2023_stable-diffusion_1676,AIGCIQA-019,stable-diffusion,train,019-1.png
AIGCIQA2023,aigciqa2023_stable-diffusion_1703,AIGCIQA-025,stable-diffusion,val,025-4.png
AIGCIQA2023,aigciqa2023_stable-diffusion_1775,AIGCIQA-043,stable-diffusion,train,043-4.png
AIGCIQA2023,aigciqa2023_stable-diffusion_1880,AIGCIQA-070,stable-diffusion,train,070-1.png
AIGCIQA2023,aigciqa2023_stable-diffusion_1723,AIGCIQA-030,stable-diffusion,train,030-4.png
AIGCIQA2023,aigciqa2023_stable-diffusion_1994,AIGCIQA-098,stable-diffusion,train,098-3.png
AIGCIQA2023,aigciqa2023_stable-diffusion_1802,AIGCIQA-050,stable-diffusion,train,050-3.png
AIGCIQA2023,aigciqa2023_stable-diffusion_1674,AIGCIQA-018,stable-diffusion,train,018-3.png
AIGCIQA2023,aigciqa2023_stable-diffusion_1997,AIGCIQA-099,stable-diffusion,train,099-2.png
AIGCIQA2023,aigciqa2023_stable-diffusion_1940,AIGCIQA-085,stable-diffusion,train,085-1.png
AIGCIQA2023,aigciqa2023_stable-diffusion_1915,AIGCIQA-078,stable-diffusion,train,078-4.png
AIGCIQA2023,aigciqa2023_stable-diffusion_1805,AIGCIQA-051,stable-diffusion,train,051-2.png
AIGCIQA2023,aigciqa2023_stable-diffusion_1892,AIGCIQA-073,stable-diffusion,train,073-1.png
AIGCIQA2023,aigciqa2023_stable-diffusion_1868,AIGCIQA-067,stable-diffusion,train,067-1.png
AIGCIQA2023,aigciqa2023_stable-diffusion_1706,AIGCIQA-026,stable-diffusion,train,026-3.png
AIGCIQA2023,aigciqa2023_stable-diffusion_1902,AIGCIQA-075,stable-diffusion,test,075-3.png
AIGCIQA2023,aigciqa2023_stable-diffusion_1985,AIGCIQA-096,stable-diffusion,train,096-2.png
AIGCIQA2023,aigciqa2023_stable-diffusion_1653,AIGCIQA-013,stable-diffusion,test,013-2.png
AIGCIQA2023,aigciqa2023_stable-diffusion_1766,AIGCIQA-041,stable-diffusion,train,041-3.png
AIGCIQA2023,aigciqa2023_stable-diffusion_1667,AIGCIQA-016,stable-diffusion,train,016-4.png
AIGCIQA2023,aigciqa2023_stable-diffusion_1747,AIGCIQA-036,stable-diffusion,train,036-4.png
AIGCIQA2023,aigciqa2023_stable-diffusion_1990,AIGCIQA-097,stable-diffusion,val,097-3.png
AIGCIQA2023,aigciqa2023_stable-diffusion_1963,AIGCIQA-090,stable-diffusion,train,090-4.png
AIGCIQA2023,aigciqa2023_stable-diffusion_1611,AIGCIQA-002,stable-diffusion,train,002-4.png
AIGCIQA2023,aigciqa2023_stable-diffusion_1896,AIGCIQA-074,stable-diffusion,train,074-1.png
AIGCIQA2023,aigciqa2023_stable-diffusion_1607,AIGCIQA-001,stable-diffusion,train,001-4.png
AIGCIQA2023,aigciqa2023_stable-diffusion_1610,AIGCIQA-002,stable-diffusion,train,002-3.png
AIGCIQA2023,aigciqa2023_stable-diffusion_1744,AIGCIQA-036,stable-diffusion,train,036-1.png
AIGCIQA2023,aigciqa2023_stable-diffusion_1686,AIGCIQA-021,stable-diffusion,train,021-3.png
AIGCIQA2023,aigciqa2023_stable-diffusion_1754,AIGCIQA-038,stable-diffusion,train,038-3.png
AIGCIQA2023,aigciqa2023_stable-diffusion_1874,AIGCIQA-068,stable-diffusion,train,068-3.png
AIGCIQA2023,aigciqa2023_stable-diffusion_1759,AIGCIQA-039,stable-diffusion,train,039-4.png
AIGCIQA2023,aigciqa2023_stable-diffusion_1768,AIGCIQA-042,stable-diffusion,train,042-1.png
AIGCIQA2023,aigciqa2023_stable-diffusion_1979,AIGCIQA-094,stable-diffusion,test,094-4.png
AIGCIQA2023,aigciqa2023_stable-diffusion_1843,AIGCIQA-060,stable-diffusion,train,060-4.png
AIGCIQA2023,aigciqa2023_stable-diffusion_1964,AIGCIQA-091,stable-diffusion,train,091-1.png
AIGCIQA2023,aigciqa2023_stable-diffusion_1967,AIGCIQA-091,stable-diffusion,train,091-4.png
AIGCIQA2023,aigciqa2023_stable-diffusion_1643,AIGCIQA-010,stable-diffusion,train,010-4.png
AIGCIQA2023,aigciqa2023_stable-diffusion_1992,AIGCIQA-098,stable-diffusion,train,098-1.png
AIGCIQA2023,aigciqa2023_stable-diffusion_1850,AIGCIQA-062,stable-diffusion,train,062-3.png
AIGCIQA2023,aigciqa2023_stable-diffusion_1623,AIGCIQA-005,stable-diffusion,train,005-4.png
AIGCIQA2023,aigciqa2023_stable-diffusion_1982,AIGCIQA-095,stable-diffusion,val,095-3.png
AIGCIQA2023,aigciqa2023_stable-diffusion_1757,AIGCIQA-039,stable-diffusion,train,039-2.png
AIGCIQA2023,aigciqa2023_stable-diffusion_1842,AIGCIQA-060,stable-diffusion,train,060-3.png
AIGCIQA2023,aigciqa2023_stable-diffusion_1917,AIGCIQA-079,stable-diffusion,train,079-2.png
AIGCIQA2023,aigciqa2023_stable-diffusion_1632,AIGCIQA-008,stable-diffusion,train,008-1.png
AIGCIQA2023,aigciqa2023_stable-diffusion_1921,AIGCIQA-080,stable-diffusion,train,080-2.png
AIGCIQA2023,aigciqa2023_stable-diffusion_1741,AIGCIQA-035,stable-diffusion,test,035-2.png
AIGCIQA2023,aigciqa2023_stable-diffusion_1861,AIGCIQA-065,stable-diffusion,train,065-2.png
AIGCIQA2023,aigciqa2023_stable-diffusion_1650,AIGCIQA-012,stable-diffusion,train,012-3.png
AIGCIQA2023,aigciqa2023_stable-diffusion_1945,AIGCIQA-086,stable-diffusion,test,086-2.png
AIGCIQA2023,aigciqa2023_stable-diffusion_1620,AIGCIQA-005,stable-diffusion,train,005-1.png
AIGCIQA2023,aigciqa2023_stable-diffusion_1816,AIGCIQA-054,stable-diffusion,test,054-1.png
AIGCIQA2023,aigciqa2023_stable-diffusion_1672,AIGCIQA-018,stable-diffusion,train,018-1.png
AIGCIQA2023,aigciqa2023_stable-diffusion_1829,AIGCIQA-057,stable-diffusion,val,057-2.png
AIGCIQA2023,aigciqa2023_stable-diffusion_1844,AIGCIQA-061,stable-diffusion,train,061-1.png
AIGCIQA2023,aigciqa2023_stable-diffusion_1895,AIGCIQA-073,stable-diffusion,train,073-4.png
AIGCIQA2023,aigciqa2023_stable-diffusion_1657,AIGCIQA-014,stable-diffusion,test,014-2.png
AIGCIQA2023,aigciqa2023_stable-diffusion_1781,AIGCIQA-045,stable-diffusion,train,045-2.png
AIGCIQA2023,aigciqa2023_stable-diffusion_1682,AIGCIQA-020,stable-diffusion,train,020-3.png
AIGCIQA2023,aigciqa2023_stable-diffusion_1641,AIGCIQA-010,stable-diffusion,train,010-2.png
AIGCIQA2023,aigciqa2023_stable-diffusion_1981,AIGCIQA-095,stable-diffusion,val,095-2.png
AIGCIQA2023,aigciqa2023_stable-diffusion_1677,AIGCIQA-019,stable-diffusion,train,019-2.png
AIGCIQA2023,aigciqa2023_stable-diffusion_1923,AIGCIQA-080,stable-diffusion,train,080-4.png
AIGCIQA2023,aigciqa2023_stable-diffusion_1732,AIGCIQA-033,stable-diffusion,train,033-1.png
AIGCIQA2023,aigciqa2023_stable-diffusion_1631,AIGCIQA-007,stable-diffusion,train,007-4.png
AIGCIQA2023,aigciqa2023_stable-diffusion_1812,AIGCIQA-053,stable-diffusion,val,053-1.png
AIGCIQA2023,aigciqa2023_stable-diffusion_1614,AIGCIQA-003,stable-diffusion,test,003-3.png
AIGCIQA2023,aigciqa2023_stable-diffusion_1986,AIGCIQA-096,stable-diffusion,train,096-3.png
AIGCIQA2023,aigciqa2023_stable-diffusion_1833,AIGCIQA-058,stable-diffusion,train,058-2.png
AIGCIQA2023,aigciqa2023_stable-diffusion_1728,AIGCIQA-032,stable-diffusion,train,032-1.png
AIGCIQA2023,aigciqa2023_stable-diffusion_1710,AIGCIQA-027,stable-diffusion,val,027-3.png
AIGCIQA2023,aigciqa2023_stable-diffusion_1869,AIGCIQA-067,stable-diffusion,train,067-2.png
AIGCIQA2023,aigciqa2023_stable-diffusion_1847,AIGCIQA-061,stable-diffusion,train,061-4.png
AIGCIQA2023,aigciqa2023_stable-diffusion_1932,AIGCIQA-083,stable-diffusion,train,083-1.png
AIGCIQA2023,aigciqa2023_stable-diffusion_1693,AIGCIQA-023,stable-diffusion,train,023-2.png
AIGCIQA2023,aigciqa2023_stable-diffusion_1665,AIGCIQA-016,stable-diffusion,train,016-2.png
AIGCIQA2023,aigciqa2023_stable-diffusion_1776,AIGCIQA-044,stable-diffusion,train,044-1.png
AIGCIQA2023,aigciqa2023_stable-diffusion_1838,AIGCIQA-059,stable-diffusion,train,059-3.png
AIGCIQA2023,aigciqa2023_stable-diffusion_1952,AIGCIQA-088,stable-diffusion,val,088-1.png
AIGCIQA2023,aigciqa2023_stable-diffusion_1863,AIGCIQA-065,stable-diffusion,train,065-4.png
AIGCIQA2023,aigciqa2023_stable-diffusion_1762,AIGCIQA-040,stable-diffusion,train,040-3.png
AIGCIQA2023,aigciqa2023_stable-diffusion_1968,AIGCIQA-092,stable-diffusion,train,092-1.png
AIGCIQA2023,aigciqa2023_stable-diffusion_1897,AIGCIQA-074,stable-diffusion,train,074-2.png
AIGCIQA2023,aigciqa2023_stable-diffusion_1809,AIGCIQA-052,stable-diffusion,train,052-2.png
AIGCIQA2023,aigciqa2023_stable-diffusion_1810,AIGCIQA-052,stable-diffusion,train,052-3.png
AIGCIQA2023,aigciqa2023_stable-diffusion_1845,AIGCIQA-061,stable-diffusion,train,061-2.png
AIGCIQA2023,aigciqa2023_stable-diffusion_1918,AIGCIQA-079,stable-diffusion,train,079-3.png
AIGCIQA2023,aigciqa2023_stable-diffusion_1758,AIGCIQA-039,stable-diffusion,train,039-3.png
AIGCIQA2023,aigciqa2023_stable-diffusion_1931,AIGCIQA-082,stable-diffusion,train,082-4.png
AIGCIQA2023,aigciqa2023_stable-diffusion_1922,AIGCIQA-080,stable-diffusion,train,080-3.png
AIGCIQA2023,aigciqa2023_stable-diffusion_1666,AIGCIQA-016,stable-diffusion,train,016-3.png
AIGCIQA2023,aigciqa2023_stable-diffusion_1839,AIGCIQA-059,stable-diffusion,train,059-4.png
AIGCIQA2023,aigciqa2023_stable-diffusion_1984,AIGCIQA-096,stable-diffusion,train,096-1.png
AIGCIQA2023,aigciqa2023_stable-diffusion_1784,AIGCIQA-046,stable-diffusion,train,046-1.png
AIGCIQA2023,aigciqa2023_stable-diffusion_1913,AIGCIQA-078,stable-diffusion,train,078-2.png
AIGCIQA2023,aigciqa2023_stable-diffusion_1852,AIGCIQA-063,stable-diffusion,train,063-1.png
AIGCIQA2023,aigciqa2023_stable-diffusion_1721,AIGCIQA-030,stable-diffusion,train,030-2.png
AIGCIQA2023,aigciqa2023_stable-diffusion_1671,AIGCIQA-017,stable-diffusion,test,017-4.png
AIGCIQA2023,aigciqa2023_stable-diffusion_1900,AIGCIQA-075,stable-diffusion,test,075-1.png
AIGCIQA2023,aigciqa2023_stable-diffusion_1899,AIGCIQA-074,stable-diffusion,train,074-4.png
AIGCIQA2023,aigciqa2023_stable-diffusion_1714,AIGCIQA-028,stable-diffusion,test,028-3.png
AIGCIQA2023,aigciqa2023_stable-diffusion_1860,AIGCIQA-065,stable-diffusion,train,065-1.png
AIGCIQA2023,aigciqa2023_stable-diffusion_1933,AIGCIQA-083,stable-diffusion,train,083-2.png
AIGCIQA2023,aigciqa2023_stable-diffusion_1689,AIGCIQA-022,stable-diffusion,train,022-2.png
AIGCIQA2023,aigciqa2023_stable-diffusion_1680,AIGCIQA-020,stable-diffusion,train,020-1.png
AIGCIQA2023,aigciqa2023_stable-diffusion_1753,AIGCIQA-038,stable-diffusion,train,038-2.png
AIGCIQA2023,aigciqa2023_stable-diffusion_1748,AIGCIQA-037,stable-diffusion,train,037-1.png
AIGCIQA2023,aigciqa2023_stable-diffusion_1877,AIGCIQA-069,stable-diffusion,test,069-2.png
AIGCIQA2023,aigciqa2023_stable-diffusion_1881,AIGCIQA-070,stable-diffusion,train,070-2.png
AIGCIQA2023,aigciqa2023_stable-diffusion_1633,AIGCIQA-008,stable-diffusion,train,008-2.png
AIGCIQA2023,aigciqa2023_stable-diffusion_1777,AIGCIQA-044,stable-diffusion,train,044-2.png
AIGCIQA2023,aigciqa2023_stable-diffusion_1763,AIGCIQA-040,stable-diffusion,train,040-4.png
AIGCIQA2023,aigciqa2023_stable-diffusion_1644,AIGCIQA-011,stable-diffusion,test,011-1.png
AIGCIQA2023,aigciqa2023_stable-diffusion_1924,AIGCIQA-081,stable-diffusion,test,081-1.png
AIGCIQA2023,aigciqa2023_stable-diffusion_1688,AIGCIQA-022,stable-diffusion,train,022-1.png
AIGCIQA2023,aigciqa2023_stable-diffusion_1831,AIGCIQA-057,stable-diffusion,val,057-4.png
AIGCIQA2023,aigciqa2023_stable-diffusion_1637,AIGCIQA-009,stable-diffusion,train,009-2.png
AIGCIQA2023,aigciqa2023_stable-diffusion_1669,AIGCIQA-017,stable-diffusion,test,017-2.png
AIGCIQA2023,aigciqa2023_stable-diffusion_1662,AIGCIQA-015,stable-diffusion,train,015-3.png
AIGCIQA2023,aigciqa2023_stable-diffusion_1702,AIGCIQA-025,stable-diffusion,val,025-3.png
AIGCIQA2023,aigciqa2023_stable-diffusion_1851,AIGCIQA-062,stable-diffusion,train,062-4.png
AIGCIQA2023,aigciqa2023_stable-diffusion_1746,AIGCIQA-036,stable-diffusion,train,036-3.png
AIGCIQA2023,aigciqa2023_stable-diffusion_1709,AIGCIQA-027,stable-diffusion,val,027-2.png
AIGCIQA2023,aigciqa2023_stable-diffusion_1958,AIGCIQA-089,stable-diffusion,val,089-3.png
AIGCIQA2023,aigciqa2023_stable-diffusion_1733,AIGCIQA-033,stable-diffusion,train,033-2.png
AIGCIQA2023,aigciqa2023_stable-diffusion_1734,AIGCIQA-033,stable-diffusion,train,033-3.png
AIGCIQA2023,aigciqa2023_stable-diffusion_1660,AIGCIQA-015,stable-diffusion,train,015-1.png
AIGCIQA2023,aigciqa2023_stable-diffusion_1887,AIGCIQA-071,stable-diffusion,val,071-4.png
AIGCIQA2023,aigciqa2023_stable-diffusion_1798,AIGCIQA-049,stable-diffusion,train,049-3.png
AIGCIQA2023,aigciqa2023_stable-diffusion_1983,AIGCIQA-095,stable-diffusion,val,095-4.png
AIGCIQA2023,aigciqa2023_stable-diffusion_1855,AIGCIQA-063,stable-diffusion,train,063-4.png
AIGCIQA2023,aigciqa2023_stable-diffusion_1988,AIGCIQA-097,stable-diffusion,val,097-1.png
AIGCIQA2023,aigciqa2023_stable-diffusion_1613,AIGCIQA-003,stable-diffusion,test,003-2.png
AIGCIQA2023,aigciqa2023_stable-diffusion_1658,AIGCIQA-014,stable-diffusion,test,014-3.png
AIGCIQA2023,aigciqa2023_stable-diffusion_1727,AIGCIQA-031,stable-diffusion,test,031-4.png
AIGCIQA2023,aigciqa2023_stable-diffusion_1742,AIGCIQA-035,stable-diffusion,test,035-3.png
AIGCIQA2023,aigciqa2023_stable-diffusion_1760,AIGCIQA-040,stable-diffusion,train,040-1.png
AIGCIQA2023,aigciqa2023_stable-diffusion_1803,AIGCIQA-050,stable-diffusion,train,050-4.png
AIGCIQA2023,aigciqa2023_stable-diffusion_1934,AIGCIQA-083,stable-diffusion,train,083-3.png
AIGCIQA2023,aigciqa2023_stable-diffusion_1871,AIGCIQA-067,stable-diffusion,train,067-4.png
AIGCIQA2023,aigciqa2023_stable-diffusion_1670,AIGCIQA-017,stable-diffusion,test,017-3.png
AIGCIQA2023,aigciqa2023_stable-diffusion_1893,AIGCIQA-073,stable-diffusion,train,073-2.png
AIGCIQA2023,aigciqa2023_stable-diffusion_1639,AIGCIQA-009,stable-diffusion,train,009-4.png
AIGCIQA2023,aigciqa2023_stable-diffusion_1960,AIGCIQA-090,stable-diffusion,train,090-1.png
AIGCIQA2023,aigciqa2023_stable-diffusion_1790,AIGCIQA-047,stable-diffusion,train,047-3.png
AIGCIQA2023,aigciqa2023_stable-diffusion_1789,AIGCIQA-047,stable-diffusion,train,047-2.png
AIGCIQA2023,aigciqa2023_stable-diffusion_1830,AIGCIQA-057,stable-diffusion,val,057-3.png
AIGCIQA2023,aigciqa2023_stable-diffusion_1678,AIGCIQA-019,stable-diffusion,train,019-3.png
AIGCIQA2023,aigciqa2023_stable-diffusion_1909,AIGCIQA-077,stable-diffusion,val,077-2.png
AIGCIQA2023,aigciqa2023_stable-diffusion_1616,AIGCIQA-004,stable-diffusion,test,004-1.png
AIGCIQA2023,aigciqa2023_stable-diffusion_1890,AIGCIQA-072,stable-diffusion,train,072-3.png
AIGCIQA2023,aigciqa2023_stable-diffusion_1796,AIGCIQA-049,stable-diffusion,train,049-1.png
AIGCIQA2023,aigciqa2023_stable-diffusion_1785,AIGCIQA-046,stable-diffusion,train,046-2.png
AIGCIQA2023,aigciqa2023_stable-diffusion_1787,AIGCIQA-046,stable-diffusion,train,046-4.png
AIGCIQA2023,aigciqa2023_stable-diffusion_1930,AIGCIQA-082,stable-diffusion,train,082-3.png
AIGCIQA2023,aigciqa2023_stable-diffusion_1720,AIGCIQA-030,stable-diffusion,train,030-1.png
AIGCIQA2023,aigciqa2023_stable-diffusion_1634,AIGCIQA-008,stable-diffusion,train,008-3.png
AIGCIQA2023,aigciqa2023_stable-diffusion_1664,AIGCIQA-016,stable-diffusion,train,016-1.png
AIGCIQA2023,aigciqa2023_stable-diffusion_1617,AIGCIQA-004,stable-diffusion,test,004-2.png
AIGCIQA2023,aigciqa2023_stable-diffusion_1824,AIGCIQA-056,stable-diffusion,train,056-1.png
AIGCIQA2023,aigciqa2023_stable-diffusion_1911,AIGCIQA-077,stable-diffusion,val,077-4.png
AIGCIQA2023,aigciqa2023_stable-diffusion_1673,AIGCIQA-018,stable-diffusion,train,018-2.png
AIGCIQA2023,aigciqa2023_stable-diffusion_1615,AIGCIQA-003,stable-diffusion,test,003-4.png
AIGCIQA2023,aigciqa2023_stable-diffusion_1681,AIGCIQA-020,stable-diffusion,train,020-2.png
AIGCIQA2023,aigciqa2023_stable-diffusion_1862,AIGCIQA-065,stable-diffusion,train,065-3.png
AIGCIQA2023,aigciqa2023_stable-diffusion_1786,AIGCIQA-046,stable-diffusion,train,046-3.png
AIGCIQA2023,aigciqa2023_stable-diffusion_1807,AIGCIQA-051,stable-diffusion,train,051-4.png
AIGCIQA2023,aigciqa2023_stable-diffusion_1926,AIGCIQA-081,stable-diffusion,test,081-3.png
AIGCIQA2023,aigciqa2023_stable-diffusion_1943,AIGCIQA-085,stable-diffusion,train,085-4.png
AIGCIQA2023,aigciqa2023_stable-diffusion_1638,AIGCIQA-009,stable-diffusion,train,009-3.png
AIGCIQA2023,aigciqa2023_stable-diffusion_1629,AIGCIQA-007,stable-diffusion,train,007-2.png
AIGCIQA2023,aigciqa2023_stable-diffusion_1927,AIGCIQA-081,stable-diffusion,test,081-4.png
AIGCIQA2023,aigciqa2023_stable-diffusion_1740,AIGCIQA-035,stable-diffusion,test,035-1.png
AIGCIQA2023,aigciqa2023_stable-diffusion_1822,AIGCIQA-055,stable-diffusion,train,055-3.png
AIGCIQA2023,aigciqa2023_stable-diffusion_1914,AIGCIQA-078,stable-diffusion,train,078-3.png
AIGCIQA2023,aigciqa2023_stable-diffusion_1780,AIGCIQA-045,stable-diffusion,train,045-1.png
AIGCIQA2023,aigciqa2023_stable-diffusion_1621,AIGCIQA-005,stable-diffusion,train,005-2.png
AIGCIQA2023,aigciqa2023_stable-diffusion_1965,AIGCIQA-091,stable-diffusion,train,091-2.png
AIGCIQA2023,aigciqa2023_stable-diffusion_1779,AIGCIQA-044,stable-diffusion,train,044-4.png
AIGCIQA2023,aigciqa2023_stable-diffusion_1827,AIGCIQA-056,stable-diffusion,train,056-4.png
AIGCIQA2023,aigciqa2023_stable-diffusion_1953,AIGCIQA-088,stable-diffusion,val,088-2.png
AIGCIQA2023,aigciqa2023_stable-diffusion_1685,AIGCIQA-021,stable-diffusion,train,021-2.png
AIGCIQA2023,aigciqa2023_stable-diffusion_1818,AIGCIQA-054,stable-diffusion,test,054-3.png
AIGCIQA2023,aigciqa2023_stable-diffusion_1976,AIGCIQA-094,stable-diffusion,test,094-1.png
AIGCIQA2023,aigciqa2023_stable-diffusion_1828,AIGCIQA-057,stable-diffusion,val,057-1.png
AIGCIQA2023,aigciqa2023_stable-diffusion_1756,AIGCIQA-039,stable-diffusion,train,039-1.png
AIGCIQA2023,aigciqa2023_stable-diffusion_1751,AIGCIQA-037,stable-diffusion,train,037-4.png
AIGCIQA2023,aigciqa2023_stable-diffusion_1938,AIGCIQA-084,stable-diffusion,val,084-3.png
AIGCIQA2023,aigciqa2023_stable-diffusion_1767,AIGCIQA-041,stable-diffusion,train,041-4.png
AIGCIQA2023,aigciqa2023_stable-diffusion_1978,AIGCIQA-094,stable-diffusion,test,094-3.png
AIGCIQA2023,aigciqa2023_stable-diffusion_1652,AIGCIQA-013,stable-diffusion,test,013-1.png
AIGCIQA2023,aigciqa2023_stable-diffusion_1764,AIGCIQA-041,stable-diffusion,train,041-1.png
AIGCIQA2023,aigciqa2023_stable-diffusion_1750,AIGCIQA-037,stable-diffusion,train,037-3.png
AIGCIQA2023,aigciqa2023_stable-diffusion_1879,AIGCIQA-069,stable-diffusion,test,069-4.png
AIGCIQA2023,aigciqa2023_stable-diffusion_1692,AIGCIQA-023,stable-diffusion,train,023-1.png
AIGCIQA2023,aigciqa2023_stable-diffusion_1908,AIGCIQA-077,stable-diffusion,val,077-1.png
AIGCIQA2023,aigciqa2023_stable-diffusion_1820,AIGCIQA-055,stable-diffusion,train,055-1.png
AIGCIQA2023,aigciqa2023_stable-diffusion_1640,AIGCIQA-010,stable-diffusion,train,010-1.png
AIGCIQA2023,aigciqa2023_stable-diffusion_1817,AIGCIQA-054,stable-diffusion,test,054-2.png
AIGCIQA2023,aigciqa2023_stable-diffusion_1972,AIGCIQA-093,stable-diffusion,val,093-1.png
AIGCIQA2023,aigciqa2023_stable-diffusion_1642,AIGCIQA-010,stable-diffusion,train,010-3.png
AIGCIQA2023,aigciqa2023_stable-diffusion_1736,AIGCIQA-034,stable-diffusion,train,034-1.png
AIGCIQA2023,aigciqa2023_stable-diffusion_1865,AIGCIQA-066,stable-diffusion,train,066-2.png
AIGCIQA2023,aigciqa2023_stable-diffusion_1995,AIGCIQA-098,stable-diffusion,train,098-4.png
AIGCIQA2023,aigciqa2023_stable-diffusion_1987,AIGCIQA-096,stable-diffusion,train,096-4.png
AIGCIQA2023,aigciqa2023_stable-diffusion_1954,AIGCIQA-088,stable-diffusion,val,088-3.png
AIGCIQA2023,aigciqa2023_stable-diffusion_1854,AIGCIQA-063,stable-diffusion,train,063-3.png
AIGCIQA2023,aigciqa2023_stable-diffusion_1695,AIGCIQA-023,stable-diffusion,train,023-4.png
AIGCIQA2023,aigciqa2023_stable-diffusion_1773,AIGCIQA-043,stable-diffusion,train,043-2.png
AIGCIQA2023,aigciqa2023_stable-diffusion_1797,AIGCIQA-049,stable-diffusion,train,049-2.png
AIGCIQA2023,aigciqa2023_stable-diffusion_1825,AIGCIQA-056,stable-diffusion,train,056-2.png
AIGCIQA2023,aigciqa2023_stable-diffusion_1980,AIGCIQA-095,stable-diffusion,val,095-1.png
AIGCIQA2023,aigciqa2023_stable-diffusion_1804,AIGCIQA-051,stable-diffusion,train,051-1.png
AIGCIQA2023,aigciqa2023_stable-diffusion_1823,AIGCIQA-055,stable-diffusion,train,055-4.png
AIGCIQA2023,aigciqa2023_stable-diffusion_1788,AIGCIQA-047,stable-diffusion,train,047-1.png
AIGCIQA2023,aigciqa2023_stable-diffusion_1663,AIGCIQA-015,stable-diffusion,train,015-4.png
AIGCIQA2023,aigciqa2023_stable-diffusion_1739,AIGCIQA-034,stable-diffusion,train,034-4.png
AIGCIQA2023,aigciqa2023_stable-diffusion_1769,AIGCIQA-042,stable-diffusion,train,042-2.png
AIGCIQA2023,aigciqa2023_stable-diffusion_1935,AIGCIQA-083,stable-diffusion,train,083-4.png
